cluster_id,suggested_canonical,variant,occurrences,in_pricebook,reason,decision,rewrite_recipes,notes
1,Salt,salt,99,no,canonical,merge,yes,
1,Salt,big salt,0,no,container:big,merge,,
2,Garlic,garlic,37,no,canonical,merge,yes,
2,Garlic,garlic clove,55,no,rule:Garlic,merge,,
2,Garlic,freshly garlic,1,no,rule:Garlic,merge,,
3,Spring Onion,spring onion,50,yes,canonical,merge,yes,
3,Spring Onion,green onion,26,no,rule:Spring Onion,merge,,
3,Spring Onion,extra green onion,1,no,rule:Spring Onion,merge,,
3,Spring Onion,green onion stem,1,no,rule:Spring Onion,merge,,
3,Spring Onion,spring onion green,1,no,rule:Spring Onion,merge,,
3,Spring Onion,spring onion stem,1,no,rule:Spring Onion,merge,,
4,Soy Sauce,soy sauce,56,no,canonical,merge,yes,
4,Soy Sauce,light soy sauce,13,no,qualifier?:light,review,,
4,Soy Sauce,dark soy sauce,8,no,qualifier?:dark,review,,
5,Lime,lime,7,yes,canonical,merge,yes,
5,Lime,juice lime,24,no,rule:Lime,merge,,
5,Lime,lime juice,13,no,rule:Lime,merge,,
5,Lime,lime wedge,4,no,rule:Lime,merge,,
5,Lime,zest lime,4,no,rule:Lime,merge,,
5,Lime,freshly squeezed lime juice,1,no,rule:Lime,merge,,
5,Lime,half lime,1,no,rule:Lime,merge,,
5,Lime,juice and zest lime,1,no,rule:Lime,merge,,
5,Lime,lime zest lime,1,no,rule:Lime,merge,,
5,Lime,zest and juice lime,1,no,rule:Lime,merge,,
6,Olive Oil,olive oil,56,no,canonical,merge,yes,
6,Olive Oil,light drizzle olive oil,1,no,qualifier?:light | container:drizzle,review,,
6,Olive Oil,light olive oil,0,no,qualifier?:light,review,,
7,Honey,honey,54,no,canonical,merge,yes,
7,Honey,runny honey,1,no,qualifier:runny,merge,,
8,Coriander,coriander,34,yes,canonical,merge,yes,
8,Coriander,cilantro,9,no,variant,merge,,
8,Coriander,coriander leave,4,no,variant,merge,,
8,Coriander,coriander stalk,1,no,container:stalk,merge,,
9,Greek Yoghurt,greek yoghurt,11,no,canonical,merge,yes,dairy-free sub OK
9,Greek Yoghurt,greek yogurt,13,no,rule:Greek Yoghurt,merge,,
9,Greek Yoghurt,plain greek yogurt,9,no,rule:Greek Yoghurt,merge,,
9,Greek Yoghurt,fat greek yogurt,2,no,rule:Greek Yoghurt,merge,,
9,Greek Yoghurt,thick greek yoghurt,2,no,rule:Greek Yoghurt,merge,,
9,Greek Yoghurt,thick yoghurt,2,no,rule:Greek Yoghurt,merge,,
9,Greek Yoghurt,fat greek yoghurt,1,no,rule:Greek Yoghurt,merge,,
9,Greek Yoghurt,full-fat greek yoghurt,1,no,rule:Greek Yoghurt,merge,,
9,Greek Yoghurt,non fat plain greek yogurt,1,no,rule:Greek Yoghurt,merge,,
9,Greek Yoghurt,nonfat plain greek yogurt,1,no,rule:Greek Yoghurt,merge,,
9,Greek Yoghurt,plain nonfat greek yogurt,1,no,rule:Greek Yoghurt,merge,,
9,Greek Yoghurt,thick greek yogurt,1,no,rule:Greek Yoghurt,merge,,
9,Greek Yoghurt,thick strained yoghurt,1,no,rule:Greek Yoghurt,merge,,
9,Greek Yoghurt,thick yogurt,1,no,rule:Greek Yoghurt,merge,,
9,Greek Yoghurt,strained yoghurt,0,no,rule:Greek Yoghurt,merge,,
10,Lemon,lemon,12,no,canonical,merge,yes,
10,Lemon,juice lemon,16,no,rule:Lemon,merge,,
10,Lemon,lemon juice,9,no,rule:Lemon,merge,,
10,Lemon,lemon zest,2,no,rule:Lemon,merge,,
10,Lemon,juice from lemon,1,no,rule:Lemon,merge,,
10,Lemon,juice half lemon,1,no,rule:Lemon,merge,,
10,Lemon,zest and juice lemon,1,no,rule:Lemon,merge,,
10,Lemon,zest from lemon,1,no,rule:Lemon,merge,,
10,Lemon,zest lemon,1,no,rule:Lemon,merge,,
11,Water,water,40,no,canonical,merge,yes,
11,Water,water thin,1,no,qualifier:thin,merge,,
12,Cinnamon,cinnamon,38,no,canonical,merge,yes,
12,Cinnamon,cinnamon stick,2,no,container:stick,merge,,
13,Ginger,ginger,26,yes,canonical,merge,yes,
13,Ginger,cm ginger,3,no,rule:Ginger,merge,,
13,Ginger,inch piece ginger,3,no,rule:Ginger,merge,,
13,Ginger,cm piece ginger,2,no,rule:Ginger,merge,,
13,Ginger,freshly ginger,1,no,rule:Ginger,merge,,
13,Ginger,ginger root,1,no,rule:Ginger,merge,,
13,Ginger,piece ginger,1,no,rule:Ginger,merge,,
13,Ginger,thumb size knob ginger,1,no,rule:Ginger,merge,,
14,Peanut Butter,peanut butter,25,no,canonical,merge,yes,
14,Peanut Butter,smooth peanut butter,6,no,rule:Peanut Butter,merge,,
14,Peanut Butter,chunky peanut butter,1,no,rule:Peanut Butter,merge,,
14,Peanut Butter,creamy peanut butter,1,no,rule:Peanut Butter,merge,,
14,Peanut Butter,natural peanut butter,1,no,rule:Peanut Butter,merge,,
15,Sugar,sugar,25,no,canonical,merge,yes,
15,Sugar,white sugar,7,no,rule:Sugar,merge,,
16,Cocoa Powder,cocoa powder,24,yes,canonical,merge,yes,
16,Cocoa Powder,additional cocoa powder,2,no,rule:Cocoa Powder,merge,,
16,Cocoa Powder,black cocoa powder,1,no,rule:Cocoa Powder,merge,,
16,Cocoa Powder,dark cocoa powder,1,no,rule:Cocoa Powder,merge,,
16,Cocoa Powder,unsweetened cocoa powder,1,no,rule:Cocoa Powder,merge,,
17,Vegetable Oil,vegetable oil,12,no,canonical,merge,yes,
17,Vegetable Oil,neutral oil,8,no,rule:Vegetable Oil,merge,,
17,Vegetable Oil,oil,5,no,rule:Vegetable Oil,merge,,
17,Vegetable Oil,neutral cooking oil,1,no,rule:Vegetable Oil,merge,,
17,Vegetable Oil,neutral oil frying,1,no,rule:Vegetable Oil,merge,,
17,Vegetable Oil,plain oil,1,no,rule:Vegetable Oil,merge,,
18,Chicken Thigh,chicken thigh,23,no,canonical,merge,yes,
18,Chicken Thigh,chicken thigh fillet,2,no,container:fillet,merge,,
19,Yellow Onion,yellow onion,4,no,canonical,merge,yes,
19,Yellow Onion,onion,16,yes,rule:Yellow Onion,merge,,
19,Yellow Onion,white onion,3,no,rule:Yellow Onion,merge,,
19,Yellow Onion,brown onion,1,no,rule:Yellow Onion,merge,,
20,Milk,milk,17,no,canonical,merge,yes,
20,Milk,milk thin,2,no,qualifier:thin,merge,,
21,Dark Chocolate Chip,dark chocolate chip,14,no,canonical,merge,yes,
21,Dark Chocolate Chip,dark chocolate chip topping,2,no,rule:Dark Chocolate Chip,merge,,
21,Dark Chocolate Chip,dark chocolate chunk,1,no,rule:Dark Chocolate Chip,merge,,
21,Dark Chocolate Chip,mini dark chocolate chip,1,no,rule:Dark Chocolate Chip,merge,,
22,Vanilla,vanilla,18,no,canonical,merge,yes,
22,Vanilla,big vanilla,0,no,container:big,merge,,
23,Coconut Milk,coconut milk,13,no,canonical,merge,yes,
23,Coconut Milk,full fat coconut milk,1,no,rule:Coconut Milk,merge,,
23,Coconut Milk,full-fat coconut milk,1,no,rule:Coconut Milk,merge,,
23,Coconut Milk,light coconut milk,1,no,rule:Coconut Milk,merge,,
23,Coconut Milk,low fat coconut milk,1,no,rule:Coconut Milk,merge,,
24,Rice,rice,12,no,canonical,merge,yes,
24,Rice,leftover rice,3,no,rule:Rice,merge,,
24,Rice,serving rice,1,no,rule:Rice,merge,,
24,Rice,steamed rice,1,no,rule:Rice,merge,,
25,Dark Chocolate,dark chocolate,16,yes,canonical,merge,yes,
25,Dark Chocolate,dairy-free dark chocolate,1,no,rule:Dark Chocolate,merge,,
26,Plain Yoghurt,plain yoghurt,2,no,canonical,merge,yes,
26,Plain Yoghurt,yoghurt,6,no,rule:Plain Yoghurt,merge,,
26,Plain Yoghurt,yogurt,3,no,rule:Plain Yoghurt,merge,,
26,Plain Yoghurt,plain yogurt,2,no,rule:Plain Yoghurt,merge,,
26,Plain Yoghurt,low fat yogurt,1,no,rule:Plain Yoghurt,merge,,
26,Plain Yoghurt,plain full fat yoghurt,1,no,rule:Plain Yoghurt,merge,,
26,Plain Yoghurt,pot yoghurt choice,1,no,rule:Plain Yoghurt,merge,,
26,Plain Yoghurt,yoghurt sour cream,0,no,rule:Plain Yoghurt,merge,,
27,Chicken Stock,chicken stock,6,no,canonical,merge,yes,
27,Chicken Stock,chicken bone broth,3,no,rule:Chicken Stock,merge,,
27,Chicken Stock,chicken stock cube,3,no,rule:Chicken Stock,merge,,
27,Chicken Stock,chicken broth,2,no,rule:Chicken Stock,merge,,
27,Chicken Stock,low sodium chicken stock,1,no,rule:Chicken Stock,merge,,
27,Chicken Stock,or so chicken stock,1,no,rule:Chicken Stock,merge,,
28,Prawn,prawn,7,no,canonical,merge,yes,
28,Prawn,king prawn,2,no,rule:Prawn,merge,,
28,Prawn,and deveined shrimp,1,no,rule:Prawn,merge,,
28,Prawn,jumbo wild caught pink shrimp,1,no,rule:Prawn,merge,,
28,Prawn,prawn tail,1,no,rule:Prawn,merge,,
28,Prawn,shrimp,1,no,rule:Prawn,merge,,
28,Prawn,wild shrimp,1,no,rule:Prawn,merge,,
28,Prawn,prawn shrimp,0,no,rule:Prawn,merge,,
29,Chocolate Chip,chocolate chip,9,no,canonical,merge,yes,
29,Chocolate Chip,chocolate chip topping,1,no,rule:Chocolate Chip,merge,,
29,Chocolate Chip,dairy-free chocolate chip,1,no,rule:Chocolate Chip,merge,,
29,Chocolate Chip,mini chocolate chip,1,no,rule:Chocolate Chip,merge,,
29,Chocolate Chip,mini dairy-free chocolate chip,1,no,rule:Chocolate Chip,merge,,
29,Chocolate Chip,serving chocolate chip,1,no,rule:Chocolate Chip,merge,,
30,Chilli Flakes,chilli flake,8,no,canonical,merge,yes,
30,Chilli Flakes,red pepper flake,2,no,rule:Chilli Flakes,merge,,
30,Chilli Flakes,chili flake,1,no,rule:Chilli Flakes,merge,,
30,Chilli Flakes,korean chilli flake,1,no,rule:Chilli Flakes,merge,,
30,Chilli Flakes,red chilli flake,1,no,rule:Chilli Flakes,merge,,
31,Plain Flour,plain flour,6,no,canonical,merge,yes,
31,Plain Flour,flour,6,no,rule:Plain Flour,merge,,
31,Plain Flour,all purpose flour,1,no,rule:Plain Flour,merge,,
32,Tahini,tahini,9,no,canonical,merge,yes,
32,Tahini,runny tahini,2,no,rule:Tahini,merge,,
32,Tahini,high quality tahini,1,no,rule:Tahini,merge,,
32,Tahini,high tahini,0,no,rule:Tahini,merge,,
33,Peanut,peanut,11,no,canonical,merge,yes,
33,Peanut,extra peanut,1,no,container:extra,merge,,
34,Dijon Mustard,dijon mustard,9,no,canonical,merge,yes,
34,Dijon Mustard,smooth dijon mustard,2,no,rule:Dijon Mustard,merge,,
35,Jalapeño,jalapeno,11,no,canonical,merge,yes,
35,Jalapeño,jalapeno from,0,no,rule:Jalapeño,merge,,
36,Chilli Powder,chilli powder,4,no,canonical,merge,yes,
36,Chilli Powder,chili powder,3,no,rule:Chilli Powder,merge,,
36,Chilli Powder,red chilli powder,2,no,rule:Chilli Powder,merge,,
36,Chilli Powder,mild chilli powder,1,no,qualifier:mild,merge,,
37,Mint,mint,8,no,canonical,merge,yes,
37,Mint,mint leave,2,no,variant,merge,,
37,Mint,mint leaf,0,no,variant,merge,,
38,Cornflour,cornflour,3,no,canonical,merge,yes,
38,Cornflour,corn flour,3,no,rule:Cornflour,merge,,
38,Cornflour,cornstarch,3,no,rule:Cornflour,merge,,
39,Curry Powder,curry powder,8,no,canonical,merge,yes,
39,Curry Powder,mild curry powder,1,no,rule:Curry Powder,merge,,
40,Rice Paper,rice paper,6,no,canonical,merge,yes,
40,Rice Paper,rice paper sheet,3,no,container:sheet,merge,,
41,Rice Noodle,rice noodle,4,no,canonical,merge,yes,
41,Rice Noodle,wide rice stick noodle,2,no,rule:Rice Noodle,merge,,
41,Rice Noodle,thin flat rice noodle,1,no,rule:Rice Noodle,merge,,
41,Rice Noodle,wide rice noodle,1,no,rule:Rice Noodle,merge,,
41,Rice Noodle,flat rice noodle,0,no,rule:Rice Noodle,merge,,
42,Spinach,spinach,7,no,canonical,merge,yes,
42,Spinach,big handful spinach leave,1,no,container:big | container:handful,merge,,
42,Spinach,big spinach leaf,0,no,container:big,merge,,
43,Firm Tofu,firm tofu,4,no,canonical,merge,yes,
43,Firm Tofu,block extra firm tofu,1,no,container:block | container:extra,merge,,
43,Firm Tofu,extra firm tofu,1,no,container:extra,merge,,
43,Firm Tofu,firm block tofu,1,no,container:block,merge,,
44,Basil,basil,4,yes,canonical,merge,yes,
44,Basil,basil leave,2,no,variant,merge,,
44,Basil,big handful basil,1,no,container:big | container:handful,merge,,
45,Tamari,tamari,5,no,canonical,merge,yes,
45,Tamari,low sodium tamari,2,no,qualifier:low | qualifier:sodium,merge,,
46,Mayonnaise,mayonnaise,7,yes,canonical,merge,yes,
47,Thyme,thyme,4,no,canonical,merge,yes,
47,Thyme,thyme leave,2,no,variant,merge,,
47,Thyme,thyme leaf,0,no,variant,merge,,
48,Sweetener,sweetener,4,no,canonical,merge,yes,
48,Sweetener,natural sweetener,2,no,qualifier:natural,merge,,
49,Tomato,tomato,5,no,canonical,merge,yes,
49,Tomato,tomato slice,1,no,container:slice,merge,,
50,Coconut Yoghurt,coconut yoghurt,3,no,canonical,merge,yes,
50,Coconut Yoghurt,coconut yogurt,2,no,rule:Coconut Yoghurt,merge,,
51,Pickled Jalapeño,pickled jalapeno,4,no,canonical,merge,yes,
51,Pickled Jalapeño,jalapeno from jar,1,no,rule:Pickled Jalapeño,merge,,
52,Salmon,salmon,1,no,canonical,merge,yes,
52,Salmon,salmon fillet,4,no,container:fillet,merge,,
53,Brown Rice,brown rice,2,no,canonical,merge,yes,
53,Brown Rice,brown precooked rice,1,no,rule:Brown Rice,merge,,
53,Brown Rice,precooked brown rice,1,no,rule:Brown Rice,merge,,
54,Butter,butter,3,no,canonical,merge,yes,
54,Butter,room temperature butter,1,no,rule:Butter,merge,,
54,Butter,unsalted butter,0,no,rule:Butter,merge,,
55,Lemongras,lemongras,3,no,canonical,merge,yes,
55,Lemongras,lemongras stalk,1,no,container:stalk,merge,,
56,Peach,peach,3,no,canonical,merge,yes,
56,Peach,peach slice,1,no,container:slice,merge,,
57,Thai Basil,thai basil,1,no,canonical,merge,yes,
57,Thai Basil,thai basil leave,3,no,variant,merge,,
58,Light Mayonnaise,light mayonnaise,4,no,canonical,merge,yes,
59,Celery,celery,1,no,canonical,merge,yes,
59,Celery,celery stalk,1,no,container:stalk,merge,,
59,Celery,stalk celery,1,no,container:stalk,merge,,
60,Lettuce,lettuce,2,no,canonical,merge,yes,
60,Lettuce,lettuce leave,1,no,variant,merge,,
60,Lettuce,lettuce leaf,0,no,variant,merge,,
61,Light Cream Cheese,light cream cheese,1,no,canonical,merge,yes,
61,Light Cream Cheese,low-fat cream cheese,1,no,rule:Light Cream Cheese,merge,,
61,Light Cream Cheese,reduced fat cream cheese,1,no,rule:Light Cream Cheese,merge,,
62,Ginger And Garlic Paste,ginger and garlic paste,2,no,canonical,merge,yes,
62,Ginger And Garlic Paste,garlic and ginger paste,1,no,variant,merge,,
63,Nori,nori,2,no,canonical,merge,yes,
63,Nori,nori sheet,1,no,container:sheet,merge,,
64,Nut Butter,nut butter,2,no,canonical,merge,yes,
64,Nut Butter,runny nut butter,1,no,qualifier:runny,merge,,
65,Self-Raising Flour,self rising flour,2,no,canonical,merge,yes,
65,Self-Raising Flour,self raising flour,1,no,rule:Self-Raising Flour,merge,,
66,White Rice,white rice,3,no,canonical,merge,yes,
67,Pickled Jalapeño Brine,brine from jalapeno jar,1,no,canonical,merge,yes,
67,Pickled Jalapeño Brine,jalapeno brine,1,no,rule:Pickled Jalapeño Brine,merge,,
67,Pickled Jalapeño Brine,brine from jalapeno,0,no,rule:Pickled Jalapeño Brine,merge,,
68,Chocolate Vegan Protein Powder,chocolate vegan protein powder,1,no,canonical,merge,yes,
68,Chocolate Vegan Protein Powder,vegan chocolate protein powder,1,no,variant,merge,,
69,Cod,cod,0,no,canonical,merge,yes,
69,Cod,cod fillet,2,no,container:fillet,merge,,
70,Espresso Shot,espresso shot,1,no,canonical,merge,yes,
70,Espresso Shot,shot espresso,1,no,variant,merge,,
71,Ginger Garlic Paste,ginger garlic paste,1,no,canonical,merge,yes,
71,Ginger Garlic Paste,garlic ginger paste,1,no,variant,merge,,
72,Mushroom,mushroom,1,yes,canonical,merge,yes,
72,Mushroom,punnet mushroom,1,no,container:punnet,merge,,
73,Orange,juice orange and zest,1,no,canonical,merge,yes,
73,Orange,zest orange,1,no,rule:Orange,merge,,
74,Rice Vermicelli Noodle,rice vermicelli noodle,1,no,canonical,merge,yes,
74,Rice Vermicelli Noodle,vermicelli rice noodle,1,no,variant,merge,,
75,Sour Cream,sour cream,1,no,canonical,merge,yes,
75,Sour Cream,light sour cream,1,no,qualifier?:light,review,,
76,Soya Yoghurt,plain soya yoghurt,2,no,canonical,merge,no,
76,Soya Yoghurt,soya yogurt,0,yes,rule:Soya Yoghurt,merge,,
77,Virgin Olive Oil,extra virgin olive oil,2,no,canonical,merge,yes,
78,White Cabbage,cabbage,2,no,canonical,merge,yes,
79,Coconut Sugar Dusting,coconut sugar dusting,0,no,canonical,merge,yes,
79,Coconut Sugar Dusting,extra coconut sugar dusting,1,no,container:extra,merge,,
80,Curly Kale,curly kale,0,no,canonical,merge,yes,
80,Curly Kale,handful curly kale,1,no,container:handful,merge,,
81,Gem Lettuce,gem lettuce,1,no,canonical,merge,yes,
81,Gem Lettuce,little gem lettuce,0,no,container:little,merge,,
82,Milk Pouring Over,milk pouring over,0,no,canonical,merge,yes,
82,Milk Pouring Over,extra milk pouring over,1,no,container:extra,merge,,
83,Smoked Firm Tofu,smoked firm tofu,0,no,canonical,merge,yes,
83,Smoked Firm Tofu,block smoked firm tofu,1,no,container:block,merge,,
84,Canned Tuna,light canned tuna,1,no,canonical,merge,yes,
85,Fat Mexican Blend Cheese,reduced fat mexican blend cheese,1,no,canonical,merge,yes,
86,Flora,flora salted,1,no,canonical,merge,yes,
87,Lightly,lightly salted,1,no,canonical,merge,yes,
88,Mini Chicken Breast,mini chicken breast fillet,1,no,canonical,merge,yes,
89,Pbfit Powder Mixed With Water Form Paste,pbfit powder mixed with little water form paste,1,no,canonical,merge,yes,
90,Seaweed,seaweed thin,1,no,canonical,merge,yes,
91,Soy,dark soy,1,no,canonical,merge,yes,
92,Les Than Nutmeg,little les than nutmeg,0,no,canonical,merge,yes,
