,category,product,product change,variant,variant change,occurrences,in_pricebook,Notes
Bakery,,,,,,,,
,Bakery,Bread,Bread,Bread,,1,no,
,Bakery,Bread Choice,Bread,Bread Choice,Bread,1,no,
,Bakery,Chocolate Rice Cake,Rice Cake,Chocolate Rice Cake,,1,no,
,Bakery,Crusty Bread,Bread,Crusty Bread,,2,no,
,Bakery,Gf Bread,Bread,Gf Bread,Gluten-free bread,1,no,
,Bakery,Gf Wrap,Wrap,Gf Wrap,Gluten-free wrap,1,no,
,Bakery,Low-carb Tortilla,Tortilla,Low-carb Tortilla,,0,no,
,Bakery,Rice Cake,,Rice Cake,,4,no,
,Bakery,Rice Paper,,Rice Paper,Rice Paper,6,no,
,Bakery,Rice Paper,,Rice Paper Sheet,Rice Paper,3,no,
,Bakery,Rice Paper Roll,,Rice Paper Roll,Rice Paper,1,no,
,Bakery,Soft Roll,Bread,Soft Roll,White roll,1,no,
,Bakery,Sourdough,Bread,Sourdough,,1,no,
,Bakery,Tortilla,,Tortilla,,0,no,
,Bakery,White Bread,Bread,White Bread,,1,no,
,Bakery,Wholemeal Pita,Pitta,Wholemeal Pita,,1,no,
,Bakery,Wholemeal Pita Bread,Pitta,Wholemeal Pita Bread,Wholemeal Pita,1,no,
,Bakery,Flatbread,Bread,Flatbread,,0,no,
,Bakery,Low-carb Tortillas,Tortilla,Low-carb Tortillas,Low-carb tortilla,1,no,
,Bakery,Soft Pitta,Pitta,Soft Pitta,White pitta,1,no,
,Bakery,Tortillas,Tortilla,Tortillas,Tortilla,1,no,
,Bakery,Warm Flatbread,Bread,Warm Flatbread,Flatbread,1,no,
,Bakery,Warm Tortillas,Tortilla,Warm Tortillas,Tortilla,1,no,
,Bakery,Granary Breadcrumb,Breadcrumbs,Granary Breadcrumb,,1,no,
Beverages,,,,,,,,
,Beverages,Baking Soda,,Baking Soda,,26,no,
,Beverages,Bicarb Soda,Baking Soda,Bicarb Soda,Baking Soda,3,no,
,Beverages,Bicarbonate Soda,Baking Soda,Bicarbonate Soda,Baking Soda,1,no,
,Beverages,Boiling Water,Water,Boiling Water,,5,no,
,Beverages,Chilled Espresso,Espresso,Chilled Espresso,Chilled espresso,0,no,
,Beverages,Chinese Cooking Wine,Wine,Chinese Cooking Wine,,2,no,
,Beverages,Coffee,Coffee,Coffee,,2,no,
,Beverages,Cold Water,Water,Cold Water,,3,no,
,Beverages,Espresso,Coffee,Espresso,,0,no,
,Beverages,Espresso Shot,Coffee,Espresso Shot,,1,no,
,Beverages,Espresso Shot,Coffee,Shot Espresso,,1,no,
,Beverages,Instant Coffee Dissolved In Hot Water,Coffee,Instant Coffee Dissolved In Hot Water,,1,no,
,Beverages,Instant Coffee Dissolved In Water,Coffee,Instant Coffee Dissolved In Water,,0,no,
,Beverages,Juice,,Juice,,4,no,
,Beverages,Shot Chilled Espresso,Coffee,Shot Chilled Espresso,Chilled espresso,1,no,
,Beverages,Warm Water,Water,Warm Water,,1,no,
,Beverages,Water,Water,Water,Water,40,no,
,Beverages,Water,,Water Thin,Water,1,no,
,Beverages,White Wine,Wine,White Wine,,2,no,
,Beverages,Matcha Powder,,Matcha Powder,,1,no,
Vegetables,,,,,,,,
,Vegetables,Butternut Squash,,Butternut Squash,,2,yes,
,Vegetables,Oyster Mushroom,Mushroom,Oyster Mushroom,,1,no,
,Vegetables,Asian Green,Salad,Asian Green,,1,no,
,Vegetables,Beansprout,Sprouts,Beansprout,,1,yes,
,Vegetables,Bird Eye Chilly,Chillies,Bird Eye Chilly,Bird Eye Chilli,1,no,
,Vegetables,Bird Eye Red Chily,,Bird Eye Red Chily,Bird Eye Chilli,1,no,
,Vegetables,Broccolini,Broccoli,Broccolini,,2,no,
,Vegetables,Gherkin,Cucumber,Gherkin,,1,no,
,Vegetables,Jalapeño,,Jalapeno,Jalapeño,11,no,
,Vegetables,Jalapeño,,Jalapeno From,,0,no,Could be referring to jalapeño from jar?
,Vegetables,Mangetout,Peas,Mangetout,,1,no,
,Vegetables,Normal Sweet Potatoes,Potatoes,Normal Sweet Potatoes,Sweet Potatoes,1,no,
,Vegetables,Olive,,Olive,,3,no,
,Vegetables,Pak Choy,,Pak Choy,,1,no,
,Vegetables,Pink Radishe,Radish,Pink Radishe,Pink Radish,1,no,
,Vegetables,Potatoes,Potatoes,Potatoes,Brown Potatoes,2,no,
,Vegetables,Radish,,Radish,,2,no,
,Vegetables,Red chille,Chillies,Red chille,Red chilli,1,no,
,Vegetables,Salad Tomatoes,Tomatoes,Salad Tomatoes,,2,no,
,Vegetables,Sichuan,Chillies,Sichuan,,1,no,
,Vegetables,Side Salad,Salad,Side Salad,,1,no,
,Vegetables,Sweet Potatoes,Potatoes,Sweet Potatoes,,3,no,
,Vegetables,Thai Bird Eye Chilly,Chillies,Thai Bird Eye Chilly,Thai Bird Eye Chilli,1,no,
,Vegetables,Thai Chilly,Chillies,Thai Chilly,Thai Chillie,2,no,
,Vegetables,Tomatoes,,Tomatoes,,6,no,
,Vegetables,Vine Tomatoes,Tomatoes,Vine Tomatoes,,1,no,
,Vegetables,Watercres,Salad,Watercres,Watercress,1,no,
,Vegetables,Bean Sprout,,Bean Sprout,,6,no,
,Vegetables,Cauliflower Rice,Cauliflower,Cauliflower Rice,,1,no,?? Logical category
,Vegetables,Green Bean,,Green Bean,,2,no,
,Vegetables,Sugar Snap Pea,Peas,Sugar Snap Pea,Sugar Snap Peas,0,no,
,Vegetables,Sugar Snap Peas,Peas,Sugar Snap Peas,,1,no,
Canned & Jarred,,,,,,,,
,Canned & Jarred,Pickle Juice,Pickles,Pickle Juice,,3,no,
,Canned & Jarred,Water Chestnut,,Water Chestnut,,1,no,
,Canned & Jarred,Canned Jalapeno,Pickles,Canned Jalapeno,Pickled jalapeno,1,no,
,Canned & Jarred,Canned Pumpkin Puree,Puree,Canned Pumpkin Puree,,1,no,
,Canned & Jarred,Canned Tuna,Tinned tuna,Light Canned Tuna,Tinned tuna,1,no,
,Canned & Jarred,Coconut Cream,,Coconut Cream,,4,no,
,Canned & Jarred,Coconut Milk,,Coconut Milk,,13,no,
,Canned & Jarred,Coconut Milk,,Full Fat Coconut Milk,Full-fat coconut milk,1,no,
,Canned & Jarred,Coconut Milk,,Full-fat Coconut Milk,,1,no,
,Canned & Jarred,Coconut Milk,,Light Coconut Milk,Low-fat coconut milk,1,no,
,Canned & Jarred,Coconut Milk,,Low Fat Coconut Milk,,1,no,
,Canned & Jarred,Passata,Puree,Passata,Tomato Passata,1,no,
,Canned & Jarred,Tomato Passata,,Tomato Passata,,1,no,
,Canned & Jarred,Pickled Jalapeño Brine,Pickles,Brine From Jalapeno Jar,Pickled Jalapeño Brine,1,no,
,Canned & Jarred,Pickled Jalapeño Brine,Pickles,Jalapeno Brine,Pickled Jalapeño Brine,1,no,
,Canned & Jarred,Pickled Jalapeño Brine,Pickles,Brine From Jalapeno,Pickled Jalapeño Brine,0,no,
,Canned & Jarred,Bamboo Shoot,,Bamboo Shoot,,1,no,
,Canned & Jarred,Chickpeas,,Chickpeas,,3,no,
,Canned & Jarred,Heart Palm,,Heart Palm,,1,no,
,Canned & Jarred,Kimchi,,Kimchi,,1,no,
,Canned & Jarred,Pickled Jalapeño,Pickles,Pickled Jalapeno,Pickled Jalapeño,4,no,
,Canned & Jarred,Pickled Jalapeño,Pickles,Jalapeno From Jar,Pickled Jalapeño,1,no,
,Canned & Jarred,Sun Tomatoes,Sun-dried Tomatoes,Sun Tomatoes,Sun-dried Tomatoes,1,no,
,Canned & Jarred,Sun-dried Tomatoes,Sun-dried Tomatoes,Sun-dried Tomatoes,Sun-dried Tomatoes,1,no,
,Canned & Jarred,Sundried Tomatoes In Oil,Sun-dried Tomatoes,Sundried Tomatoes In Oil,Sun-dried Tomatoes,1,no,
,Canned & Jarred,Black Bean,,Black Bean,,2,no,
,Canned & Jarred,Chickpea,,Chickpea,,0,no,Context? Could be canned & jarred or could be chickpea flour
,Canned & Jarred,Dill Pickle,Pickles,Dill Pickle,,2,no,
,Canned & Jarred,Pickled Chilli,Pickles,Pickled Chilli,,1,no,
,Canned & Jarred,Pickled Ginger,Pickles,Pickled Ginger,,1,no,
,Canned & Jarred,Pickled Onion,Pickles,Pickled Onion,,1,no,
,Canned & Jarred,Pickled Onion And Lime,Pickles,Pickled Onion And Lime,,1,no,“Lime” = separate product under produce
,Canned & Jarred,Pickled Red Onion,Pickles,Pickled Red Onion,,1,no,
,Canned & Jarred,Sun Tomato,Sundried tomatoes,Sun Tomato,Sundried tomatoes,0,no,
,Canned & Jarred,Sun-dried Tomato Paste,Sundried tomatoes,Sun-dried Tomato Paste,Sundried tomato paste,1,no,
,Canned & Jarred,Sundried Tomato,Sundried tomatoes,Sundried Tomato,Sundried tomatoes,0,no,
,Canned & Jarred,Sundried Tomato In Oil,Sundried tomatoes,Sundried Tomato In Oil,Sundried tomatoes in oil,0,no,
,Canned & Jarred,Sundried Tomato Pur E,Sundried tomatoes,Sundried Tomato Pur E,Sundried tomatoes,1,no,“Pur E” = “Puree” = preparation method
,Canned & Jarred,Sundried Tomato Puree,Sundried tomatoes,Sundried Tomato Puree,Sundried tomatoes,0,no,“puree” = preparation method
,Canned & Jarred,Sweetcorn,,Sweetcorn,,4,no,
,Canned & Jarred,Tomato Paste,Tomatoes,Tomato Paste,,5,no,
,Canned & Jarred,Tomato Pur E,Tomatoes,Tomato Pur E,Tomato puree,1,no,
,Canned & Jarred,Tomato Puree,Tomatoes,Tomato Puree,Tomato puree,1,no,
Condiments & Sauces,,,,,,,,
,Condiments & Sauces,Adobo Sauce,,Adobo Sauce,,1,no,
,Condiments & Sauces,Apple Cider Vinegar,Vinegar,Apple Cider Vinegar,,6,no,
,Condiments & Sauces,Apple Sauce,,Apple Sauce,,2,no,
,Condiments & Sauces,Avocado Oil,Oil,Avocado Oil,,8,no,
,Condiments & Sauces,Avocado Oil Coating,Oil,Avocado Oil Coating,Avocado Oil,1,no,
,Condiments & Sauces,Black Vinegar,Vinegar,Black Vinegar,,1,no,
,Condiments & Sauces,Chili Garlic Sauce,,Chili Garlic Sauce,,1,no,
,Condiments & Sauces,Chilli Flake And Crispy Chilli Oil,Oil,Chilli Flake And Crispy Chilli Oil,Crispy chilli oil,1,no,
,Condiments & Sauces,Chilli Oil,Oil,Chilli Oil,,8,no,
,Condiments & Sauces,Chilli Sauce,,Chilli Sauce,,0,yes,
,Condiments & Sauces,Chipotle Pepper In Adobo Sauce,,Chipotle Pepper In Adobo Sauce,,1,no,
,Condiments & Sauces,Chipotle Taco Seasoning Tomato Sauce,,Chipotle Taco Seasoning Tomato Sauce,,1,no,
,Condiments & Sauces,Chocolate Chip With Coconut Oil,,Chocolate Chip With Coconut Oil,,1,no,
,Condiments & Sauces,Coconut Aminos,,Coconut Aminos,,8,no,
,Condiments & Sauces,Coconut Oil,Oil,Coconut Oil,,30,no,
,Condiments & Sauces,Crispy Chilli Oil,Oil,Crispy Chilli Oil,,1,no,
,Condiments & Sauces,Dairy-free Chocolate Chip Coconut Oil,,Dairy-free Chocolate Chip Coconut Oil,,1,no,
,Condiments & Sauces,Dark Soy Sauce,Soy sauce,Dark Soy Sauce,,8,no,
,Condiments & Sauces,Dijon Mustard,Mustard,Dijon Mustard,,9,no,
,Condiments & Sauces,Dijon Mustard,Mustard,Smooth Dijon Mustard,Dijon Mustard,2,no,
,Condiments & Sauces,Enchilada Sauce,,Enchilada Sauce,,1,no,
,Condiments & Sauces,Gf Oyster Sauce,Oyster sauce,Gf Oyster Sauce,gluten-free oyster sauce,1,no,
,Condiments & Sauces,Gf Soy Sauce,Soy sauce,Gf Soy Sauce,gluten-free soy sauce,1,no,
,Condiments & Sauces,Ginger Dressing,,Ginger Dressing,,1,no,
,Condiments & Sauces,Gluten Free Hoisin Sauce,Hoisin sauce,Gluten Free Hoisin Sauce,gluten-free hoisin sauce,1,no,
,Condiments & Sauces,Gluten Free Soy Sauce,Soy sauce,Gluten Free Soy Sauce,gluten-free soy sauce,1,no,
,Condiments & Sauces,Gluten Hoisin Sauce,Hoisin sauce,Gluten Hoisin Sauce,gluten-free hoisin sauce,0,no,
,Condiments & Sauces,Gluten Soy Sauce,Soy sauce,Gluten Soy Sauce,gluten-free soy sauce,0,no,
,Condiments & Sauces,Gluten-free Hoisin Sauce,Hoisin sauce,Gluten-free Hoisin Sauce,gluten-free hoisin sauce,1,no,
,Condiments & Sauces,Gluten-free Oyster Sauce,Oyster sauce,Gluten-free Oyster Sauce,gluten-free oyster sauce,1,no,
,Condiments & Sauces,Gluten-free Soy Sauce,Soy sauce,Gluten-free Soy Sauce,gluten-free soy sauce,2,no,
,Condiments & Sauces,Gochugaru,,Gochugaru,,4,no,
,Condiments & Sauces,Gochugaru Flake,Gochugaru,Gochugaru Flake,,1,no,
,Condiments & Sauces,Gochujang,Gochujang Paste,Gochujang,Gochujang Paste,3,no,
,Condiments & Sauces,Gochujang Paste,,Gochujang Paste,,2,no,
,Condiments & Sauces,Green Pesto,Pesto,Green Pesto,Basil pesto,2,no,
,Condiments & Sauces,Harissa,,Harissa,,2,no,
,Condiments & Sauces,Hoisin,Hoisin sauce,Hoisin,Hoisin sauce,1,no,
,Condiments & Sauces,Hoisin Sauce,Hoisin sauce,Hoisin Sauce,Hoisin sauce,3,no,
,Condiments & Sauces,Homemade Chilli Oil,Oil,Homemade Chilli Oil,Chilli oil\,1,no,
,Condiments & Sauces,Hot Sauce,,Hot Sauce,,2,no,
,Condiments & Sauces,Ketchup,,Ketchup,,0,yes,
,Condiments & Sauces,Kewpie Mayonnaise,Mayonnaise,Kewpie Mayonnaise,,3,no,
,Condiments & Sauces,Light Mayonnaise,Mayonnaise,Light Mayonnaise,,4,no,
,Condiments & Sauces,Light Soy Sauce,Soy sauce,Light Soy Sauce,,13,no,
,Condiments & Sauces,Low-sugar Tomato Ketchup,Ketchup,Low-sugar Tomato Ketchup,,1,no,
,Condiments & Sauces,Malt Vinegar,Vinegar,Malt Vinegar,,1,no,
,Condiments & Sauces,Mango Chutney,Chutney,Mango Chutney,,2,no,
,Condiments & Sauces,Mayonnaise,,Mayonnaise,,7,yes,
,Condiments & Sauces,Mirin,,Mirin,,3,no,
,Condiments & Sauces,Miso Paste,,Miso Paste,,5,no,
,Condiments & Sauces,Miso Soup,,Miso Soup,,1,no,
,Condiments & Sauces,Nando Garlic Sauce,,Nando Garlic Sauce,,1,no,
,Condiments & Sauces,Olive Oil,Oil,Olive Oil,,56,no,
,Condiments & Sauces,Olive Oil,Oil,Extra Virgin Olive Oil,,2,no,
,Condiments & Sauces,Olive Oil,Oil,Light Drizzle Olive Oil,Olive oil,1,no,
,Condiments & Sauces,Olive Oil,Oil,Light Olive Oil,Olive oil,0,no,
,Condiments & Sauces,Oyster Sauce,,Oyster Sauce,,9,no,
,Condiments & Sauces,Peri Peri Sauce,,Peri Peri Sauce,,1,no,
,Condiments & Sauces,Pesto,Pesto,Pesto,Basil pesto,0,yes,
,Condiments & Sauces,Plant-based Mayonnaise,Mayonnaise,Plant-based Mayonnaise,,1,no,
,Condiments & Sauces,Red Enchilada Sauce,,Red Enchilada Sauce,,1,no,
,Condiments & Sauces,Red Wine Vinegar,Vinegar,Red Wine Vinegar,,3,no,
,Condiments & Sauces,Refined Coconut Oil,Oil,Refined Coconut Oil,Coconut oil,1,no,
,Condiments & Sauces,Relish,,Relish,,1,no,
,Condiments & Sauces,Rice Vinegar,Vinegar,Rice Vinegar,,26,no,
,Condiments & Sauces,Rice Wine Vinegar,Vinegar,Rice Wine Vinegar,Rice vinegar,7,no,
,Condiments & Sauces,Salt And Sriracha,,Salt And Sriracha,,1,no,
,Condiments & Sauces,Sesame Oil,Oil,Sesame Oil,,36,no,
,Condiments & Sauces,Soy,Soy sauce,Dark Soy,Dark soy sauce,1,no,
,Condiments & Sauces,Soy Protein,,Soy Protein,,1,no,
,Condiments & Sauces,Soy Sauce,,Soy Sauce,,56,no,
,Condiments & Sauces,Soy Sauce,,Reduced-sodium Soy Sauce,,1,no,
,Condiments & Sauces,Soy Sauce Rice Vinegar Season,,Soy Sauce Rice Vinegar Season,,1,no,
,Condiments & Sauces,Soy Skyr,,Soy Skyr,,1,no,
,Condiments & Sauces,Sriracha,,Sriracha,,20,yes,
,Condiments & Sauces,Sriracha Kewpie Mayonnaise,,Sriracha Kewpie Mayonnaise,,1,no,
,Condiments & Sauces,Sriracha Mayonnaise,,Sriracha Mayonnaise,,1,no,
,Condiments & Sauces,Sugar-free Ketchup,Ketchup ,Sugar-free Ketchup,,1,no,
,Condiments & Sauces,Sweet Chilli Sauce,,Sweet Chilli Sauce,,3,no,
,Condiments & Sauces,Tahini,,Tahini,,9,no,
,Condiments & Sauces,Tahini,,Runny Tahini,Tahini,2,no,
,Condiments & Sauces,Tahini,,High Quality Tahini,Tahini,1,no,
,Condiments & Sauces,Tahini,,High Tahini,Tahini,0,no,
,Condiments & Sauces,Tamari,,Tamari,,5,no,
,Condiments & Sauces,Tamari,,Low Sodium Tamari,Low-sodium tamari,2,no,
,Condiments & Sauces,Teriyaki Sauce,,Teriyaki Sauce,,1,no,
,Condiments & Sauces,Thai Chilli Oil,Oil,Thai Chilli Oil,Chilli oil,1,no,
,Condiments & Sauces,Tomato Garlic Pasta Sauce,,Tomato Garlic Pasta Sauce,,1,no,
,Condiments & Sauces,Tomato Sauce,Ketchup,Tomato Sauce,Ketchup,1,no,
,Condiments & Sauces,Unsweetened Apple Sauce,Applesauce ,Unsweetened Apple Sauce,,1,no,
,Condiments & Sauces,Vegan Mayonnaise,Mayonnaise,Vegan Mayonnaise,,1,no,
,Condiments & Sauces,Vegetable Oil,Oil,Vegetable Oil,,12,no,
,Condiments & Sauces,Vegetable Oil,Oil,Vegetable Oil,,8,no,
,Condiments & Sauces,Vegetable Oil,Oil,Vegetable Oil,,5,no,
,Condiments & Sauces,Vegetable Oil,Oil,Vegetable Oil,,1,no,
,Condiments & Sauces,Vegetable Oil,Oil,Vegetable Oil,,1,no,
,Condiments & Sauces,Vegetable Oil,Oil,Vegetable Oil,,1,no,
,Condiments & Sauces,Vinegar,,Vinegar,,1,no,
,Condiments & Sauces,White Miso,Miso,White Miso,White Miso Paste,3,no,
,Condiments & Sauces,White Miso Paste,Miso,White Miso Paste,,3,no,
,Condiments & Sauces,White Wine Vinegar,Vinegar,White Wine Vinegar,,2,no,
,Condiments & Sauces,Worcestershire Sauce,,Worcestershire Sauce,,1,no,
,Condiments & Sauces,Almond Butter,,Almond Butter,,10,no,
,Condiments & Sauces,Cashew Butter,Nut butter,Cashew Butter,,4,no,
,Condiments & Sauces,Hazelnut Butter,Nut butter,Hazelnut Butter,,1,no,
,Condiments & Sauces,Nut Butter,Nut butter,Nut Butter,Nut butter,2,no,
,Condiments & Sauces,Nut Butter,,Runny Nut Butter,Nut butter,1,no,
,Condiments & Sauces,Nut Butter Choice,Nut Butter,Nut Butter Choice,Nut butter,1,no,
,Condiments & Sauces,Peanut Butter,Nut butter,Peanut Butter,,25,no,
,Condiments & Sauces,Peanut Butter,Nut butter,Smooth Peanut Butter,,6,no,
,Condiments & Sauces,Peanut Butter,Nut butter,Chunky Peanut Butter,,1,no,
,Condiments & Sauces,Peanut Butter,Nut butter,Creamy Peanut Butter,Smooth Peanut Butter,1,no,
,Condiments & Sauces,Peanut Butter,Nut butter,Natural Peanut Butter,Smooth Peanut Butter,1,no,
,Condiments & Sauces,Agave,Agave Syrup,Agave,Agave Syrup,1,no,
,Condiments & Sauces,Agave Syrup,,Agave Syrup,,1,no,
,Condiments & Sauces,Applesauce,,Applesauce,,2,no,
,Condiments & Sauces,Biscoff,,Biscoff,,1,no,
,Condiments & Sauces,Chili Crunch,,Chili Crunch,,2,no,
,Condiments & Sauces,Dashe Tabasco,Tabasco,Dashe Tabasco,Tabasco,1,no,
,Condiments & Sauces,Ponzu,,Ponzu,,1,no,
,Condiments & Sauces,Sunbutter,,Sunbutter,,1,no,
,Condiments & Sauces,Tabasco,Tabasco,Tabasco,Tabasco,0,no,
,Condiments & Sauces,Thai Red Curry Paste,,Thai Red Curry Paste,,6,no,
,Condiments & Sauces,Unsweetened Applesauce,Applesauce ,Unsweetened Applesauce,,1,no,
,Condiments & Sauces,Wasabi Paste,,Wasabi Paste,,1,no,
,Condiments & Sauces,Coconut Amino,Coconut Aminos,Coconut Amino,Coconut Aminos,0,no,
,Condiments & Sauces,Honey,,Honey,,54,no,
,Condiments & Sauces,Peanut Oil,,Peanut Oil,,1,no,
,Condiments & Sauces,Tamarind Paste,,Tamarind Paste,,3,no,
,Condiments & Sauces,Tamarind Pur E,Tamarind Paste,Tamarind Pur E,Tamarind Paste,1,no,
,Condiments & Sauces,Tamarind Puree,Tamarind Paste,Tamarind Puree,Tamarind Paste,0,no,
,Condiments & Sauces,Garlic Chilli Crunch,,Garlic Chilli Crunch,,1,no,
,Condiments & Sauces,Peach Jam,,Peach Jam,,1,no,
,Condiments & Sauces,Chili Crisp,Oil,Chili Crisp,Chilli crisp,3,no,
,Condiments & Sauces,Chilli Crisp,Oil,Chilli Crisp,,6,no,
Dairy & Eggs / Alt,,,,,,,,
,Dairy & Eggs / Alt,Almond Milk,Milk,Almond Milk,,6,no,
,Dairy & Eggs / Alt,Alpro High-protein Soya Milk,Milk,Alpro High-protein Soya Milk,,2,no,
,Dairy & Eggs / Alt,Boiled Egg,Egg,Boiled Egg,,1,no,
,Dairy & Eggs / Alt,Butter,,Butter,,3,no,
,Dairy & Eggs / Alt,Butter,,Room Temperature Butter,Butter,1,no,Room temperature = preparation method
,Dairy & Eggs / Alt,Butter,,Unsalted Butter,,0,no,
,Dairy & Eggs / Alt,Butter Coffee Protein Powder,,Butter Coffee Protein Powder,,1,no,"3 distinct ingredients/ products: 
Butter
Beverage - Coffee
Pantry / Dry Goods - Protein Powder"
,Dairy & Eggs / Alt,Cheddar Cheese,Cheese,Cheddar Cheese,,1,no,
,Dairy & Eggs / Alt,Cheese,,Cheese,,1,no,
,Dairy & Eggs / Alt,Coconut Yoghurt,Yoghurt,Coconut Yoghurt,,3,no,
,Dairy & Eggs / Alt,Coconut Yoghurt,Yoghurt,Coconut Yogurt,Coconut Yoghurt,2,no,
,Dairy & Eggs / Alt,Cotija Cheese Crumble,Cheese,Cotija Cheese Crumble,,1,no,
,Dairy & Eggs / Alt,Cottage Cheese,Cheese,Cottage Cheese,,2,no,
,Dairy & Eggs / Alt,Cream,,Cream,,2,no,
,Dairy & Eggs / Alt,Cream Cheese,Cheese,Cream Cheese,,1,no,
,Dairy & Eggs / Alt,Dairy Free Milk Choice,Milk,Dairy Free Milk Choice,,1,no,
,Dairy & Eggs / Alt,Dairy Milk Choice,Milk,Dairy Milk Choice,Dairy Free Milk Choice,0,no,
,Dairy & Eggs / Alt,Dairy-free Yoghurt,Yoghurt,Dairy-free Yoghurt,,1,no,
,Dairy & Eggs / Alt,Egg,,Egg,,57,yes,
,Dairy & Eggs / Alt,Egg Egg Yolk,Egg,Egg Egg Yolk,Egg yolk,1,no,
,Dairy & Eggs / Alt,Egg Mayonnaise,Mayonnaise,Egg Mayonnaise,Mayonnaise,1,no,
,Dairy & Eggs / Alt,Egg Noodle,Noodle,Egg Noodle,,1,no,
,Dairy & Eggs / Alt,Egg White,Egg,Egg White,Liquid Egg White,4,yes,
,Dairy & Eggs / Alt,Egg White Powder,Egg,Egg White Powder,,1,no,
,Dairy & Eggs / Alt,Fat Mexican Blend Cheese,Cheese,Reduced Fat Mexican Blend Cheese,,1,no,
,Dairy & Eggs / Alt,Feta,Cheese,Feta,,5,no,
,Dairy & Eggs / Alt,Feta Cheese,Cheese,Feta Cheese,Feta,2,no,
,Dairy & Eggs / Alt,Greek Yoghurt,Yoghurt,Greek Yogurt,Greek Yoghurt,13,no,
,Dairy & Eggs / Alt,Greek Yoghurt,Yoghurt,Greek Yoghurt,,11,no,
,Dairy & Eggs / Alt,Greek Yoghurt,Yoghurt,Plain Greek Yoghurt,Greek Yoghurt,9,no,
,Dairy & Eggs / Alt,Greek Yoghurt,Yoghurt,Fat Greek Yoghurt,,2,no,
,Dairy & Eggs / Alt,Greek Yoghurt,Yoghurt,Thick Greek Yoghurt,Greek Yoghurt,2,no,
,Dairy & Eggs / Alt,Greek Yoghurt,Yoghurt,Thick Yoghurt,Greek Yoghurt,2,no,
,Dairy & Eggs / Alt,Greek Yoghurt,Yoghurt,Fat Greek Yoghurt,Greek Yoghurt,1,no,
,Dairy & Eggs / Alt,Greek Yoghurt,Yoghurt,Full-fat Greek Yoghurt,Greek Yoghurt,1,no,
,Dairy & Eggs / Alt,Greek Yoghurt,Yoghurt,Non Fat Plain Greek Yogurt,Non-fat Greek yoghurt,1,no,
,Dairy & Eggs / Alt,Greek Yoghurt,Yoghurt,Nonfat Plain Greek Yogurt,Non-fat Greek yoghurt,1,no,
,Dairy & Eggs / Alt,Greek Yoghurt,Yoghurt,Plain Nonfat Greek Yogurt,Non-fat Greek yoghurt,1,no,
,Dairy & Eggs / Alt,Greek Yoghurt,Yoghurt,Thick Greek Yogurt,Greek Yoghurt,1,no,
,Dairy & Eggs / Alt,Greek Yoghurt,Yoghurt,Thick Strained Yoghurt,Greek Yoghurt,1,no,
,Dairy & Eggs / Alt,Greek Yoghurt,Yoghurt,Thick Yogurt,Greek Yoghurt,1,no,
,Dairy & Eggs / Alt,Greek Yoghurt,Yoghurt,Strained Yoghurt,Greek Yoghurt,0,no,
,Dairy & Eggs / Alt,Kefir Yogurt,Yoghurt,Kefir Yogurt,,1,no,
,Dairy & Eggs / Alt,Light Cream Cheese,Cheese,Light Cream Cheese,Low-fat Cream Cheese,1,no,
,Dairy & Eggs / Alt,Light Cream Cheese,Cheese,Low-fat Cream Cheese,,1,no,
,Dairy & Eggs / Alt,Light Cream Cheese,Cheese,Reduced Fat Cream Cheese,Low-fat Cream Cheese,1,no,
,Dairy & Eggs / Alt,Light Sour Cream,Cream,Light Sour Cream,,1,no,
,Dairy & Eggs / Alt,Liquid Egg White,Egg,Liquid Egg White,,4,no,
,Dairy & Eggs / Alt,Mexican Cheese Blend,Cheese,Mexican Cheese Blend,,1,no,
,Dairy & Eggs / Alt,Milk,Milk,Milk,,17,no,
,Dairy & Eggs / Alt,Milk,,Milk Thin,Milk,2,no,
,Dairy & Eggs / Alt,Milk Choice,,Milk Choice,,21,no,
,Dairy & Eggs / Alt,Milk Pouring Over,Milk,Extra Milk Pouring Over,,1,no,
,Dairy & Eggs / Alt,Milk Pouring Over,,Milk Pouring Over,,0,no,
,Dairy & Eggs / Alt,Non-dairy Milk,Milk,Non-dairy Milk,,1,no,
,Dairy & Eggs / Alt,Nush Protein Yoghurt,Yoghurt,Nush Protein Yoghurt,,1,no,
,Dairy & Eggs / Alt,Nut Milk,Milk,Nut Milk,Alternative milk,1,no,
,Dairy & Eggs / Alt,Oat Milk,Milk,Oat Milk,,3,no,
,Dairy & Eggs / Alt,Plain Yoghurt,Yoghurt,Yoghurt,Plain Yoghurt,6,no,
,Dairy & Eggs / Alt,Plain Yoghurt,,Yogurt,Plain Yoghurt,3,no,
,Dairy & Eggs / Alt,Plain Yoghurt,,Plain Yoghurt,Plain Yoghurt,2,no,
,Dairy & Eggs / Alt,Plain Yoghurt,,Plain Yogurt,Plain Yoghurt,2,no,
,Dairy & Eggs / Alt,Plain Yoghurt,,Low Fat Yogurt,Low-fat plain yoghurt,1,no,
,Dairy & Eggs / Alt,Plain Yoghurt,,Plain Full Fat Yoghurt,Full-fat plain yoghurt,1,no,
,Dairy & Eggs / Alt,Plain Yoghurt,,Pot Yoghurt Choice,Plain Yoghurt,1,no,
,Dairy & Eggs / Alt,Plain Yoghurt,Cream,Yoghurt Sour Cream,Sour cream,0,no,
,Dairy & Eggs / Alt,Plant Milk,Milk,Plant Milk,Alternative milk,3,no,
,Dairy & Eggs / Alt,Plant-based Milk,Milk,Plant-based Milk,Alternative milk,2,no,
,Dairy & Eggs / Alt,Protein Almond Milk,Milk,Protein Almond Milk,Almond milk,1,no,
,Dairy & Eggs / Alt,Soft-boiled Egg,Egg,Soft-boiled Egg,Boiled egg,1,no,
,Dairy & Eggs / Alt,Sour Cream,Cream,Sour Cream,,1,no,
,Dairy & Eggs / Alt,Soy Milk,Milk,Soy Milk,Soya milk,3,no,
,Dairy & Eggs / Alt,Soya Milk,Milk,Soya Milk,Soya milk,1,yes,
,Dairy & Eggs / Alt,Soya Yoghurt,Yoghurt,Plain Soya Yoghurt,Soya yoghurt,2,no,
,Dairy & Eggs / Alt,Soya Yoghurt,Yoghurt,Soya Yogurt,Soya yoghurt,0,yes,
,Dairy & Eggs / Alt,Unsweetened Almond Milk,Milk,Unsweetened Almond Milk,"Almond milk, unsweetened",2,no,
,Dairy & Eggs / Alt,Unsweetened Soya Milk,Milk,Unsweetened Soya Milk,"Soya milk, unsweetened",1,no,
,Dairy & Eggs / Alt,Vanilla Greek Yoghurt,Yoghurt,Vanilla Greek Yoghurt,,1,no,
,Dairy & Eggs / Alt,Vanilla Greek Yogurt,Yoghurt,Vanilla Greek Yogurt,,2,no,
,Dairy & Eggs / Alt,Vanilla Protein Yoghurt,Yoghurt,Vanilla Protein Yoghurt,Vanilla Greek Yoghurt,1,no,
,Dairy & Eggs / Alt,Vanilla Yoghurt,Yoghurt,Vanilla Yoghurt,Vanilla Plain Yoghurt,2,no,
,Dairy & Eggs / Alt,Vegan Butter,Butter,Vegan Butter,,1,no,
,Dairy & Eggs / Alt,Vegan Cheese,Cheese,Vegan Cheese,,0,yes,
,Dairy & Eggs / Alt,Vegan Yoghurt,Yoghurt,Vegan Yoghurt,,1,no,
,Dairy & Eggs / Alt,Warm Milk,Milk,Warm Milk,Milk,1,no,“Warm” = preparation method
,Dairy & Eggs / Alt,Whipped Cream Cheese,Cheese,Whipped Cream Cheese,Cream Cheese,1,no,“Whipped” = preparation method 
,Dairy & Eggs / Alt,Ice Cream,,Ice Cream,,1,no,
,Dairy & Eggs / Alt,Vanilla Ice Cream,Ice Cream,Vanilla Ice Cream,,1,no,
,Dairy & Eggs / Alt,Crumbled Stilton,Cheese,Crumbled Stilton,Stilton,0,no,“Crumbled” = preparation method
,Dairy & Eggs / Alt,Parmesan,Cheese,Parmesan,,4,no,
,Dairy & Eggs / Alt,Smoked Cheddar,Cheese,Smoked Cheddar,,1,no,
,Dairy & Eggs / Alt,Stilton,Cheese,Stilton,,1,no,
Frozen,,,,,,,,
,Frozen,Edamame Bean,,Edamame Bean,,1,no,
Meat & Seafood / Protein,,,,,,,,
,Meat & Seafood / Protein,Argentine Red Shrimp,,Argentine Red Shrimp,,2,no,
,Meat & Seafood / Protein,Beef,,Beef,,1,no,
,Meat & Seafood / Protein,Beef Mince,,Beef Mince,,1,no,
,Meat & Seafood / Protein,Beef Stock,,Beef Stock,,0,no,
,Meat & Seafood / Protein,Beef Stock Cube,,Beef Stock Cube,,1,no,
,Meat & Seafood / Protein,Bone-in Skin-on Chicken Thigh,,Bone-in Skin-on Chicken Thigh,,3,no,
,Meat & Seafood / Protein,Chicken,,Chicken,,11,yes,
,Meat & Seafood / Protein,Chicken Bouillon Powder,,Chicken Bouillon Powder,,1,no,
,Meat & Seafood / Protein,Chicken Breast,,Chicken Breast,,19,no,
,Meat & Seafood / Protein,Chicken Jus,,Chicken Jus,,1,no,
,Meat & Seafood / Protein,Chicken Leg,,Chicken Leg,,2,no,
,Meat & Seafood / Protein,Chicken Mince,,Chicken Mince,,3,yes,
,Meat & Seafood / Protein,Chicken Powder,,Chicken Powder,,1,no,
,Meat & Seafood / Protein,Chicken Seasoning Paprika,,Chicken Seasoning Paprika,,1,no,
,Meat & Seafood / Protein,Chicken Stock,,Chicken Stock,,6,no,
,Meat & Seafood / Protein,Chicken Stock,,Chicken Bone Broth,,3,no,
,Meat & Seafood / Protein,Chicken Stock,,Chicken Stock Cube,,3,no,
,Meat & Seafood / Protein,Chicken Stock,,Chicken Broth,,2,no,
,Meat & Seafood / Protein,Chicken Stock,,Low Sodium Chicken Stock,,1,no,
,Meat & Seafood / Protein,Chicken Stock,,Or So Chicken Stock,,1,no,
,Meat & Seafood / Protein,Chicken Thigh,,Chicken Thigh,,23,no,
,Meat & Seafood / Protein,Chicken Thigh,,Chicken Thigh Fillet,,2,no,
,Meat & Seafood / Protein,Chorizo,,Chorizo,,1,no,
,Meat & Seafood / Protein,Cod,,Cod Fillet,,2,no,
,Meat & Seafood / Protein,Cod,,Cod,,0,no,
,Meat & Seafood / Protein,Crispy Chicken Skin,,Crispy Chicken Skin,,1,no,
,Meat & Seafood / Protein,Cured Ham,,Cured Ham,,1,no,
,Meat & Seafood / Protein,Drained Weight Tuna In Brine,,Drained Weight Tuna In Brine,,1,no,
,Meat & Seafood / Protein,Enough Water Cover Chicken,,Enough Water Cover Chicken,,1,no,
,Meat & Seafood / Protein,Extra-firm Tofu,,Extra-firm Tofu,,1,no,
,Meat & Seafood / Protein,Firm Tofu,,Firm Tofu,,4,no,
,Meat & Seafood / Protein,Firm Tofu,,Block Extra Firm Tofu,,1,no,
,Meat & Seafood / Protein,Firm Tofu,,Extra Firm Tofu,,1,no,
,Meat & Seafood / Protein,Firm Tofu,,Firm Block Tofu,,1,no,
,Meat & Seafood / Protein,Firm White Fish,,Firm White Fish,,0,no,
,Meat & Seafood / Protein,Fish Sauce,,Fish Sauce,,20,no,
,Meat & Seafood / Protein,High Lean Beef Mince,,High Lean Beef Mince,,0,no,
,Meat & Seafood / Protein,High Quality Lean Beef Mince,,High Quality Lean Beef Mince,,1,no,
,Meat & Seafood / Protein,Lean Beef Mince,,Lean Beef Mince,,1,no,
,Meat & Seafood / Protein,Lean Chicken Mince,,Lean Chicken Mince,,1,no,
,Meat & Seafood / Protein,Lean Turkey,,Lean Turkey,,2,no,
,Meat & Seafood / Protein,Leftover Chicken,,Leftover Chicken,,1,no,
,Meat & Seafood / Protein,Mini Chicken Breast,,Mini Chicken Breast Fillet,,1,no,
,Meat & Seafood / Protein,Parma Ham,,Parma Ham,,1,no,
,Meat & Seafood / Protein,Pork,,Pork,,1,no,
,Meat & Seafood / Protein,Prawn,,Prawn,,7,no,
,Meat & Seafood / Protein,Prawn,,King Prawn,,2,no,
,Meat & Seafood / Protein,Prawn,,And Deveined Shrimp,,1,no,
,Meat & Seafood / Protein,Prawn,,Jumbo Wild Caught Pink Shrimp,,1,no,
,Meat & Seafood / Protein,Prawn,,Prawn Tail,,1,no,
,Meat & Seafood / Protein,Prawn,,Shrimp,,1,no,
,Meat & Seafood / Protein,Prawn,,Wild Shrimp,,1,no,
,Meat & Seafood / Protein,Prawn,,Prawn Shrimp,,0,no,
,Meat & Seafood / Protein,Pre-cooked Chicken,,Pre-cooked Chicken,,1,no,
,Meat & Seafood / Protein,Roast Chicken,,Roast Chicken,,1,no,
,Meat & Seafood / Protein,Roast Chicken Breast,,Roast Chicken Breast,,1,no,
,Meat & Seafood / Protein,Rotisserie Chicken,,Rotisserie Chicken,,1,no,
,Meat & Seafood / Protein,Salmon,,Salmon Fillet,,4,no,
,Meat & Seafood / Protein,Salmon,,Salmon,,1,no,
,Meat & Seafood / Protein,Sashimi-grade Tuna,,Sashimi-grade Tuna,,1,no,
,Meat & Seafood / Protein,Seasoned Chicken Sausage Meat,,Seasoned Chicken Sausage Meat,,1,no,
,Meat & Seafood / Protein,Silken Tofu,,Silken Tofu,,1,no,
,Meat & Seafood / Protein,Skin-on Chicken Thigh,,Skin-on Chicken Thigh,,1,no,
,Meat & Seafood / Protein,Smoked Firm Tofu,,Block Smoked Firm Tofu,,1,no,
,Meat & Seafood / Protein,Smoked Firm Tofu,,Smoked Firm Tofu,,0,no,
,Meat & Seafood / Protein,Smoked Streaky Bacon,,Smoked Streaky Bacon,,1,no,
,Meat & Seafood / Protein,Soft Tofu,,Soft Tofu,,1,no,
,Meat & Seafood / Protein,Soft Tofu Silken Tofu,,Soft Tofu Silken Tofu,,0,no,
,Meat & Seafood / Protein,Soy Sauce Fish Sauce,,Soy Sauce Fish Sauce,,1,no,
,Meat & Seafood / Protein,Streaky Bacon,,Streaky Bacon,,1,no,
,Meat & Seafood / Protein,Tempeh,,Tempeh,,1,no,
,Meat & Seafood / Protein,Tofu,,Tofu,,2,no,
,Meat & Seafood / Protein,Tuna,,Tuna,,8,no,
,Meat & Seafood / Protein,Tuna In Spring Water,,Tuna In Spring Water,,1,no,
,Meat & Seafood / Protein,Tuna In Water,,Tuna In Water,,1,no,
,Meat & Seafood / Protein,Tuna Steak,,Tuna Steak,,1,no,
,Meat & Seafood / Protein,Turkey,,Turkey,,1,no,
,Meat & Seafood / Protein,Turkey Mince,,Turkey Mince,,0,yes,
,Meat & Seafood / Protein,Vegan Fish Sauce,,Vegan Fish Sauce,,1,no,
,Meat & Seafood / Protein,Flank Steak,,Flank Steak,,1,no,
,Meat & Seafood / Protein,Meat,,Meat,,1,no,
Other,,,,,,,,
,Other,Reserved Noodle Water,,Reserved Noodle Water,,1,no,
,Other,Reserved Pasta Water,,Reserved Pasta Water,,1,no,
,Other,All Day Chick Pea Protein Crunch,,All Day Chick Pea Protein Crunch,,1,no,
,Other,Bee Pollen,,Bee Pollen,,1,no,
,Other,Bone-in,,Bone-in,,1,no,
,Other,Brown,,Brown,,1,no,
,Other,Chif,,Chif,,0,no,
,Other,Chilly,,Chilly,,1,no,
,Other,Cm,,Cm,,1,no,
,Other,Cooking,,Cooking,,4,no,
,Other,Cooking Oil Spray,,Cooking Oil Spray,,2,no,
,Other,Cooking Spray,,Cooking Spray,,1,no,
,Other,Cranberry,,Cranberry,,1,no,
,Other,Date,,Date,,3,yes,
,Other,Date puree,,Date Pur E,,1,no,
,Other,Drop Red Food Colouring,,Drop Red Food Colouring,,1,no,
,Other,Filling Choice,,Filling Choice,,1,no,
,Other,Flora,,Flora Salted,,1,no,
,Other,Fry,,Fry,,1,no,
,Other,Gai Lan,,Gai Lan,,1,no,
,Other,Gluten-free,,Gluten-free,,1,no,
,Other,Gras-fed Collagen,,Gras-fed Collagen,,2,no,
,Other,Gras-fed Gelatin,,Gras-fed Gelatin,,1,no,
,Other,Hazelnut,,Hazelnut,,2,no,
,Other,Horseradish,,Horseradish,,1,no,
,Other,Hummus,,Hummus,,1,no,
,Other,Lightly,,Lightly Salted,,1,no,
,Other,Liquid Smoke,,Liquid Smoke,,1,no,
,Other,Macadamia,,Macadamia,,0,no,
,Other,Macadamias,,Macadamias,,1,no,
,Other,Medjool Date,,Medjool Date,,15,no,
,Other,Miracle Whip,,Miracle Whip,,1,no,
,Other,More Hazelnut,,More Hazelnut,,1,no,
,Other,Olif,,Olif,,0,no,
,Other,Pistachio,,Pistachio,,0,no,
,Other,Pistachios,,Pistachios,,1,no,
,Other,Pitted Medjool Date,,Pitted Medjool Date,,2,no,
,Other,Plain,,Plain,,2,no,
,Other,Red,,Red,,1,no,
,Other,Red Curry Paste,,Red Curry Paste,,2,no,
,Other,Salsa,,Salsa,,1,no,
,Other,Seaweed,,Seaweed Thin,,1,no,
,Other,Seaweed Salad,,Seaweed Salad,,1,no,
,Other,Second Cooking Spray Oil,,Second Cooking Spray Oil,,1,no,
,Other,Second Spray Oil,,Second Spray Oil,,1,no,
,Other,Soaked And Drained Date,,Soaked And Drained Date,,1,no,
,Other,Vegan,,Vegan,,1,no,
,Other,Vegetable,,Vegetable,,2,no,
,Other,White,,White,,1,no,
,Other,Bone Broth,,Bone Broth,,1,no,
,Other,Broth Choice,,Broth Choice,,1,no,
Grains,,,,,,,,
,Grains,Buckwheat,Flour,Buckwheat,Buckwheat flour,1,no,
,Grains,Precooked Jasmine,Rice,Precooked Jasmine,Jasmine rice,1,no,Precooked = preparation method
,Grains,- Rice,Rice,- Rice,Rice,0,no,
,Grains,Brown Rice,Rice,Brown Rice,,2,no,
,Grains,Brown Rice,Rice,Brown Precooked Rice,Brown Rice,1,no,Precooked = preparation method
,Grains,Brown Rice,Rice,Precooked Brown Rice,Brown Rice,1,no,Precooked = preparation method
,Grains,Dry Jasmine Rice,Rice,Dry Jasmine Rice,Jasmine rice,1,no,Dry - preparation method
,Grains,Dry Quinoa,Quinia,Dry Quinoa,,1,no,Dry - preparation method
,Grains,Jasmine Rice,Rice,Jasmine Rice,,6,no,
,Grains,Jumbo Oat,Oats,Jumbo Oat,Oats,1,no,
,Grains,Kaizen Rice,,Kaizen Rice,,1,no,
,Grains,Microwave Rice,Rice,Microwave Rice,,1,no,
,Grains,Oat,Oats,Oat,Oats,21,no,
,Grains,Pouch Jasmine Rice,Rice,Pouch Jasmine Rice,,1,no,
,Grains,Quinoa,,Quinoa,,3,no,
,Grains,Quinoa Flake,Quinoa,Quinoa Flake,,1,no,
,Grains,Rice,,Rice,,12,no,
,Grains,Rice,,Leftover Rice,,3,no,
,Grains,Rice,,Serving Rice,Rice,1,no,Serving = qty
,Grains,Rice,,Steamed Rice,Rice,1,no,Steamed = prep method
,Grains,Rice Choice,Rice,Rice Choice,Rice,4,no,
,Grains,Rolled Oat,Oats,Rolled Oat,Rolled Oats,14,no,
,Grains,Rolled Oat Quinoa Flake,Oats,Rolled Oat Quinoa Flake,Rolled Oats,1,no,
,Grains,Sprouted Oat,Oats,Sprouted Oat,,2,no,
,Grains,Sticky Rice,Rice,Sticky Rice,,3,no,
,Grains,Sushi Rice,Rice,Sushi Rice,,3,no,
,Grains,White Rice,Rice,White Rice,,3,no,
Nuts & Seeds,,,,,,,,
,Nuts & Seeds,Flaxseed,,Flaxseed,Milled Flaxseed,1,no,
,Nuts & Seeds,Milled Flaxseed,Flaxseed,Milled Flaxseed,,2,no,
,Nuts & Seeds,Psyllium Husk,,Psyllium Husk,,1,no,
,Nuts & Seeds,Almond,,Almond,,3,no,
,Nuts & Seeds,Black And White Sesame Seed Coating,,Black And White Sesame Seed Coating,,1,no,
,Nuts & Seeds,Black Sesame Seed,,Black Sesame Seed,,2,no,
,Nuts & Seeds,Cashew,,Cashew,,2,no,
,Nuts & Seeds,Chia Seed,,Chia Seed,,22,no,
,Nuts & Seeds,Dry Peanut,Peanuts,Dry Peanut,Peanuts,1,no,
,Nuts & Seeds,Flax Meal,Flaxseed,Flax Meal,Milled Flaxseed,1,no,
,Nuts & Seeds,Hemp Seed,,Hemp Seed,,1,no,
,Nuts & Seeds,Leftover Nut,,Leftover Nut,,1,no,I'll need to clarify what this refers to in the recipe
,Nuts & Seeds,Mix Chia Seed And Pumpkin Seed,,Mix Chia Seed And Pumpkin Seed,,1,no,
,Nuts & Seeds,Mixed Nut,Mixed Nuts,Mixed Nut,Mixed Nuts,1,no,
,Nuts & Seeds,Mixed Seed,Mixed Seeds,Mixed Seed,Mixed Seeds,1,no,
,Nuts & Seeds,Nut,Nuts,Nut,Nuts,2,no,
,Nuts & Seeds,Peanut,Peanuts,Peanut,Peanuts,11,no,
,Nuts & Seeds,Peanut,Peanuts,Extra Peanut,Peanuts,1,no,Extra = qty
,Nuts & Seeds,Pecan,Pecans,Pecan,Pecans,7,no,
,Nuts & Seeds,Pecan And Pumpkin Seed,,Pecan And Pumpkin Seed,,1,no,2 products: Pecans & pumpkin seeds. Will need to be categorised and separated accordingly
,Nuts & Seeds,Poppy Seed,,Poppy Seed,,1,no,
,Nuts & Seeds,Pumpkin Seed,Pumpkin seeds,Pumpkin Seed,Pumpkin seeds,2,no,
,Nuts & Seeds,Pumpkin Seed Topping,Pumpkin seeds,Pumpkin Seed Topping,Pumpkin seeds,1,no,“topping” - notes = as a topping of a dish
,Nuts & Seeds,Raisin,,Raisin,,2,no,
,Nuts & Seeds,Sesame Seed,Sesame seeds,Sesame Seed,Sesame seeds,24,no,
,Nuts & Seeds,Sesame Seed Coat,Sesame seeds,Sesame Seed Coat,Sesame seeds,1,no,“coat” - means for coating - preparation method?
,Nuts & Seeds,Sunflower And Sesame Seed Blend,,Sunflower And Sesame Seed Blend,,2,no,
,Nuts & Seeds,Walnut,,Walnut,,4,no,
Pantry / Dry Goods,,,,,,,,
,Pantry / Dry Goods,King Arthur Gluten Bread Flour,Gluten-free bread flour,King Arthur Gluten Bread Flour,Gluten-free bread flour,0,no,Brand specific - don’t think it needs to be in the recipe
,Pantry / Dry Goods,King Arthur Gluten Free Bread Flour,Flour,King Arthur Gluten Free Bread Flour,Gluten-free bread flour,1,no,Brand specific - don’t think it needs to be in the recipe
,Pantry / Dry Goods,Cornflour Mixed With Water,Cornflour,Cornflour Mixed With Water,Cornflour,1,no,Mixed with water = preparation method
,Pantry / Dry Goods,Pbfit Powder Mixed With Water Form Paste,Peanut Butter Powder,Pbfit Powder Mixed With Little Water Form Paste,Peanut Butter Powder,1,no,Mixed with little water form paste = preparation method
,Pantry / Dry Goods,Water Teaspoon Arrowroot Starch,Arrowroot Starch,Water Teaspoon Arrowroot Starch,Arrowroot Starch,1,no,Water + teaspoon = preparation and qty
,Pantry / Dry Goods,Chocolate Peanut Butter Powder,Peanut Butter Powder,Chocolate Peanut Butter Powder,,0,yes,
,Pantry / Dry Goods,Chocolate Powdered Peanut Butter,Peanut Butter Powder,Chocolate Powdered Peanut Butter,Chocolate Peanut Butter Powder,1,no,
,Pantry / Dry Goods,Peanut Butter Powder,,Peanut Butter Powder,,0,yes,
,Pantry / Dry Goods,Powdered Peanut Butter,Peanut Butter Powder,Powdered Peanut Butter,Peanut Butter Powder,1,no,
,Pantry / Dry Goods,Arrowroot,Arrowroot Starch,Arrowroot,Arrowroot Starch,1,no,
,Pantry / Dry Goods,Arrowroot Starch,Arrowroot Starch,Arrowroot Starch,Arrowroot Starch,1,no,
,Pantry / Dry Goods,Gluten-free Self-raising,Flour,Gluten-free Self-raising,Gluten-free self-raising flour,1,no,
,Pantry / Dry Goods,Gnocchi,Pasta,Gnocchi,,1,no,
,Pantry / Dry Goods,Granola,Cereal,Granola,,1,no,
,Pantry / Dry Goods,Linguine,Pasta,Linguine,,1,no,
,Pantry / Dry Goods,Orzo,Pasta,Orzo,,1,no,
,Pantry / Dry Goods,Pancake And Waffle Mix,Flour,Pancake And Waffle Mix,,1,no,
,Pantry / Dry Goods,Pancake Mix,Flour,Pancake Mix,,1,no,
,Pantry / Dry Goods,Pbfit Powder,Peanut Butter Powder,Pbfit Powder,Peanut Butter Powder,1,no,
,Pantry / Dry Goods,Stevia,Sweetner,Stevia,,1,no,
,Pantry / Dry Goods,Udon Nest,Pasta,Udon Nest,Udon Noodles,1,no,
,Pantry / Dry Goods,Vegan Protein Pancake Mix,Flour,Vegan Protein Pancake Mix,,1,no,
,Pantry / Dry Goods,- Maple Syrup,Syrup,- Maple Syrup,Maple syrup,1,no,
,Pantry / Dry Goods,Almond Extract,,Almond Extract,,2,no,
,Pantry / Dry Goods,Almond Flour,Flour,Almond Flour,,9,no,
,Pantry / Dry Goods,Arrowroot Flour,Arrowroot Starch,Arrowroot Flour,Arrowroot Starch,1,no,
,Pantry / Dry Goods,Baking Powder,,Baking Powder,,44,no,
,Pantry / Dry Goods,Blanched Almond Flour,Flour,Blanched Almond Flour,Almond flour,1,no,
,Pantry / Dry Goods,Box Protein Pasta,Pasta,Box Protein Pasta,Protein pasta,1,no,Box = qty
,Pantry / Dry Goods,Brown Coconut Sugar,Sugar,Brown Coconut Sugar,Coconut sugar,0,no,
,Pantry / Dry Goods,Brown Sugar,Sugar,Brown Sugar,,11,no,
,Pantry / Dry Goods,Brown Sugar Substitute,Sugar,Brown Sugar Substitute,,2,no,
,Pantry / Dry Goods,Caster Sugar,Sugar,Caster Sugar,,2,no,
,Pantry / Dry Goods,Chickpea Flour,Flour,Chickpea Flour,,2,no,
,Pantry / Dry Goods,Coconut,,Coconut,,2,no,Context? Desiccated? Flour
,Pantry / Dry Goods,Coconut Flake,,Coconut Flake,,1,no,
,Pantry / Dry Goods,Coconut Flour,Flour,Coconut Flour,,4,no,
,Pantry / Dry Goods,Coconut Shred,Desiccated coconut,Coconut Shred,Desiccated coconut,1,no,
,Pantry / Dry Goods,Coconut Sugar,Sugar,Coconut Sugar,,16,no,
,Pantry / Dry Goods,Coconut Sugar Dusting,Sugar,Extra Coconut Sugar Dusting,Coconut sugar,1,no,Extra … dusting = qty
,Pantry / Dry Goods,Coconut Sugar Dusting,Sugar,Coconut Sugar Dusting,Coconut sugar,0,no,Dusting = qty
,Pantry / Dry Goods,Cornflour,Cornstarch,Corn Flour,Cornstarch,3,no,
,Pantry / Dry Goods,Cornflour,Cornstarch,Cornflour,Cornstarch,3,no,
,Pantry / Dry Goods,Cornflour,Cornstarch,Cornstarch,Cornstarch,3,no,
,Pantry / Dry Goods,Demerara Sugar,Sugar,Demerara Sugar,,1,no,
,Pantry / Dry Goods,Desiccated Coconut,Coconut,Desiccated Coconut,,3,no,
,Pantry / Dry Goods,Dry Rice Noodles,Noodles,Dry Rice Noodles,Rice Noodles,1,no,
,Pantry / Dry Goods,Dry-weight Pasta,Pasta,Dry-weight Pasta,Pasta,1,no,Dry-weight = preparation method
,Pantry / Dry Goods,Fine Blanched Almond Flour,Flour,Fine Blanched Almond Flour,Almond flour,1,no,
,Pantry / Dry Goods,Flat Baking Powder,Baking Powder,Flat Baking Powder,Baking powder,0,no,
,Pantry / Dry Goods,Flat Tsp Baking Powder,Baking Powder,Flat Tsp Baking Powder,Baking powder,1,no,Flat tsp = qty
,Pantry / Dry Goods,Gf Flour,Flour,Gf Flour,Gluten-free flour,1,no,
,Pantry / Dry Goods,Glas Vermicelli Noodles,Noodles,Glas Vermicelli Noodles,Glass Vermicelli Noodles,1,no,
,Pantry / Dry Goods,Gluten All Purpose Flour Substitute,Flour,Gluten All Purpose Flour Substitute,Gluten-free plain flour,0,no,
,Pantry / Dry Goods,Gluten Free All Purpose Flour,Flour,Gluten Free All Purpose Flour,Gluten-free plain flour,3,no,
,Pantry / Dry Goods,Gluten Free All Purpose Flour Substitute,Flour,Gluten Free All Purpose Flour Substitute,Gluten-free plain flour,1,no,
,Pantry / Dry Goods,Glutinous Rice Flour,Flour,Glutinous Rice Flour,,2,no,
,Pantry / Dry Goods,Honey,,Runny Honey,Honey,1,no,
,Pantry / Dry Goods,Instant Laksa Noodles,Noodles,Instant Laksa Noodles,,1,no,
,Pantry / Dry Goods,Instant Noodles,Noodles,Instant Noodles,,0,no,
,Pantry / Dry Goods,Instant Vermicelli Rice Noodles,Noodles,Instant Vermicelli Rice Noodles,,0,no,
,Pantry / Dry Goods,Instant Yeast,,Instant Yeast,,1,no,
,Pantry / Dry Goods,Lime And Peanut,,Lime And Peanut,,1,no,2 products (Lime - Produce) & Peanuts (Nuts & Seeds) - needs to be separated accordingly
,Pantry / Dry Goods,Maple,Maple Syrup,Maple,Maple Syrup,2,no,
,Pantry / Dry Goods,Maple Syrup,,Maple Syrup,,69,no,
,Pantry / Dry Goods,Nori,,Nori,,2,no,
,Pantry / Dry Goods,Nori,,Nori Sheet,Nori,1,no,
,Pantry / Dry Goods,Nutritional Yeast,,Nutritional Yeast,,8,no,
,Pantry / Dry Goods,Oat Flour,Flour,Oat Flour,,17,no,
,Pantry / Dry Goods,Palm Sugar,Sugar,Palm Sugar,,2,no,
,Pantry / Dry Goods,Pasta,,Pasta,,1,no,
,Pantry / Dry Goods,Pecan Topping,Pecans,Pecan Topping,Pecans,1,no,Topping = qty & instructions
,Pantry / Dry Goods,Plain Flour,Flour,Flour,Plain Flour,6,no,
,Pantry / Dry Goods,Plain Flour,Flour,Plain Flour,,6,no,
,Pantry / Dry Goods,Plain Flour,Flour,All Purpose Flour,Plain Flour,1,no,
,Pantry / Dry Goods,Plant-based Vanilla Protein Powder,Protein Powder,Plant-based Vanilla Protein Powder,,1,no,
,Pantry / Dry Goods,Powdered Monk Fruit Sweetener,Sugar,Powdered Monk Fruit Sweetener,Powdered Monkfruit Sweetener,1,no,
,Pantry / Dry Goods,Powdered Monkfruit Sweetener,,Powdered Monkfruit Sweetener,,1,no,
,Pantry / Dry Goods,Powdered Sugar,Sugar,Powdered Sugar,,3,no,
,Pantry / Dry Goods,Preferred Sweetener,Sugar,Preferred Sweetener,,1,no,
,Pantry / Dry Goods,Protein Pasta,Pasta,Protein Pasta,,0,yes,
,Pantry / Dry Goods,Protein Powder,,Protein Powder,,10,no,
,Pantry / Dry Goods,Pure Maple Syrup,Maple Syrup,Pure Maple Syrup,Maple syrup,4,no,
,Pantry / Dry Goods,Pure Vanilla Extract,Vanilla Extract,Pure Vanilla Extract,,1,no,
,Pantry / Dry Goods,Ramen Noodles,Noodles,Ramen Noodles,,2,no,
,Pantry / Dry Goods,Ramen Noodles Use Gf Rice Noodles,Noodles,Ramen Noodles Use Gf Rice Noodles,Rice Noodles,1,no,
,Pantry / Dry Goods,Rice Malt Syrup,Sugar,Rice Malt Syrup,,1,no,
,Pantry / Dry Goods,Rice Noodles,Noodles,Rice Noodles,,4,no,
,Pantry / Dry Goods,Rice Noodles,Noodles,Wide Rice Stick Noodles,Wide Rice Noodles,2,no,
,Pantry / Dry Goods,Rice Noodles,Noodles,Thin Flat Rice Noodles,Vermicelli Rice Noodles,1,no,
,Pantry / Dry Goods,Rice Noodles,Noodles,Wide Rice Noodles,,1,no,
,Pantry / Dry Goods,Rice Noodles,Noodles,Flat Rice Noodles,Wide Rice Noodles,0,no,
,Pantry / Dry Goods,Rice Vermicelli Noodles,Noodles,Rice Vermicelli Noodles,Vermicelli Rice Noodles,1,no,
,Pantry / Dry Goods,Rice Vermicelli Noodles,Noodles,Vermicelli Rice Noodles,,1,no,
,Pantry / Dry Goods,Self-raising Flour,Flour,Self-raising Flour,,0,no,
,Pantry / Dry Goods,Self-Raising Flour,Flour,Self Rising Flour,Self-Raising Flour,2,no,
,Pantry / Dry Goods,Self-Raising Flour,Flour,Self Raising Flour,Self-Raising Flour,1,no,
,Pantry / Dry Goods,Serving Instant Vermicelli Rice Noodles,Noodles,Serving Instant Vermicelli Rice Noodles,Vermicelli Rice Noodles,1,no,
,Pantry / Dry Goods,Serving Pasta,Pasta,Serving Pasta,,1,no,
,Pantry / Dry Goods,Somen Noodles,Noodles,Somen Noodles,,1,no,
,Pantry / Dry Goods,Spaghetti,Pasta,Spaghetti,,1,yes,
,Pantry / Dry Goods,Spring Onion Sesame Seed,,Spring Onion Sesame Seed,,1,no,2 products: Spring Onion & sesame seeds. Will need to be separated and categorised accordingly
,Pantry / Dry Goods,Sugar,,Sugar,,25,no,
,Pantry / Dry Goods,Sugar,,White Sugar,,7,no,
,Pantry / Dry Goods,Sugar Free Maple Syrup,Maple Syrup,Sugar Free Maple Syrup,,1,no,
,Pantry / Dry Goods,Sugar Maple Syrup,Maple Syrup,Sugar Maple Syrup,Maple syrup,0,no,
,Pantry / Dry Goods,Sugar-free Maple Syrup,Maple Syrup,Sugar-free Maple Syrup,Sugar Free Maple Syrup,1,no,
,Pantry / Dry Goods,Sweetener,Sugar,Sweetener,,4,no,
,Pantry / Dry Goods,Sweetener,Sugar,Natural Sweetener,,2,no,
,Pantry / Dry Goods,Sweetener Choice,Sugar,Sweetener Choice,Sweetner,1,no,
,Pantry / Dry Goods,Udon Noodles,Noodles,Udon Noodles,,1,no,
,Pantry / Dry Goods,Vanilla,,Vanilla,,18,no,
,Pantry / Dry Goods,Vanilla,,Big Vanilla,,0,no,
,Pantry / Dry Goods,Vanilla Bean Paste,,Vanilla Bean Paste,,1,no,
,Pantry / Dry Goods,Vanilla Essence,,Vanilla Essence,,4,no,
,Pantry / Dry Goods,Vanilla Extract,,Vanilla Extract,,42,no,
,Pantry / Dry Goods,Vanilla Paste,Vanilla Bean Paste,Vanilla Paste,Vanilla Bean Paste,6,no,
,Pantry / Dry Goods,Vanilla Plant Protein Powder,Protein Powder,Vanilla Plant Protein Powder,Vegan vanilla protein powder,1,no,
,Pantry / Dry Goods,Vanilla Protein Powder,Protein Powder,Vanilla Protein Powder,,14,no,
,Pantry / Dry Goods,Vegan Protein Powder,Protein Powder,Vegan Protein Powder,,2,yes,
,Pantry / Dry Goods,Vegan Vanilla Protein Powder,Protein Powder,Vegan Vanilla Protein Powder,,1,no,
,Pantry / Dry Goods,Vermicelli,Pasta,Vermicelli,,1,no,
,Pantry / Dry Goods,Vermicelli Noodles,Noodles,Vermicelli Noodles,Vermicelli Rice Noodles,4,no,
,Pantry / Dry Goods,Very Heaped Cup Each Bean Sprout Spinach,,Very Heaped Cup Each Bean Sprout Spinach,,1,no,"“Very Heaped Cup” = qty.
2 products -  Bean Sprout & Spinach"
,Pantry / Dry Goods,Wheat Flour,Flour,Wheat Flour,,1,no,
,Pantry / Dry Goods,Wholemeal Flour,Flour,Wholemeal Flour,,1,no,
,Pantry / Dry Goods,Potato Starch,,Potato Starch,,2,no,
,Pantry / Dry Goods,Pumpkin Spice Granola,,Pumpkin Spice Granola,,1,no,
,Pantry / Dry Goods,Baking Cacao,Cacoa,Baking Cacao,,0,no,
,Pantry / Dry Goods,Baking Cacao Topping,Cacoa,Baking Cacao Topping,Baking cacoa,1,no,“topping” - notes = as a topping of a dish = qty
,Pantry / Dry Goods,Cacao Nib,Cacoa,Cacao Nib,,1,no,
,Pantry / Dry Goods,Cacao Powder,Cacoa,Cacao Powder,,9,no,
,Pantry / Dry Goods,Chocolate Casein Protein Powder,Protein Powder,Chocolate Casein Protein Powder,,1,no,
,Pantry / Dry Goods,Chocolate Plant-based Protein Powder,Protein Powder,Chocolate Plant-based Protein Powder,,1,no,
,Pantry / Dry Goods,Chocolate Protein Powder,Protein Powder,Chocolate Protein Powder,,10,no,
,Pantry / Dry Goods,Chocolate Vegan Protein Powder,Protein Powder,Chocolate Vegan Protein Powder,Vegan Chocolate Protein Powder,1,no,
,Pantry / Dry Goods,Chocolate Vegan Protein Powder,Protein Powder,Vegan Chocolate Protein Powder,,1,no,
,Pantry / Dry Goods,Cocoa,Cocoa Powder,Cocoa,Cocoa Powder,1,no,
,Pantry / Dry Goods,Cocoa Powder,,Cocoa Powder,,24,yes,
,Pantry / Dry Goods,Cocoa Powder,,Additional Cocoa Powder,Cocoa Powder,2,no,“Additional” = qty
,Pantry / Dry Goods,Cocoa Powder,,Black Cocoa Powder,,1,no,
,Pantry / Dry Goods,Cocoa Powder,,Dark Cocoa Powder,,1,no,
,Pantry / Dry Goods,Cocoa Powder,,Unsweetened Cocoa Powder,,1,no,
,Pantry / Dry Goods,Serve Chocolate Protein Powder,Protein Powder,Serve Chocolate Protein Powder,,1,no,"“serve"" = qty"
,Pantry / Dry Goods,Vegan Chocolate Hazelnut Protein Powder,Protein Powder,Vegan Chocolate Hazelnut Protein Powder,,1,no,
Produce,,,,,,,,
,Produce,Avocados,Avocado,Avocados,Avocado,2,no,
,Produce,Bananas,,Bananas,,4,no,
,Produce,Cherry Tomatoes,Tomatoes,Cherry Tomatoes,,7,no,
,Produce,Fruit,,Fruit,,1,no,
,Produce,Peache,Peach,Peache,Peach,3,no,
,Produce,Pint Cherry Tomatoes,Tomatoes,Pint Cherry Tomatoes,Cherry Tomatoes,1,no,
,Produce,Zest,Citrus,Zest,,1,no,
,Produce,Pomegranate Seed,,Pomegranate Seed,,1,no,
,Produce,And Blended Sweet Potato,Potatoes,And Blended Sweet Potato,,1,no,“And blended” = preparation method
,Produce,Apple,,Apple,,4,yes,
,Produce,Asparagus,,Asparagus,,1,no,
,Produce,Avocado,,Avocado,,28,yes,
,Produce,Banana,,Banana,,4,no,
,Produce,Banana Shallot,Onion,Banana Shallot,,5,no,
,Produce,Batch Quick Pickled Carrot And Daikon,,Batch Quick Pickled Carrot And Daikon,,1,no,Not sure about this category
,Produce,Beetroot,,Beetroot,,2,no,
,Produce,Bella Mushroom,Mushroom,Bella Mushroom,,1,no,
,Produce,Berry,Berries,Berry,,1,no,
,Produce,Bird Eye Red Chilli,Chillies,Bird Eye Red Chilli,,1,no,
,Produce,Blueberry,Berries,Blueberry,,4,yes,
,Produce,Bok Choy,,Bok Choy,,3,no,
,Produce,Box Raspberry,Berries,Box Raspberry,Raspberries,1,no,“box” = qty
,Produce,Box Strawberry,Berries,Box Strawberry,Strawberries,1,no,“box” = qty
,Produce,Broccoli,,Broccoli,,4,yes,
,Produce,Broccoli Cauliflower,,Broccoli Cauliflower,,0,yes,2 products: broccoli & cauliflower
,Produce,Broccoli Floret,Broccoli,Broccoli Floret,,2,no,
,Produce,Carrot,,Carrot,,26,no,
,Produce,Carrot And,Carrots,Carrot And,Carrots,1,no,
,Produce,Carrot And White Radish,,Carrot And White Radish,,0,no,2 products: Carrots & white radish
,Produce,Carrot Cucumber,,Carrot Cucumber,,1,no,2 products: carrots & cucumber
,Produce,Celery,,Celery,,1,no,
,Produce,Celery,,Celery Stalk,Celery,1,no,“Stalk” = qty
,Produce,Celery,,Stalk Celery,,1,no,“Stalk” = qty
,Produce,Cherry Tomato,Tomatoes,Cherry Tomato,Cherry Tomatoes,0,no,
,Produce,Chilli Crunch Oil,Oil,Chilli Crunch Oil,,3,no,
,Produce,Chilli Garlic Paste,,Chilli Garlic Paste,,1,no,
,Produce,Chilli Paste,,Chilli Paste,,1,no,
,Produce,Chinese Broccoli,Broccoli,Chinese Broccoli,,1,no,
,Produce,Chive,Onion,Chive,Chives,6,no,
,Produce,Corn,,Corn,,2,no,
,Produce,Courgette,,Courgette,,2,no,
,Produce,Crispy Fried Shallot,,Crispy Fried Shallot,,3,no,
,Produce,Crispy Onion,,Crispy Onion,,1,no,
,Produce,Cucumber,,Cucumber,,36,no,
,Produce,Cucumber And Carrot,,Cucumber And Carrot,,1,no,
,Produce,Curly Kale,Salad,Handful Curly Kale,,1,no,“handful” = qty
,Produce,Curly Kale,Salad,Curly Kale,,0,no,
,Produce,Dill Parsley,,Dill Parsley,,0,no,2 products: Dill & parasoley
,Produce,Edamame,,Edamame,,9,no,
,Produce,English Cucumber,Cucumber,English Cucumber,,1,no,
,Produce,European Cucumber,Cucumber,European Cucumber,,1,no,
,Produce,Fried Shallot,Onion,Fried Shallot,,2,no,
,Produce,Garlic,,Garlic Clove,,55,no,“clove” = qty
,Produce,Garlic,,Garlic,,37,no,
,Produce,Garlic,,Freshly Garlic,,1,no,“freshly” = preparation method
,Produce,Garlic And Ginger,,Garlic And Ginger,,1,no,2 products: garlic & ginger
,Produce,Garlic Oil,Oil,Garlic Oil,,1,no,
,Produce,Garlic Paste,,Garlic Paste,,1,no,
,Produce,Garlic Paste And Ginger Paste,,Garlic Paste And Ginger Paste,,1,no,
,Produce,Gem Lettuce,Salad,Gem Lettuce,,1,no,
,Produce,Gem Lettuce,Salad,Little Gem Lettuce,Gem Lettuce,0,no,
,Produce,Ginger,,Ginger,,26,yes,
,Produce,Ginger,,Cm Ginger,Ginger,3,no,“Cm” = qty
,Produce,Ginger,,Inch Piece Ginger,Ginger,3,no,Inch piece = qty
,Produce,Ginger,,Cm Piece Ginger,Ginger,2,no,Cm piece = qty
,Produce,Ginger,,Freshly Ginger,Ginger,1,no,Freshly = prep method
,Produce,Ginger,,Ginger Root,Ginger,1,no,
,Produce,Ginger,,Piece Ginger,Ginger,1,no,“Piece” = qty
,Produce,Ginger,,Thumb Size Knob Ginger,Ginger,1,no,Thumb Size Knob = qty
,Produce,Ginger And Garlic Paste,,Ginger And Garlic Paste,,2,no,
,Produce,Ginger And Garlic Paste,,Garlic And Ginger Paste,Ginger And Garlic Paste,1,no,
,Produce,Ginger Garlic Paste,Ginger And Garlic Paste,Garlic Ginger Paste,Ginger And Garlic Paste,1,no,
,Produce,Ginger Garlic Paste,Ginger And Garlic Paste,Ginger Garlic Paste,Ginger And Garlic Paste,1,no,
,Produce,Ginger Paste,,Ginger Paste,,3,no,
,Produce,Ginger Puree,,Ginger Puree,,2,no,
,Produce,Green Cabbage,,Green Cabbage,,2,no,
,Produce,Green Capsicum,Peppers,Green Capsicum,Green Bell Pepper,1,no,
,Produce,Green Leaf Lettuce,Salad,Green Leaf Lettuce,,1,no,
,Produce,Half Avocado,Avocado,Half Avocado,Avocado,1,no,Half = qty
,Produce,Iceberg Lettuce,Salad,Iceberg Lettuce,,1,no,
,Produce,Japanese Sweet Potato,Potatoes,Japanese Sweet Potato,,1,no,
,Produce,Kaffir Lime Leave,,Kaffir Lime Leave,,1,no,
,Produce,Kale,Salad,Kale,,1,no,
,Produce,Lebanese Cucumber,Cucumber,Lebanese Cucumber,,1,no,
,Produce,Leek,,Leek,,1,no,
,Produce,Lemon,,Juice Lemon,Lemon juice,16,no,
,Produce,Lemon,,Lemon,,12,no,
,Produce,Lemon,,Lemon Juice,,9,no,
,Produce,Lemon,,Lemon Zest,,2,no,
,Produce,Lemon,,Juice From Lemon,Lemon juice,1,no,
,Produce,Lemon,,Juice Half Lemon,Lemon juice,1,no,“half” = qty
,Produce,Lemon,,Zest And Juice Lemon,,1,no,2 different product variants but come from the same product = “zest” “juice”
,Produce,Lemon,,Zest From Lemon,Lemon zest,1,no,
,Produce,Lemon,,Zest Lemon,Lemon zest,1,no,
,Produce,Lettuce,Salad,Lettuce,,2,no,
,Produce,Lettuce,Salad,Lettuce Leave,Lettuce,1,no,
,Produce,Lettuce,,Lettuce Leaf,Lettuce,0,no,
,Produce,Lettuce Choice,,Lettuce Choice,Lettuce,1,no,
,Produce,Lime,,Juice Lime,Lime juice,24,no,
,Produce,Lime,,Lime Juice,,13,no,
,Produce,Lime,,Lime,,7,yes,
,Produce,Lime,,Lime Wedge,,4,no,“Wedge” = qty
,Produce,Lime,,Zest Lime,Lime zest,4,no,
,Produce,Lime,,Freshly Squeezed Lime Juice,Lime juice,1,no,
,Produce,Lime,,Half Lime,Lime,1,no,“half” = qty
,Produce,Lime,,Juice And Zest Lime,,1,no,2 different product variants but come from the same product = “zest” “juice”
,Produce,Lime,,Lime Zest Lime,Lime zest,1,no,
,Produce,Lime,,Zest And Juice Lime,,1,no,2 different product variants but come from the same product = “zest” “juice”
,Produce,Lime Wedge Chilli,,Lime Wedge Chilli,,1,no,2 different products + 1 measurement/qty: “wedge” of “lime” = qty; chilli = separate product
,Produce,Long Red Chilli,Chillies,Long Red Chilli,,1,no,
,Produce,Mango,,Mango,,2,no,
,Produce,Mini Cucumber,Cucumber,Mini Cucumber,,1,no,
,Produce,Mint,,Mint,,8,no,
,Produce,Mint,,Mint Leave,Mint Leaf,2,no,
,Produce,Mint,,Mint Leaf,,0,no,
,Produce,Mint And Coriander,,Mint And Coriander,,1,no,2 products: “mint” & “coriander”
,Produce,Mint Coriander,,Mint Coriander,,1,no,2 products: “mint” & “coriander”
,Produce,Mint Leave Coriander,,Mint Leave Coriander,,1,no,2 products: “mint” & “coriander”
,Produce,More Chive,Onion,More Chive,Chives,1,no,
,Produce,Mushroom,,Mushroom,,1,yes,
,Produce,Mushroom,,Punnet Mushroom,,1,no,“punnet” = qty
,Produce,Orange,,Juice Orange And Zest,,1,no,2 different product variants but come from the same product = “zest” “juice”
,Produce,Orange,,Zest Orange,Orange zest,1,no,
,Produce,Pak Choi,,Pak Choi,,3,no,
,Produce,Peach,,Peach,,3,no,
,Produce,Peach,,Peach Slice,,1,no,“slice” = qty
,Produce,Peas,,Peas,,5,no,
,Produce,Persian Cucumber,Cucumber,Persian Cucumber,,10,no,
,Produce,Pineapple,,Pineapple,,1,no,
,Produce,Pink Radish,Radish,Pink Radish,,0,no,
,Produce,Pint Cherry Tomato,Tomatoes,Pint Cherry Tomato,,0,no,“pint” = qty
,Produce,Potato,,Potato,,0,yes,
,Produce,Pumpkin Pur E,Pumpkin,Pumpkin Pur E,Pumpkin puree,5,no,
,Produce,Pumpkin Puree,Pumpkin,Pumpkin Puree,,10,no,
,Produce,Purple Cabbage,Cabbage,Purple Cabbage,,2,no,
,Produce,Quick Pickled Ribbon Cucumber And Carrot,Salad,Quick Pickled Ribbon Cucumber And Carrot,,1,no,
,Produce,Radish,,Radish,,1,no,
,Produce,Raspberry,Berries,Raspberry,,7,yes,
,Produce,Raspberry And Blueberry,Berries,Raspberry And Blueberry,,1,no,"2 products = “raspberry” , “blueberryy"""
,Produce,Red Apple,Apple,Red Apple,,1,no,
,Produce,Red Birdseye Chilli,Chillies,Red Birdseye Chilli,,1,no,
,Produce,Red Cabbage,Cabbage,Red Cabbage,Purple cabbage,4,no,
,Produce,Red Capsicum,Peppers,Red Capsicum,,2,no,
,Produce,Red Chilli,Salad,Red Chilli,,9,no,
,Produce,Red Onion,Onion,Red Onion,,29,no,
,Produce,Rocket,Salad,Rocket,,2,no,
,Produce,Romaine,Salad,Romaine,Romaine Lettuce,2,no,
,Produce,Romaine Lettuce,Salad,Romaine Lettuce,,1,no,
,Produce,Salad Tomato,Tomatoes,Salad Tomato,,0,no,
,Produce,Sambal Chilli Paste,Chillies,Sambal Chilli Paste,,1,no,
,Produce,Serve Corn Tortillas,Tortilla,Serve Corn Tortillas,Corn tortilla,1,no,"“serve"" = qty"
,Produce,Serving Warmed Berry,Berries,Serving Warmed Berry,,1,no,“Serving” = qty ; “warm” = preparation method
,Produce,Shallot,Onion,Shallot,,8,no,
,Produce,Shelled Edamame,Edamame,Shelled Edamame,,2,no,
,Produce,Shiitake Mushroom,Mushroom,Shiitake Mushroom,,2,no,
,Produce,Spinach,Salad,Spinach,,7,no,
,Produce,Spinach,Salad,Big Handful Spinach Leave,Spinach,1,no,“big handful” = qty
,Produce,Spinach,Salad,Big Spinach Leaf,Spinach,0,no,“Big” = qty
,Produce,Spring Onion,Onion,Spring Onion,,50,yes,
,Produce,Spring Onion,Onion,Green Onion,,26,no,
,Produce,Spring Onion,Onion,Scallion,,6,no,
,Produce,Spring Onion,Onion,Extra Green Onion,Green onion,1,no,“Extra” = qty
,Produce,Spring Onion,Onion,Green Onion Stem,Green onion,1,no,“stem” = qty
,Produce,Spring Onion,Onion,Spring Onion Green,Spring onion,1,no,
,Produce,Spring Onion,Onion,Spring Onion Stem,Spring onion,1,no,“stem” = qty
,Produce,Spring Onion Shallot,Onion,Scallion Shallot,Shallot,0,no,
,Produce,Stem Chinese Broccoli,Broccoli,Stem Chinese Broccoli,Chinese Broccoli,2,no,“stem” = qty
,Produce,Strawberry,Berries,Strawberry,,3,no,
,Produce,Sweet Potato,Potatoes,Sweet Potato,,8,yes,
,Produce,Tender Stem Broccoli,Broccoli,Tender Stem Broccoli,Tenderstem Broccoli,2,no,
,Produce,Tenderstem Broccoli,Broccoli,Tenderstem Broccoli,,1,no,
,Produce,Thai Basil,Basil,Thai Basil Leave,Thai Basil,3,no,“leave” = qty
,Produce,Thai Basil,Basil,Thai Basil,,1,no,
,Produce,Thai Chilli,Chillies,Thai Chilli,,0,no,
,Produce,Tomato,,Tomato,,5,no,
,Produce,Tomato,,Tomato Slice,Tomato,1,no,“slice” = qty
,Produce,Topping Avocado,Avocado,Topping Avocado,Avocado,1,no,“topping” - notes = as a topping of a dish = qty
,Produce,Topping Banana,Banana,Topping Banana,Banana,1,no,“topping” - notes = as a topping of a dish = qty
,Produce,Vine Tomato,Tomatoes,Vine Tomato,,0,no,
,Produce,Warmed Berry,Berries,Warmed Berry,Berries,0,no,“Warmed” = preparation method
,Produce,White Cabbage,Cabbage,Cabbage,White Cabbage,2,no,
,Produce,White Cabbage,Cabbage,White Cabbage,,2,no,
,Produce,Yellow Onion,Onion,Onion,Yellow onion,16,yes,
,Produce,Yellow Onion,Onion,Yellow Onion,,4,no,
,Produce,Yellow Onion,Onion,White Onion,,3,no,
,Produce,Yellow Onion,Onion ,Brown Onion,,1,no,
,Produce,Zucchini,,Zucchini,,3,no,
,Produce,Bell Pepper,Peppers,Bell Pepper,,2,no,
,Produce,Carrot From Broth,Carrots,Carrot From Broth,,1,no,
,Produce,Green Pepper,Peppers,Green Pepper,,2,no,
,Produce,Red Bell Pepper,Peppers,Red Bell Pepper,,4,no,
,Produce,Red Capsicum Bell Pepper,Peppers,Red Capsicum Bell Pepper,Red Bell Pepper,0,no,
,Produce,Red Pepper,Peppers,Red Pepper,Red Bell Pepper,7,no,
Snacks & Confectionery,,,,,,,,
,Snacks & Confectionery,Peanut Butter Cup,,Peanut Butter Cup,,1,no,
,Snacks & Confectionery,Chocolate,,Chocolate,,4,no,
,Snacks & Confectionery,Chocolate Chip,Chocolate,Chocolate Chip,,9,no,
,Snacks & Confectionery,Chocolate Chip,Chocolate,Chocolate Chip Topping,,1,no,“topping” - notes = as a topping of a dish = qty
,Snacks & Confectionery,Chocolate Chip,Chocolate,Dairy-free Chocolate Chip,,1,no,
,Snacks & Confectionery,Chocolate Chip,Chocolate,Mini Chocolate Chip,,1,no,
,Snacks & Confectionery,Chocolate Chip,Chocolate,Mini Dairy-free Chocolate Chip,,1,no,
,Snacks & Confectionery,Chocolate Chip,Chocolate,Serving Chocolate Chip,Chocolate Chip,1,no,"""serving"" = qty"
,Snacks & Confectionery,Chocolate Shaving,Chocolate,Chocolate Shaving,,1,no,
,Snacks & Confectionery,Corn Chip,,Corn Chip,,1,no,
,Snacks & Confectionery,Cube Chocolate,Chocolate,Cube Chocolate,,1,no,“cube” = qty
,Snacks & Confectionery,Dairy-free Chocolate,Chocolate,Dairy-free Chocolate,,1,no,
,Snacks & Confectionery,Dark Chocolate,Chocolate,Dark Chocolate,,16,yes,
,Snacks & Confectionery,Dark Chocolate,Chocolate,Dairy-free Dark Chocolate,,1,no,
,Snacks & Confectionery,Dark Chocolate Chip,Chocolate,Dark Chocolate Chip,,14,no,
,Snacks & Confectionery,Dark Chocolate Chip,Chocolate,Dark Chocolate Chip Topping,,2,no,“topping” - notes = as a topping of a dish = qty
,Snacks & Confectionery,Dark Chocolate Chip,Chocolate,Dark Chocolate Chunk,,1,no,“chunk” = qty
,Snacks & Confectionery,Dark Chocolate Chip,Chocolate,Mini Dark Chocolate Chip,,1,no,
,Snacks & Confectionery,Vegan Chocolate Chip,Chocolate,Vegan Chocolate Chip,,1,no,
,Snacks & Confectionery,White Chocolate,Chocolate,White Chocolate,,1,no,
,Snacks & Confectionery,White Chocolate Bar,Chocolate,White Chocolate Bar,,1,no,“bar” = qty
,Snacks & Confectionery,Low-carb Cinnamon Cracker,,Low-carb Cinnamon Cracker,,1,no,
Spices & Herbs,,,,,,,,
,Spices & Herbs,Everything Bagel Seasoning,,Everything Bagel Seasoning,,1,no,
,Spices & Herbs,Black Peppercorn,,Black Peppercorn,,1,no,
,Spices & Herbs,Cardamon,,Cardamon,,1,no,
,Spices & Herbs,Chinese Sesame Paste,,Chinese Sesame Paste,,1,no,
,Spices & Herbs,Chinese Spice,,Chinese Spice,,1,no,
,Spices & Herbs,Laksa Paste,,Laksa Paste,,1,no,
,Spices & Herbs,Lemongrass,,Lemongrass,Lemongrass,3,no,
,Spices & Herbs,Lemongrass,,Lemongras Stalk,,1,no,
,Spices & Herbs,Mixed Spice,,Mixed Spice,,1,no,
,Spices & Herbs,Msg,,Msg,,2,no,
,Spices & Herbs,Peppercorn,,Peppercorn,,1,no,
,Spices & Herbs,Pepperoncini,,Pepperoncini,,1,no,
,Spices & Herbs,Sambal Oelak,,Sambal Oelak,,1,no,
,Spices & Herbs,Coriander Seed,,Coriander Seed,,2,no,
,Spices & Herbs,Fennel Seed,,Fennel Seed,,1,no,
,Spices & Herbs,Basil,,Basil,,4,yes,
,Spices & Herbs,Basil,,Basil Leave,Basil,2,no,
,Spices & Herbs,Basil,,Big Handful Basil,,1,no,“big handful” = qty
,Spices & Herbs,Basil And Parsley,,Basil And Parsley,,1,no,2 products: basil & parsley
,Spices & Herbs,Chilli Flakes,,Chilli Flake,Chilli flakes,8,no,
,Spices & Herbs,Chilli Flakes,,Red Pepper Flake,,2,no,
,Spices & Herbs,Chilli Flakes,,Chili Flake,,1,no,
,Spices & Herbs,Chilli Flakes,,Korean Chilli Flake,,1,no,
,Spices & Herbs,Chilli Flakes,,Red Chilli Flake,,1,no,
,Spices & Herbs,Coriander,,Coriander,,34,yes,
,Spices & Herbs,Coriander,,Cilantro,Coriander,9,no,
,Spices & Herbs,Coriander,,Coriander Leave,,4,no,“leave” = qty
,Spices & Herbs,Coriander,,Coriander Stalk,,1,no,“Stalk” = qty
,Spices & Herbs,Coriander Root,Coriander,Coriander Root,,1,no,
,Spices & Herbs,Dill,,Dill,,8,no,
,Spices & Herbs,Garlic Granule,Garlic granules,Garlic Granule,Garlic granules ,10,no,
,Spices & Herbs,Garlic Powder,Garlic granules,Garlic Powder,Garlic granules,30,no,
,Spices & Herbs,Ginger Powder,,Ginger Powder,,1,no,
,Spices & Herbs,Onion Powder,,Onion Powder,,8,no,
,Spices & Herbs,Parsley,,Parsley,,11,no,
,Spices & Herbs,Pumpkin Pie Spice,,Pumpkin Pie Spice,,9,no,
,Spices & Herbs,Adobo Seasoning Salt,,Adobo Seasoning Salt,,1,no,
,Spices & Herbs,Aleppo Pepper,,Aleppo Pepper,,2,no,
,Spices & Herbs,Bay Leaf,Bay Leaves,Bay Leaf,Bay Leaves,0,no,
,Spices & Herbs,Bay Leave,Bay Leaves,Bay Leave,Bay Leaves,1,no,
,Spices & Herbs,Black Pepper,,Black Pepper,,14,no,
,Spices & Herbs,Black Salt,,Black Salt,,1,no,
,Spices & Herbs,Cardamom Pod,,Cardamom Pod,,1,no,
,Spices & Herbs,Cayenne,Cayenne Pepper,Cayenne,Cayenne Pepper,1,no,
,Spices & Herbs,Cayenne Pepper,Cayenne Pepper,Cayenne Pepper,Cayenne Pepper,4,no,
,Spices & Herbs,Cayenne Powder,Cayenne Pepper,Cayenne Powder,Cayenne Pepper,1,no,
,Spices & Herbs,Chile Lime Seasoning,,Chile Lime Seasoning,,3,no,
,Spices & Herbs,Chilli Powder,,Chilli Powder,,4,no,
,Spices & Herbs,Chilli Powder,,Chili Powder,,3,no,
,Spices & Herbs,Chilli Powder,,Red Chilli Powder,Chili Powder,2,no,
,Spices & Herbs,Chilli Powder,,Mild Chilli Powder,,1,no,
,Spices & Herbs,Chinese Five Spice,,Chinese Five Spice,,2,no,
,Spices & Herbs,Chipotle Powder,,Chipotle Powder,,6,no,
,Spices & Herbs,Chipotle Taco Seasoning,,Chipotle Taco Seasoning,,0,no,
,Spices & Herbs,Cinnamon,,Cinnamon,,38,no,
,Spices & Herbs,Cinnamon,,Cinnamon Stick,,2,no,
,Spices & Herbs,Cinnamon And,Cinnamon,Cinnamon And,Cinnamon,0,no,
,Spices & Herbs,Cinnamon And Ginger,,Cinnamon And Ginger,,1,no,2 different products: “Cinnamon” ; “Ginger” = both spices & herbs
,Spices & Herbs,Cinnamon Quill,Cinnamon,Cinnamon Quill,Cinnamon Stick,1,no,
,Spices & Herbs,Clove,,Clove,,4,no,
,Spices & Herbs,Cooking Salt,Salt,Cooking Salt,,3,no,
,Spices & Herbs,Cooking Salt Kosher Salt,Salt,Cooking Salt Kosher Salt,Salt,0,no,
,Spices & Herbs,Crack Black Pepper,Black Pepper,Crack Black Pepper,Black Pepper,1,no,“crack” = qty
,Spices & Herbs,Cracked Pepper,Black Pepper,Cracked Pepper,Black Pepper,1,no,“cracked” = preparation method
,Spices & Herbs,Cumin,,Cumin,,14,no,
,Spices & Herbs,Cumin Seed,Cumin,Cumin Seed,,1,no,
,Spices & Herbs,Curry Powder,,Curry Powder,,8,no,
,Spices & Herbs,Curry Powder,,Mild Curry Powder,,1,no,
,Spices & Herbs,Fine Sea Salt,Salt,Fine Sea Salt,,1,no,
,Spices & Herbs,Five Spice,,Five Spice,,1,no,
,Spices & Herbs,Flakey Salt,Salt,Flakey Salt,,1,no,
,Spices & Herbs,Flakey Sea Salt,Salt,Flakey Sea Salt,,1,no,
,Spices & Herbs,Flakey Sea Salt Topping,Salt,Flakey Sea Salt Topping,Flakey Sea Salt,1,no,“topping” - notes = as a topping of a dish = qty
,Spices & Herbs,Flaky Salt,Salt,Flaky Salt,Flakey Salt,4,no,
,Spices & Herbs,Flaky Sea Salt,Salt,Flaky Sea Salt,Flakey Sea Salt,1,no,
,Spices & Herbs,Flaky Sea Salt And Black Pepper,,Flaky Sea Salt And Black Pepper,,0,no,2 product: “Flakey Sea Salt” ; “Black Pepper”
,Spices & Herbs,Flaky Sea Salt Topping,Salt,Flaky Sea Salt Topping,Flakey Sea Salt,1,no,“topping” - notes = as a topping of a dish = qty
,Spices & Herbs,Freshly Cracked Black Pepper,Black Pepper,Freshly Cracked Black Pepper,Black Pepper,1,no,“Freshly Cracked” = preparation method
,Spices & Herbs,Freshly Pepper,Black Pepper,Freshly Pepper,Black Pepper,1,no,
,Spices & Herbs,Garam Masala,,Garam Masala,,4,no,
,Spices & Herbs,Herb,,Herb,,0,no,
,Spices & Herbs,Kosher Salt,Salt,Kosher Salt,,7,no,
,Spices & Herbs,Les Than Nutmeg,Nutmeg,Little Les Than Nutmeg,Nutmeg,0,no,
,Spices & Herbs,Lot Black Pepper,Black Pepper,Lot Black Pepper,Black Pepper,1,no,“Lot” = qty
,Spices & Herbs,Mixed Herb,,Mixed Herb,,1,no,
,Spices & Herbs,More Herb,Mixed herb,More Herb,Mixed herb,1,no,
,Spices & Herbs,Nutmeg,,Nutmeg,,6,no,
,Spices & Herbs,Oregano,,Oregano,,11,no,
,Spices & Herbs,Paprika,,Paprika,,10,no,
,Spices & Herbs,Pepper,,Pepper,,3,no,
,Spices & Herbs,Pinche Flaky Sea Salt And Black Pepper,,Pinche Flaky Sea Salt And Black Pepper,,1,no,2 product: “Flakey Sea Salt” ; “Black Pepper”. “Pinche” = qty
,Spices & Herbs,Pinche Salt,Salt,Pinche Salt,Salt,1,no,“pinche” = qty
,Spices & Herbs,Pinche Salt Pepper,,Pinche Salt Pepper,,5,no,2 products: “Salt” ; “Pepper”. “pinche” = qty
,Spices & Herbs,Rock Salt,Salt,Rock Salt,,1,no,
,Spices & Herbs,Rosemary,,Rosemary,,1,no,
,Spices & Herbs,Salt,,Salt,,99,no,
,Spices & Herbs,Salt,,Big Salt,Salt,0,no,
,Spices & Herbs,Salt And Black Pepper,,Salt And Black Pepper,,2,no,2 products: “Salt” ; “Black Pepper”.
,Spices & Herbs,Salt And Cinnamon,,Salt And Cinnamon,,1,no,2 products: “Salt” ; “Cinnamon”
,Spices & Herbs,Salt And Cracked Pepper,,Salt And Cracked Pepper,,2,no,"2 products: “Salt” ; ""Pepper"" ."
,Spices & Herbs,Salt And Pepper,,Salt And Pepper,,24,no,"2 products: “Salt” ; ""Pepper"" ."
,Spices & Herbs,Salt And Pepper Season,,Salt And Pepper Season,,1,no,"2 products: “Salt” ; ""Pepper"" ."
,Spices & Herbs,Salt Black Pepper,,Salt Black Pepper,,1,no,"2 products: “Salt” ; “Black Pepper"" ."
,Spices & Herbs,Salt Pepper,,Salt Pepper,,7,no,"2 products: “Salt” ; ""Pepper"" ."
,Spices & Herbs,Sea Salt,Salt,Sea Salt,,14,no,
,Spices & Herbs,Sichuan Pepper,,Sichuan Pepper,,1,no,
,Spices & Herbs,Smoked Paprika,Paprika,Smoked Paprika,,17,no,
,Spices & Herbs,Star Anise,,Star Anise,,3,no,
,Spices & Herbs,Star Anise Pod,Star Anise,Star Anise Pod,Star Anise,1,no,“Pod” = qty
,Spices & Herbs,Stock,,Stock,,1,no,
,Spices & Herbs,Stock Cube,Stock,Stock Cube,Stock,1,no,"""Cube"" = qty"
,Spices & Herbs,Sumac,,Sumac,,3,no,
,Spices & Herbs,Sumac Sprinkle,Sumac,Sumac Sprinkle,Sumac,1,no,“Sprinkle” = qty
,Spices & Herbs,Sweet Paprika,Paprika,Sweet Paprika,,4,no,
,Spices & Herbs,Sweet Smoked Paprika,Paprika,Sweet Smoked Paprika,,1,no,
,Spices & Herbs,Taco Seasoning,,Taco Seasoning,,3,no,
,Spices & Herbs,Thai Chilli Powder,Chilli Powder,Thai Chilli Powder,,1,no,
,Spices & Herbs,Thyme,,Thyme,,4,no,
,Spices & Herbs,Thyme,,Thyme Leave,Thyme,2,no,
,Spices & Herbs,Thyme,,Thyme Leaf,Thyme,0,no,
,Spices & Herbs,Turmeric,Turmeric Powder,Turmeric,Turmeric Powder,9,no,
,Spices & Herbs,Turmeric Powder,,Turmeric Powder,,1,no,
,Spices & Herbs,Urfa Pepper,,Urfa Pepper,,1,no,
,Spices & Herbs,Veg Stock,Stock,Veg Stock,Vegetable Stock,1,no,
,Spices & Herbs,Vegetable Bouillon,Stock,Vegetable Bouillon,,1,no,
,Spices & Herbs,Vegetable Stock,Stock,Vegetable Stock,,3,no,
,Spices & Herbs,Veggie Broth,Broth,Veggie Broth,Vegetable Broth,1,no,
,Spices & Herbs,Water Bouillon,,Water Bouillon,,1,no,
,Spices & Herbs,White Pepper,,White Pepper,,11,no,
,Spices & Herbs,White Sugar Salt Dissolved In Boiling Water,,White Sugar Salt Dissolved In Boiling Water,,1,no,"2 products: ""White Sugar”; “Salt”. Preparation method = Dissolved In Boiling Water"