Ingredient,Category,Recipes using it,Pack size (qty),Pack unit (g / ml / each),Pack price (£),Price per 100g/100ml (£),Store,Example recipe line(s),Notes
Salt,Spices & Herbs,132,,g,,,,Pinch of salt | Salt and pepper,
Garlic,Produce,83,,each,,,,"2 garlic cloves | 2 garlic cloves, minced",
Maple Syrup,Pantry / Dry Goods,65,,g,,,,2 tbsp maple syrup | 1 tbsp maple syrup,
Soy Sauce,Condiments & Sauces,60,,ml,,,,1 heaped tbsp dark soy sauce | 1 tbsp soy sauce,
Vanilla Extract,Pantry / Dry Goods,60,,ml,,,,1 tsp vanilla extract | 1 tsp vanilla paste,
Olive Oil,Condiments & Sauces,47,,ml,,,,1 tbsp olive oil | Olive oil,
Cucumber,Produce,46,,each,,,,"Cucumber, sliced | Finely sliced cucumber",
Baking Powder,Pantry / Dry Goods,44,,g,,,,1/2 tbsp baking powder | 1 tsp baking powder,
Honey,Pantry / Dry Goods,44,,g,,,,1 tbsp honey or maple syrup | 210g honey,
Water,Other,42,,ml,,,,300ml water | 160ml water,
Greek Yogurt,Dairy & Eggs / Alt,38,,ml,,,,"60g 0% Greek yoghurt | 3 heaped tbsp thick Greek yoghurt, 0% or full fat (sub soya yoghurt to keep DF)",
Rolled Oat,Pantry / Dry Goods,38,,g,,,,3/4 cup rolled oats or oat flour | 2 cups oats,
Cinnamon,Spices & Herbs,36,,g,,,,1/2 tsp cinnamon | 1 tsp cinnamon,
Garlic Powder,Spices & Herbs,34,,g,,,,1 tbsp garlic powder | 2 tsp garlic powder,
Sesame Oil,Condiments & Sauces,33,,ml,,,,1 tsp sesame oil | 2 tsp toasted sesame oil,
Rice Vinegar,Condiments & Sauces,28,,ml,,,,½ tbsp rice vinegar | 1 tbsp rice vinegar,
Baking Soda,Pantry / Dry Goods,28,,g,,,,1/2 tsp baking soda | ½ tsp baking soda,
Coconut Oil,Condiments & Sauces,27,,ml,,,,1 tsp melted coconut oil | 2 tsp coconut oil,
Carrot,Produce,27,,each,,,,"1 cup grated carrot | 1 carrot, julienned",
Chocolate Chips,Snacks & Confectionery,26,,g,,,,10g chocolate chips | Chocolate chips,
Rice,Pantry / Dry Goods,25,,g,,,,"Toasted rice, ground (key ingredient — toast raw rice in a dry pan until golden, then grind) | sticky rice",
Sesame Seed,Pantry / Dry Goods,23,,g,,,,½ tsp sesame seeds | 1 tsp sesame seeds (optional),
Lemon Juice,Condiments & Sauces,22,,ml,,,,Juice of 1 large lemon | 2 tbsp lemon juice,
Chia Seed,Pantry / Dry Goods,22,,g,,,,1/4 cup chia seeds | 60g (¼ cup) chia seeds,
Sugar,Pantry / Dry Goods,22,,g,,,,1 tbsp sugar | 1 tsp sugar,
Fish Sauce,Meat & Seafood / Protein,19,,ml,,,,4 tbsp fish sauce | 1 tsp fish sauce (optional),
Shallot,Produce,18,,each,,,,"2 shallots | 1 shallot, finely diced",
Black Pepper,Spices & Herbs,18,,g,,,,¼ teaspoon black pepper | ½ teaspoon ground black pepper,
Oat Flour,Pantry / Dry Goods,17,,g,,,,4 tbsp oat flour | 20g oat flour,
Smoked Paprika,Spices & Herbs,17,,g,,,,2 tsp smoked paprika | ½ teaspoon smoked paprika,
Coconut Sugar,Pantry / Dry Goods,15,,g,,,,1 tbsp coconut sugar | 15g coconut sugar,
Pumpkin Puree,Produce,14,,each,,,,240g (1 cup) pumpkin purée | 1 1/2 cups pumpkin puree,
Coconut Milk,Canned & Jarred,13,,ml,,,,200ml coconut milk | 3/4 cup (4oz) coconut milk,
Lemon,Produce,12,,each,,,,"2 lemons | 1 lemon, juice and zest",
Miso Paste,Condiments & Sauces,11,,ml,,,,1 tbsp white miso paste | 1 tbsp miso paste,
Brown Sugar,Pantry / Dry Goods,11,,g,,,,1 tbsp brown sugar | 1 tbsp brown sugar or equivalent sweetener (e.g. erythritol),
Tomato,Produce,11,,each,,,,"2 large tomatoes, deseeded and diced | 400g crushed tomatoes",
Chocolate Protein Powder,Snacks & Confectionery,11,,g,,,,30g chocolate protein powder | 75g chocolate protein powder,
Cumin,Spices & Herbs,11,,g,,,,½ tsp cumin | 1 teaspoon ground cumin,
Oregano,Spices & Herbs,11,,g,,,,1 tsp oregano | 1 tbsp oregano,
Red Pepper,Spices & Herbs,11,,g,,,,"1 red bell pepper, chopped | 1 red pepper, cut into thin slices",
Chilli Oil,Condiments & Sauces,10,,ml,,,,1 tsp chilli oil | 1 tbsp chilli oil (optional),
Vegetable Oil,Condiments & Sauces,10,,ml,,,,"Vegetable oil, to cook | 1 tbsp vegetable oil",
Jalapeno,Produce,10,,each,,,,"1 jalapeño, finely diced | jalapeños, avocado, hot sauce, lime",
Parsley,Produce,10,,g,,,,"3 tbsp chopped parsley | large handful parsley, chopped",
White Pepper,Spices & Herbs,10,,g,,,,¼ tsp white pepper | ½ tsp white pepper,
Rice Paper,Bakery,9,,each,,,,10 rice paper sheets | Rice paper,
Dijon Mustard,Condiments & Sauces,9,,ml,,,,1 tablespoon Dijon mustard | 3 tbsp Dijon mustard,
Oyster Sauce,Condiments & Sauces,9,,ml,,,,1 tbsp oyster sauce | 2 tbsp oyster sauce (check GF),
Tahini,Condiments & Sauces,9,,ml,,,,1/3 cup tahini | 3/4 cup tahini,
Almond Butter,Dairy & Eggs / Alt,9,,g,,,,1 tbsp almond butter | 2 tbsp almond butter,
Prawn,Meat & Seafood / Protein,9,,g,,,,160g prawns (protein of choice) | 180g raw king prawns,
Almond Flour,Pantry / Dry Goods,9,,g,,,,3/4 cup almond flour | 1.5 cups almond flour,
Cornflour,Pantry / Dry Goods,9,,g,,,,1 tsp cornflour | 1 tbsp cornflour,
Edamame,Produce,9,,g,,,,4 tbsp edamame | 160g edamame,
Mint,Produce,9,,g,,,,Large handful fresh mint | 3 tbsp fresh mint,
Red Chilli,Produce,9,,each,,,,red chilli | 1/2 red chilli,
Cacao Powder,Snacks & Confectionery,9,,g,,,,1 tsp raw cacao powder | 2 tsp cacao powder,
Paprika,Spices & Herbs,9,,g,,,,1 tbsp paprika | 1 tsp paprika,
Pumpkin Pie Spice,Spices & Herbs,9,,g,,,,1 tsp pumpkin pie spice | 1/2 tsp pumpkin pie spice,
Turmeric,Spices & Herbs,9,,g,,,,1 tsp ground turmeric | ½ tsp turmeric,
Chilli Crisp,Condiments & Sauces,8,,ml,,,,Chilli crisp | 1 tbsp chilli crisp,
Almond Milk,Dairy & Eggs / Alt,8,,ml,,,,4 oz almond milk | 150ml almond milk,
Tuna,Meat & Seafood / Protein,8,,g,,,,1 can of tuna | 2 tins tuna,
Bean Sprout,Pantry / Dry Goods,8,,g,,,,1½ cups bean sprouts | 3 cups bean sprouts,
Plain Flour,Pantry / Dry Goods,8,,g,,,,1 cup gluten free all purpose flour | 1 cup plain flour,
Banana,Produce,8,,each,,,,1 frozen ripe banana | Sliced bananas or blueberries for filling,
Feta,Dairy & Eggs / Alt,7,,g,,,,1 cup feta cheese | 60g feta,
Firm Tofu,Meat & Seafood / Protein,7,,g,,,,"1 x firm block tofu (about 280g), cut into 1cm cubes | 450g firm tofu, crumbled",
Neutral Oil,Other,7,,ml,,,,2 tbsp neutral oil | 1 tsp neutral oil,
Nutritional Yeast,Pantry / Dry Goods,7,,g,,,,1/3 cup nutritional yeast | 1 tbsp nutritional yeast,
Pecan,Pantry / Dry Goods,7,,g,,,,"¼ cup pecans or walnuts, crushed | Handful of pecans (optionally toasted)",
White Sugar,Pantry / Dry Goods,7,,g,,,,6 tsp white sugar | 1 tsp white sugar (or honey or maple),
Cherry Tomato,Produce,7,,each,,,,"handful cherry tomatoes, halved | 10 cherry tomatoes",
Dill,Produce,7,,g,,,,1 tsp dried dill | 3 tbsp finely chopped fresh dill,
Spinach,Produce,7,,g,,,,1–2 handfuls baby spinach or chopped kale (optional) | 2 handfuls fresh spinach,
Chilli Flake,Spices & Herbs,7,,g,,,,Pinch of chilli flakes (optional) | Pinch of chilli flakes,
Chilli Powder,Spices & Herbs,7,,g,,,,1 tsp chilli powder (gochugaru or similar) | 1.5 tbsp chili powder,
Chif,Other,6,,g,,,,"1/4 cup chives, finely chopped | 1-2 tbsp chives",
Coconut Amino,Pantry / Dry Goods,6,,g,,,,⅓ cup coconut aminos | 1 tablespoon coconut aminos,
Jasmine Rice,Pantry / Dry Goods,6,,g,,,,250g jasmine rice | 1.5 cups jasmine rice,
Cabbage,Produce,6,,each,,,,¼ white cabbage | ½ cup shredded cabbage,
Cilantro,Produce,6,,g,,,,2 tbsp fresh cilantro | large handful chopped cilantro,
Red Cabbage,Produce,6,,each,,,,"1/2 small purple cabbage, shredded | 1 cup red cabbage, very thinly shredded",
Chipotle Powder,Spices & Herbs,6,,g,,,,1 tsp chipotle powder | ½ tbsp chipotle powder,
Curry Powder,Spices & Herbs,6,,g,,,,1 tsp curry powder | 2 tsp curry powder,
Gochujang,Condiments & Sauces,5,,ml,,,,1 tbsp gochujang paste | 2 tbsp gochujang,
Tamari,Condiments & Sauces,5,,ml,,,,2 tbsp tamari | 4 tbsp tamari,
Plant Milk,Dairy & Eggs / Alt,5,,ml,,,,4 tbsp plant-based milk | 130ml plant milk,
Salmon,Meat & Seafood / Protein,5,,g,,,,2 salmon fillets (cubed) | 1 salmon fillet,
Boiling Water,Other,5,,ml,,,,1 cup boiling water | Boiling water,
Thai Red Curry Paste,Other,5,,g,,,,2 tsp Thai red curry paste | 1 tbsp Thai red curry paste,
Flour,Pantry / Dry Goods,5,,g,,,,100g flour | 1 1/4 cups flour (or GF flour),
Vermicelli Noodle,Pantry / Dry Goods,5,,g,,,,"75g / 2.5oz dried vermicelli noodles (or glass noodles or rice) | 270g vermicelli noodles, somen or soba noodles",
Walnut,Pantry / Dry Goods,5,,g,,,,30g walnuts | Walnuts,
Tomato Paste,Produce,5,,each,,,,3 tbsp tomato paste | 1 tbsp tomato paste,
Nutmeg,Spices & Herbs,5,,g,,,,1/4 tsp nutmeg | Dash of nutmeg,
Rice Cake,Bakery,4,,each,,,,3 rice cakes | 2 rice cakes (or corn thins),
Coconut Cream,Canned & Jarred,4,,g,,,,150ml coconut cream | 1/2 cup coconut cream,
Gochugaru,Condiments & Sauces,4,,ml,,,,2-3 tsp gochugaru (or regular chilli flakes) | 1 tbsp gochugaru,
Cashew Butter,Dairy & Eggs / Alt,4,,g,,,,3/4 cup cashew butter | 1/4 cup cashew butter,
Coconut Yogurt,Dairy & Eggs / Alt,4,,ml,,,,360g coconut yogurt | 1/2 cup coconut yogurt or coconut whip topping,
Parmesan,Other,4,,g,,,,Grated parmesan | 20g grated parmesan,
Rice Noodle,Pantry / Dry Goods,4,,g,,,,120g rice noodles | 200g rice noodles,
Vegetable Stock,Pantry / Dry Goods,4,,ml,,,,750ml vegetable stock | 1l vegetable stock (1-2 stock cubes),
Lemongrass,Produce,4,,each,,,,"1 lemongrass stalk | 2 tsp fresh lemongrass, finely grated, white part only (sub 1 tbsp paste)",
Peach,Produce,4,,each,,,,1 peach | Chopped peaches,
Sweetcorn,Produce,4,,g,,,,2 cups (~300g) sweetcorn | 250g sweetcorn,
Thyme,Produce,4,,each,,,,1½ tbsp dried thyme | 1 tsp thyme,
Sweet Paprika,Spices & Herbs,4,,g,,,,1 tbsp sweet paprika | 1 tsp sweet paprika,
Hoisin Sauce,Condiments & Sauces,3,,ml,,,,2½ tbsp hoisin sauce | Hoisin sauce (check GF),
Mirin,Condiments & Sauces,3,,ml,,,,1 tbsp mirin | 1-2 tbsp mirin to taste,
Pickle Juice,Condiments & Sauces,3,,ml,,,,1 tbsp pickle juice | 2-3 tbsp pickle juice,
Red Wine Vinegar,Condiments & Sauces,3,,ml,,,,2 tbsp red wine vinegar | 1 tbsp red wine vinegar,
Cream Cheese,Dairy & Eggs / Alt,3,,g,,,,"1/4 cup light cream cheese (95% light) | 7 oz cream cheese, softened",
Oat Milk,Dairy & Eggs / Alt,3,,ml,,,,440g oat milk | Oat milk,
Shrimp,Meat & Seafood / Protein,3,,g,,,,"½ lb Argentine red shrimp, raw | 7oz shrimp, peeled & deveined",
Almond,Pantry / Dry Goods,3,,g,,,,100ml almond or milk of choice | 1 cup ground almonds,
Chickpea,Pantry / Dry Goods,3,,g,,,,"½ tin chickpeas, drained (~120g) | ⅓ tin chickpeas",
Desiccated Coconut,Pantry / Dry Goods,3,,g,,,,1 tsp desiccated coconut | 50g desiccated coconut,
Nori,Pantry / Dry Goods,3,,g,,,,"1 sheet nori, torn | 3 sheets roasted nori, torn or cut into pieces",
Powdered Sugar,Pantry / Dry Goods,3,,g,,,,3/4 cup powdered sugar | 1 cup powdered sugar,
Pumpkin Seed,Pantry / Dry Goods,3,,g,,,,Pumpkin seeds for topping | pumpkin seeds to garnish,
Quinoa,Pantry / Dry Goods,3,,g,,,,150g quinoa | Cooked quinoa (frozen microwave quinoa works well),
Sushi Rice,Pantry / Dry Goods,3,,g,,,,"270g sushi rice | 2¼ cups (450g) cooked sushi rice, seasoned with 3 tbsp rice wine vinegar and 1 tsp sugar",
Sweetener,Pantry / Dry Goods,3,,g,,,,1/3 cup sweetener (stevia or splenda brown sugar) | 1 tbsp sweetener,
Tamarind Paste,Pantry / Dry Goods,3,,g,,,,"1 small tbsp tamarind paste | 1 tsp each tamarind paste, honey, fish sauce, sriracha",
Wide Rice Noodle,Pantry / Dry Goods,3,,g,,,,"200g dried wide rice noodles, prepared per packet | 200g (7oz) dried wide rice stick noodles, or 450g (15oz) fresh wide flat rice noodles (Sen Yai)",
Bok Choy,Produce,3,,each,,,,"2 heads bok choy, chopped | bok choy, sliced lengthways",
Celery,Produce,3,,each,,,,"1-2 medium stalks celery (40-80g), finely chopped | 1/3 cup chopped celery",
Lemon Zest,Produce,3,,each,,,,1 tbsp lemon zest | 2 tsp lemon zest,
Mint Leaf,Produce,3,,g,,,,2 cups each mint leaves + coriander/cilantro sprigs | Handful fresh mint leaves,
Pak Choi,Produce,3,,each,,,,"2 pak choi, roughly chopped | 2 pak choi, halved and microwaved 2 min in water, then drained",
Pickled Jalapeno,Produce,3,,each,,,,Pickled jalapeno | 1 tablespoon pickled jalapeños,
Radish,Produce,3,,each,,,,"Handful of radish (about 100g), thinly sliced | Handful radishes",
Strawberry,Produce,3,,each,,,,"4 medium strawberries, hulled and sliced | ¼ cup (38g) sliced strawberries",
Zucchini,Produce,3,,each,,,,"1 small zucchini, shredded (or sub with cabbage) | 1 zucchini, diced",
Cayenne Pepper,Spices & Herbs,3,,g,,,,¼ tsp cayenne pepper | ¼–½ tsp cayenne pepper,
Star Anise,Spices & Herbs,3,,g,,,,"1 star anise, optional | 3 star anise",
Sumac,Spices & Herbs,3,,g,,,,1 tbsp sumac (+ extra to finish) | 1.5 tsp sumac,
Taco Seasoning,Spices & Herbs,3,,g,,,,2 packets taco seasoning (check GF brand) | 2 tbsp taco seasoning (check GF),
Crusty Bread,Bakery,2,,g,,,,"Good crusty bread to serve | 2 slices crusty bread, torn into small pieces",
Tortilla,Bakery,2,,each,,,,"warm tortillas, avocado slices, lime wedges for serving | Small tortillas, warmed",
Chinese Cooking Wine,Beverages,2,,ml,,,,"3 tbsp Chinese cooking wine (Shaoxing wine, sub low-salt chicken stock) | 1½ tbsp Chinese cooking wine",
Espresso,Beverages,2,,ml,,,,1 espresso shot | 1 shot espresso,
White Wine,Beverages,2,,ml,,,,1 tbsp white wine or apple cider vinegar | 120ml white wine,
Aleppo Pepper,Condiments & Sauces,2,,g,,,,1 tbsp Aleppo pepper or chili flakes of choice | 1 tsp Aleppo pepper,
Chilli Crunch Oil,Condiments & Sauces,2,,ml,,,,1 tsp chilli crunch oil | ¼ tsp chilli crunch oil,
Harissa,Condiments & Sauces,2,,ml,,,,1 tbsp harissa | 1 heaped tsp harissa,
Runny Tahini,Condiments & Sauces,2,,ml,,,,3 tbsp runny tahini | 1 cup runny tahini,
Smooth Dijon Mustard,Condiments & Sauces,2,,ml,,,,1 tsp smooth Dijon mustard | 1 tbsp smooth Dijon mustard,
White Wine Vinegar,Condiments & Sauces,2,,ml,,,,50ml white wine vinegar | 1 tbsp white wine vinegar,
Cottage Cheese,Dairy & Eggs / Alt,2,,g,,,,1 1/2 cups cottage cheese | 2 cups cottage cheese,
Cream,Dairy & Eggs / Alt,2,,ml,,,,250ml cream (oat cream works) | ½ cup cream,
Fat Greek Yogurt,Dairy & Eggs / Alt,2,,ml,,,,200g 0% fat Greek yogurt or protein yogurt | 50g 0% fat Greek yogurt,
Plain Soya Yoghurt,Dairy & Eggs / Alt,2,,ml,,,,100g plain soya yoghurt | 3 tbsp plain soya yoghurt,
Plain Yoghurt,Dairy & Eggs / Alt,2,,ml,,,,4 tbsp plain yoghurt (sub soya yoghurt to keep DF) | ½ cup plain yoghurt,
Soy Milk,Dairy & Eggs / Alt,2,,ml,,,,1/3 cup soy milk | 2 tbsp soy milk,
Cod,Meat & Seafood / Protein,2,,g,,,,2 cod fillets (or any fish) | 2 cod fillets,
Lean Turkey,Meat & Seafood / Protein,2,,g,,,,1 lb lean ground turkey (99/1 for maximum protein) | 450g (1 lb) 99% lean ground turkey,
Tofu,Meat & Seafood / Protein,2,,g,,,,"150g tofu, medium firm | tofu (or sub with chicken)",
Olif,Other,2,,g,,,,"Handful of olives, halved | 1 tbsp olives",
Plain,Other,2,,g,,,,2 tbsp plain or Greek yoghurt | 75g (¼ cup + 1 tbsp) plain or Greek yoghurt,
Red Curry Paste,Other,2,,g,,,,1 tbsp red curry paste | 2 tbsp red curry paste,
Black Bean,Pantry / Dry Goods,2,,g,,,,"1 (15 oz) can black beans, drained and rinsed | ¼ cup black beans",
Black Sesame Seed,Pantry / Dry Goods,2,,g,,,,Black sesame seeds,
Brown Rice,Pantry / Dry Goods,2,,g,,,,"250g cooked brown rice, cooled | 1.5 cups cooked brown rice",
Brown Sugar Substitute,Pantry / Dry Goods,2,,g,,,,2 tbsp brown sugar substitute (or regular brown sugar) | 1/2 cup brown sugar substitute (or regular brown sugar),
Cashew,Pantry / Dry Goods,2,,g,,,,"½ cup cashews, crushed | small handful cashews",
Caster Sugar,Pantry / Dry Goods,2,,g,,,,2 tbsp caster sugar | 2 tsp caster sugar,
Chickpea Flour,Pantry / Dry Goods,2,,g,,,,1 cup chickpea flour or quinoa flour | 1 tbsp chickpea flour,
Coconut,Pantry / Dry Goods,2,,g,,,,3/4 cup coconut or cane sugar | 1/2 cup (105g) coconut or cane sugar,
Coconut Flour,Pantry / Dry Goods,2,,g,,,,40g coconut flour | 15g coconut flour,
Glutinous Rice Flour,Pantry / Dry Goods,2,,g,,,,Glutinous rice flour | Glutinous rice flour (regular rice flour will not work),
Green Bean,Pantry / Dry Goods,2,,g,,,,"120g green beans, cut in half | Handful of green beans",
Palm Sugar,Pantry / Dry Goods,2,,g,,,,1 tbsp grated palm sugar (or brown sugar) | 1 tbsp palm sugar or brown sugar,
Raisin,Pantry / Dry Goods,2,,g,,,,40g raisins | Raisins or dates,
Ramen Noodle,Pantry / Dry Goods,2,,g,,,,170g (6oz) dried ramen noodles (2 packets — use GF rice noodles) | 150–200g ramen noodles (approx. 2 packets — use GF rice noodles to keep GF),
Self-raising Flour,Pantry / Dry Goods,2,,g,,,,1/2 cup self rising flour | 1 cup self rising flour (sub AP flour with 1 tsp baking powder),
Sunflower And Sesame Seed Blend,Pantry / Dry Goods,2,,g,,,,1 cup ground sunflower and sesame seed blend (radiant blend) | 2 cups sunflower and sesame seed blend,
Beetroot,Produce,2,,each,,,,"1 medium raw beetroot, peeled | 40g cooked beetroot, diced (canned is fine)",
Corn,Produce,2,,g,,,,2 cups roasted corn (canned works too) | ¼ cup corn,
Courgette,Produce,2,,each,,,,"1 small courgette, grated | 1 large courgette (or 2 small), peeled into ribbons or julienned",
Dill Pickle,Produce,2,,g,,,,"3 dill pickles, chopped | 4-5 baby dill pickles, chopped",
Lettuce,Produce,2,,each,,,,"Lettuce, chopped | lettuce",
Mango,Produce,2,,each,,,,"1 mango, diced (or frozen mango pieces) | 200g fresh mango (pre-blended or whole; can use frozen)",
Rocket,Produce,2,,g,,,,handful of rocket | 4 cups (80g) rocket (arugula) or greens of choice,
Romaine,Produce,2,,each,,,,1 head of romaine | 1 large head of romaine,
Salad Tomato,Produce,2,,each,,,,"3 salad tomatoes | 3 salad tomatoes, roughly chopped",
Shelled Edamame,Produce,2,,g,,,,"1 cup shelled edamame, cooked | Handful of shelled edamame",
Thai Chilli,Produce,2,,each,,,,"1–3 Thai chillies (adjust to heat preference) | 2 Thai chillies, chopped finely",
Thyme Leaf,Produce,2,,each,,,,"2–3 tbsp fresh thyme leaves, roughly chopped | Handful of thyme leaves (about 30g)",
Tomato Puree,Produce,2,,each,,,,1 tbsp tomato purée | 2 tbsp tomato puree,
Bell Pepper,Spices & Herbs,2,,g,,,,"2 tbsp bell pepper, minced | ¼ bell pepper",
Chinese Five Spice,Spices & Herbs,2,,g,,,,1 tsp Chinese five spice,
Flakey Sea Salt,Spices & Herbs,2,,g,,,,Flakey sea salt for topping | Flakey sea salt,
Flaky Sea Salt,Spices & Herbs,2,,g,,,,Flaky sea salt | Flaky sea salt for topping,
Garam Masala,Spices & Herbs,2,,g,,,,1 tsp garam masala | 1½ tsp garam masala,
Green Pepper,Spices & Herbs,2,,g,,,,"1 green pepper, diced | 1 green pepper",
Msg,Spices & Herbs,2,,g,,,,Pinch MSG | ½ tsp MSG (optional),
Red Pepper Flake,Spices & Herbs,2,,g,,,,pinch red pepper flakes | ½ tbsp red pepper flakes,
Bread,Bakery,1,,g,,,,2 slices bread (use GF bread to keep GF),
Bread Choice,Bakery,1,,g,,,,2 slices bread of choice (sourdough),
Chocolate Rice Cake,Bakery,1,,each,,,,2 chocolate rice cakes (~14g),
Gf Bread,Bakery,1,,g,,,,"2 slices GF bread, crusts removed",
Gf Wrap,Bakery,1,,each,,,,"GF wraps, sandwiches, or as a salad topper",
King Arthur Gluten Bread Flour,Bakery,1,,g,,,,"800g King Arthur Gluten Free Bread Flour, plus more for dusting",
Low-carb Tortilla,Bakery,1,,each,,,,low-carb tortillas,
Rice Paper Roll,Bakery,1,,each,,,,6 rice paper rolls,
Soft Roll,Bakery,1,,g,,,,"4 soft rolls, split and lightly toasted",
Sourdough,Bakery,1,,g,,,,2 slices of sourdough,
White Bread,Bakery,1,,g,,,,1 slice white bread (blitzed to breadcrumbs),
Wholemeal Pita,Bakery,1,,g,,,,1 wholemeal pita,
Wholemeal Pita Bread,Bakery,1,,g,,,,1 wholemeal pita bread,
Chilled Espresso,Beverages,1,,ml,,,,1-2 shots chilled espresso,
Coffee,Beverages,1,,ml,,,,100ml coffee (sweetened to taste),
Instant Coffee Dissolved In Water,Beverages,1,,ml,,,,1 tsp instant coffee dissolved in 1 tbsp hot water (optional),
Scant Bicarbonate Soda,Beverages,1,,ml,,,,1 scant tsp bicarbonate of soda,
Canned Jalapeno,Canned & Jarred,1,,g,,,,"1 tbsp canned jalapeño, finely chopped",
Canned Pumpkin Puree,Canned & Jarred,1,,g,,,,1/2 cup canned pumpkin puree,
Full Fat Coconut Milk,Canned & Jarred,1,,ml,,,,1¾ cups full fat coconut milk,
Full-fat Coconut Milk,Canned & Jarred,1,,ml,,,,1 tin (400ml) full-fat coconut milk,
Light Canned Tuna,Canned & Jarred,1,,g,,,,"6 oz light canned tuna, drained",
Light Coconut Milk,Canned & Jarred,1,,ml,,,,3/4 cup light coconut milk,
Low Fat Coconut Milk,Canned & Jarred,1,,ml,,,,1/3 cup low fat coconut milk (or 1/4 cup full fat topped up with water),
Passata,Canned & Jarred,1,,g,,,,400g passata,
Tomato Passata,Canned & Jarred,1,,g,,,,1⅔ cups tomato passata (tomato puree),
Adobo Sauce,Condiments & Sauces,1,,ml,,,,2 tbsp adobo sauce (from a tin of chipotle peppers),
Black Vinegar,Condiments & Sauces,1,,ml,,,,2 tsp black vinegar,
Chili Garlic Sauce,Condiments & Sauces,1,,ml,,,,1 tbsp chili garlic sauce,
Chipotle Pepper In Adobo Sauce,Condiments & Sauces,1,,g,,,,1 chipotle pepper in adobo sauce,
Chocolate Chip With Coconut Oil,Condiments & Sauces,1,,ml,,,,1/4 cup chocolate chips melted with 1 tsp coconut oil,
Dark Soy,Condiments & Sauces,1,,ml,,,,1 tsp dark soy (sub regular),
Enchilada Sauce,Condiments & Sauces,1,,ml,,,,1½ cups enchilada sauce (sugar-free),
Garlic Chilli Crunch,Condiments & Sauces,1,,ml,,,,1–2 tbsp garlic chilli crunch (e.g. Fly by Jing),
Gf Oyster Sauce,Condiments & Sauces,1,,ml,,,,1 tsp GF oyster sauce,
Gf Soy Sauce,Condiments & Sauces,1,,ml,,,,1 tsp GF soy sauce,
Gluten Hoisin Sauce,Condiments & Sauces,1,,ml,,,,2 tbsp gluten free hoisin sauce,
Gluten Soy Sauce,Condiments & Sauces,1,,ml,,,,¼ cup gluten free soy sauce,
Gluten-free Hoisin Sauce,Condiments & Sauces,1,,ml,,,,2 tbsp gluten-free hoisin sauce,
Gluten-free Oyster Sauce,Condiments & Sauces,1,,ml,,,,3 tbsp gluten-free oyster sauce,
Gluten-free Soy Sauce,Condiments & Sauces,1,,ml,,,,1 tbsp gluten-free soy sauce | ¼ cup gluten-free soy sauce,
Gochugaru Flake,Condiments & Sauces,1,,ml,,,,1-2 tbsp gochugaru flakes,
High Tahini,Condiments & Sauces,1,,ml,,,,2 tbsp high quality tahini,
Hoisin,Condiments & Sauces,1,,ml,,,,2 tbsp hoisin,
Juice From Lemon,Condiments & Sauces,1,,ml,,,,Juice from 3 lemons,
Juice Half Lemon,Condiments & Sauces,1,,ml,,,,Juice of half a lemon,
Juice Orange And Zest,Condiments & Sauces,1,,ml,,,,juice of 1 large orange and 1 tsp zest,
Light Olive Oil,Condiments & Sauces,1,,ml,,,,Light drizzle of olive oil,
Low Sodium Tamari,Condiments & Sauces,1,,ml,,,,2 tsp low sodium tamari | 1/3 cup low sodium tamari,
Malt Vinegar,Condiments & Sauces,1,,ml,,,,4 tbsp malt vinegar (sub red wine vinegar),
Miso Soup,Condiments & Sauces,1,,ml,,,,Miso soup or broth of choice,
Nando S Garlic Sauce,Condiments & Sauces,1,,ml,,,,20g Nando's garlic sauce,
Peri Peri Sauce,Condiments & Sauces,1,,ml,,,,3 tbsp Peri Peri Sauce (above),
Red Enchilada Sauce,Condiments & Sauces,1,,ml,,,,15oz red enchilada sauce,
Reduced-sodium Soy Sauce,Condiments & Sauces,1,,ml,,,,2 tbsp reduced-sodium soy sauce,
Refined Coconut Oil,Condiments & Sauces,1,,ml,,,,"1/4 cup refined coconut oil, melted and cooled",
Sambal Chilli Paste,Condiments & Sauces,1,,ml,,,,1 tsp sambal chilli paste,
Soy Protein,Condiments & Sauces,1,,ml,,,,60g soy protein,
Soy Skyr,Condiments & Sauces,1,,ml,,,,200g soy skyr,
Tb Olive Oil,Condiments & Sauces,1,,ml,,,,2 tb olive oil | 1 tb olive oil,
Teriyaki Sauce,Condiments & Sauces,1,,ml,,,,60ml (¼ cup) teriyaki sauce,
Thai Chilli Oil,Condiments & Sauces,1,,ml,,,,Thai chilli oil to serve,
Tomato Garlic Pasta Sauce,Condiments & Sauces,1,,ml,,,,509g jar tomato roasted garlic pasta sauce (choose lowest-ingredient brand available),
Tomato Sauce,Condiments & Sauces,1,,ml,,,,115g (4oz) tin tomato sauce,
Vinegar,Condiments & Sauces,1,,ml,,,,1 tbsp vinegar,
Worcestershire Sauce,Condiments & Sauces,1,,ml,,,,1 tbsp Worcestershire sauce (15g),
Zest And Juice Lemon,Condiments & Sauces,1,,ml,,,,zest and juice of 1 large lemon,
Butter Coffee Protein Powder,Dairy & Eggs / Alt,1,,g,,,,1.25 scoops butter coffee protein powder,
Cheddar Cheese,Dairy & Eggs / Alt,1,,g,,,,Cheddar cheese,
Chocolate Powdered Peanut Butter,Dairy & Eggs / Alt,1,,g,,,,1 tbsp chocolate powdered peanut butter,
Chunky Peanut Butter,Dairy & Eggs / Alt,1,,g,,,,2 heaped tbsp chunky peanut butter,
Cotija Cheese Crumble,Dairy & Eggs / Alt,1,,g,,,,cotija cheese crumbles,
Creamy Peanut Butter,Dairy & Eggs / Alt,1,,ml,,,,3/4 cup creamy peanut butter,
Dairy Milk Choice,Dairy & Eggs / Alt,1,,ml,,,,3 tbsp (40g) dairy free milk of choice,
Dairy-free Yoghurt,Dairy & Eggs / Alt,1,,ml,,,,Dairy-free yoghurt,
Fat Greek Yoghurt,Dairy & Eggs / Alt,1,,ml,,,,150g (⅔ cup) 0% fat Greek yoghurt or protein yoghurt (sub soya or coconut yoghurt to keep DF),
Full-fat Greek Yoghurt,Dairy & Eggs / Alt,1,,ml,,,,2 heaped tbsp full-fat Greek yoghurt (sub soya yoghurt to keep DF),
Hazelnut Butter,Dairy & Eggs / Alt,1,,g,,,,12g hazelnut butter,
Kefir Yogurt,Dairy & Eggs / Alt,1,,ml,,,,100g kefir yogurt,
Light Sour Cream,Dairy & Eggs / Alt,1,,ml,,,,¾ cup light sour cream,
Low Fat Yogurt,Dairy & Eggs / Alt,1,,ml,,,,low fat yogurt,
Mexican Cheese Blend,Dairy & Eggs / Alt,1,,g,,,,1 cup shredded Mexican cheese blend,
Milk Pouring Over,Dairy & Eggs / Alt,1,,ml,,,,Extra milk for pouring over,
Non Fat Plain Greek Yogurt,Dairy & Eggs / Alt,1,,ml,,,,1/2 cup non fat plain Greek yogurt (113g),
Non-dairy Milk,Dairy & Eggs / Alt,1,,ml,,,,200ml non-dairy milk,
Nonfat Plain Greek Yogurt,Dairy & Eggs / Alt,1,,ml,,,,1/2 cup nonfat plain Greek yogurt,
Nush Protein Yoghurt,Dairy & Eggs / Alt,1,,ml,,,,1 tbsp Nush protein yoghurt,
Nut Butter Choice,Dairy & Eggs / Alt,1,,g,,,,15g nut butter of choice,
Nut Milk,Dairy & Eggs / Alt,1,,ml,,,,1 tbsp nut milk,
Plain Full Fat Yoghurt,Dairy & Eggs / Alt,1,,ml,,,,¼ cup plain full fat yoghurt (sub coconut or soya yoghurt to keep DF),
Plain Nonfat Greek Yogurt,Dairy & Eggs / Alt,1,,ml,,,,2/3 cup plain nonfat Greek yogurt,
Plain Yogurt,Dairy & Eggs / Alt,1,,ml,,,,2 tbsp plain yogurt | ¼ cup plain yogurt,
Pot Yoghurt Choice,Dairy & Eggs / Alt,1,,ml,,,,1 pot (~160g) yoghurt of choice (use dairy-free coconut or soya yoghurt to keep DF),
Powdered Peanut Butter,Dairy & Eggs / Alt,1,,g,,,,1/3 cup powdered peanut butter,
Protein Almond Milk,Dairy & Eggs / Alt,1,,ml,,,,1 cup protein almond milk or Fairlife milk,
Reduced Fat Cream Cheese,Dairy & Eggs / Alt,1,,g,,,,50g reduced fat cream cheese (sub dairy-free cream cheese e.g. Violife to keep DF),
Reduced Fat Mexican Blend Cheese,Dairy & Eggs / Alt,1,,g,,,,½ cup reduced fat Mexican blend shredded cheese (omit or sub DF cheese to keep DF),
Runny Nut Butter,Dairy & Eggs / Alt,1,,g,,,,"3 heaped tbsp runny nut butter (almond, peanut, or cashew)",
Sour Cream,Dairy & Eggs / Alt,1,,ml,,,,¼ cup sour cream or yoghurt,
Strained Yoghurt,Dairy & Eggs / Alt,1,,ml,,,,150g thick strained yoghurt (Greek or Skyr),
Unsalted Butter,Dairy & Eggs / Alt,1,,g,,,,30g / 2 tbsp unsalted butter | 50g / 3 tbsp extra unsalted butter,
Vanilla Greek Yoghurt,Dairy & Eggs / Alt,1,,ml,,,,Vanilla Greek yoghurt,
Vanilla Protein Yoghurt,Dairy & Eggs / Alt,1,,ml,,,,130g vanilla protein yoghurt,
Vegan Butter,Dairy & Eggs / Alt,1,,g,,,,2 tbsp vegan butter,
Vegan Yoghurt,Dairy & Eggs / Alt,1,,ml,,,,40g vegan yoghurt,
Whipped Cream Cheese,Dairy & Eggs / Alt,1,,g,,,,2 tbsp whipped cream cheese,
Yoghurt Sour Cream,Dairy & Eggs / Alt,1,,ml,,,,Yoghurt / sour cream,
Ice Cream,Frozen,1,,g,,,,Ice cream,
Vanilla Ice Cream,Frozen,1,,g,,,,Vanilla ice cream to serve,
And Deveined Shrimp,Meat & Seafood / Protein,1,,g,,,,"1 lb peeled and deveined shrimp, tails removed and minced",
Beef,Meat & Seafood / Protein,1,,g,,,,225g (½ lb) ground beef,
Beef Mince,Meat & Seafood / Protein,1,,g,,,,200g beef mince (20% fat),
Beef Stock,Meat & Seafood / Protein,1,,ml,,,,1/2 beef stock cube,
Chorizo,Meat & Seafood / Protein,1,,g,,,,70g chorizo,
Cured Ham,Meat & Seafood / Protein,1,,g,,,,2 slices cured ham (parma or serrano),
Drained Weight Tuna In Brine,Meat & Seafood / Protein,1,,g,,,,120g drained weight tuna in brine,
Extra-firm Tofu,Meat & Seafood / Protein,1,,g,,,,"1 block extra-firm tofu, pressed and grated on a box grater",
Firm White Fish,Meat & Seafood / Protein,1,,g,,,,1.2 lb / 600g firm white fish fillets,
High Lean Beef Mince,Meat & Seafood / Protein,1,,g,,,,500g high quality lean beef mince,
Jumbo Wild Caught Pink Shrimp,Meat & Seafood / Protein,1,,g,,,,"1 lb jumbo wild caught pink shrimp, peeled and deveined",
Lean Beef Mince,Meat & Seafood / Protein,1,,g,,,,500g lean beef mince,
Parma Ham,Meat & Seafood / Protein,1,,g,,,,"2-3 slices Parma ham, diced",
Pork,Meat & Seafood / Protein,1,,g,,,,150g minced pork,
Prawn Shrimp,Meat & Seafood / Protein,1,,g,,,,"300g / 10oz peeled whole cooked prawns/shrimp, split in half horizontally, poop short removed",
Prawn Tail,Meat & Seafood / Protein,1,,g,,,,"150g prawn tails, peeled and deveined",
Sashimi-grade Tuna,Meat & Seafood / Protein,1,,g,,,,"100g sashimi-grade tuna, diced (or canned tuna, salmon, chickpeas, or tofu)",
Silken Tofu,Meat & Seafood / Protein,1,,g,,,,"1 pack silken tofu (about 300g), drained",
Smoked Firm Tofu,Meat & Seafood / Protein,1,,g,,,,"1 × 225g block smoked firm tofu, crumbled",
Smoked Streaky Bacon,Meat & Seafood / Protein,1,,g,,,,4 slices smoked streaky bacon,
Soft Tofu Silken Tofu,Meat & Seafood / Protein,1,,g,,,,1 pack soft tofu/silken tofu (13.5oz),
Streaky Bacon,Meat & Seafood / Protein,1,,g,,,,"100g streaky bacon, chopped into small pieces",
Tempeh,Meat & Seafood / Protein,1,,g,,,,200g tempeh,
Tuna In Spring Water,Meat & Seafood / Protein,1,,ml,,,,"1 tin tuna in spring water, drained",
Tuna In Water,Meat & Seafood / Protein,1,,ml,,,,4 x 5oz cans tuna in water,
Tuna Steak,Meat & Seafood / Protein,1,,g,,,,2 tuna steaks,
Vegan Fish Sauce,Meat & Seafood / Protein,1,,ml,,,,1 tsp vegan fish sauce,
Wild Shrimp,Meat & Seafood / Protein,1,,g,,,,"400g raw wild shrimp, peeled and deveined",
Agave,Other,1,,g,,,,Agave (optional),
Agave Syrup,Other,1,,g,,,,1 tbsp agave syrup,
All Day Chick Pea Protein Crunch,Other,1,,g,,,,1/4 cup All Day Chick Pea Protein Crunch (from Sprouts),
Arrowroot,Other,1,,g,,,,1 tbsp arrowroot or cornstarch,
Arrowroot Starch,Other,1,,g,,,,2 tbsp arrowroot starch (or thickener of choice),
Asian Green,Other,1,,g,,,,"3 cups (~200g) Asian greens (Chinese broccoli/gai lan), cut into 5cm pieces",
Bamboo Shoot,Other,1,,g,,,,1 tin bamboo shoots,
Bee Pollen,Other,1,,g,,,,Bee pollen,
Bird Eye Chilly,Other,1,,g,,,,"2 birds eye chillies, deseeded and very finely chopped",
Bird Eye Red Chily,Other,1,,g,,,,"1–3 birds eye red chilies (1=mild, 3=medium spicy)",
Biscoff,Other,1,,g,,,,5g biscoff (melted) or almond butter for GF,
Black Peppercorn,Other,1,,g,,,,1 tsp black peppercorns,
Bone-in,Other,1,,g,,,,"1.5kg (3 lb) bone-in, skin-on chicken thighs",
Buckwheat,Other,1,,g,,,,1/4 cup buckwheat (soaked overnight in 1/2 cup water + 1/2 tbsp apple cider vinegar),
Cardamon,Other,1,,g,,,,⅛ tsp cardamon,
Chinese Sesame Paste,Other,1,,g,,,,2 tbsp Chinese sesame paste (sub tahini or peanut butter),
Chinese Spice,Other,1,,g,,,,1/2 tsp Chinese 5 spice,
Cooking Spray,Other,1,,g,,,,Cooking spray,
Cranberry,Other,1,,g,,,,2 tbsp dried cranberries,
Crumbled Stilton,Other,1,,g,,,,80g crumbled stilton,
Drop Red Food Colouring,Other,1,,g,,,,3 drops red food colouring (optional),
Filling Choice,Other,1,,g,,,,Filling of choice,
Flank Steak,Other,1,,g,,,,"250g flank steak, thinly sliced",
Flatbread,Other,1,,g,,,,Warm flatbreads or GF wraps,
Flaxseed,Other,1,,g,,,,1 tbsp flaxseeds,
Flora Salted,Other,1,,g,,,,3 tbsp Flora Salted (or butter),
Fruit,Other,1,,g,,,,Fresh fruit,
Fry,Other,1,,g,,,,Fries (optional),
Gai Lan,Other,1,,g,,,,bunch of gai lan,
Gherkin,Other,1,,g,,,,"1 small gherkin, finely chopped",
Gluten-free,Other,1,,g,,,,20g gluten-free or oat flour,
Gluten-free Self-raising,Other,1,,g,,,,"50g gluten-free self-raising, plain, or oat flour",
Gnocchi,Other,1,,g,,,,500g gnocchi,
Granary Breadcrumb,Other,1,,g,,,,60g granary breadcrumbs (blitzed from granary bread),
Granola,Other,1,,g,,,,Granola (check GF),
Grass-fed Gelatin,Other,1,,g,,,,"1 tbsp grass-fed gelatin, bloomed in 1/2 cup water",
Hazelnut,Other,1,,g,,,,3/4 cup ground hazelnuts | 1 tbsp chopped toasted hazelnuts,
Heart Palm,Other,1,,g,,,,"3 cans (3 × 400g) hearts of palm, drained and mashed",
Horseradish,Other,1,,g,,,,horseradish to taste (approx 2 heaped tsp),
Hummus,Other,1,,g,,,,Hummus,
Kimchi,Other,1,,g,,,,"2 cups kimchi, finely chopped",
Laksa Paste,Other,1,,g,,,,2 tbsp laksa paste (or red curry paste),
Lightly Salted,Other,1,,g,,,,2 lightly salted or plain rice cakes,
Linguine,Other,1,,g,,,,300g linguine or pasta (use GF pasta or rice noodles to keep GF),
Liquid Smoke,Other,1,,g,,,,1 tsp liquid smoke (optional),
Macadamia,Other,1,,g,,,,Handful of crushed macadamias,
Mangetout,Other,1,,g,,,,Handful mangetout,
Matcha Powder,Other,1,,g,,,,2g matcha powder,
Meat,Other,1,,g,,,,"450g ground meat (beef, chicken, pork, or a mix)",
Milled Flaxseed,Other,1,,g,,,,1½ tbsp (10g) milled flaxseeds | 3 tbsp milled flaxseeds,
Miracle Whip,Other,1,,g,,,,1/2 cup miracle whip (120g) or mayo,
Mixed Spice,Other,1,,g,,,,1 tsp mixed spice,
Neutral Cooking Oil,Other,1,,ml,,,,1½ tbsp neutral cooking oil,
Neutral Oil Frying,Other,1,,ml,,,,Neutral oil for frying,
Olive,Other,1,,g,,,,1 tablespoon olive or avocado oil,
Orzo,Other,1,,g,,,,150g orzo,
Pak Choy,Other,1,,g,,,,1 pak choy,
Pancake And Waffle Mix,Other,1,,g,,,,2 cups pancake and waffle mix,
Pancake Mix,Other,1,,g,,,,28g (1/4 cup) pancake mix,
Pbfit Powder,Other,1,,g,,,,1 tbsp PBfit powder,
Pbfit Powder Mixed With Little Water Form Paste,Other,1,,g,,,,2 tbsp (14g) PBfit powder mixed with a little water to form a paste,
Peppercorn,Other,1,,g,,,,½ tsp whole peppercorns,
Pepperoncini,Other,1,,g,,,,1/4 cup chopped pepperoncini,
Pistachio,Other,1,,g,,,,"5g pistachios (around 10), crushed — half for base, half for topping",
Plain Oil,Other,1,,ml,,,,"2 tbsp plain oil (canola, veg, or peanut)",
Ponzu,Other,1,,g,,,,2 tbsp ponzu,
Precooked Jasmine,Other,1,,g,,,,250g precooked jasmine or sushi rice (125g per portion),
Psyllium Husk,Other,1,,g,,,,14g psyllium husk,
Red,Other,1,,g,,,,2 tbsp red or white wine vinegar,
Red Chilly,Other,1,,g,,,,"Red chillies, finely sliced (optional)",
Relish,Other,1,,g,,,,1/3 cup relish (del monte),
Salsa,Other,1,,g,,,,Salsa,
Seaweed Salad,Other,1,,g,,,,1 tbsp seaweed salad (~10g),
Seaweed Thin,Other,1,,g,,,,1 packet of seaweed thins,
Second Cooking Spray Oil,Other,1,,ml,,,,2 second cooking spray oil,
Second Spray Oil,Other,1,,ml,,,,1 second spray oil,
Sichuan,Other,1,,g,,,,"Sichuan or regular chilli oil, to drizzle",
Side Salad,Other,1,,g,,,,Side salad,
Smoked Cheddar,Other,1,,g,,,,"50g smoked cheddar, grated (sub dairy-free cheddar e.g. Violife to keep DF)",
Soft Pitta,Other,1,,g,,,,1 soft pitta,
Stevia,Other,1,,g,,,,1/2 tsp stevia,
Sunbutter,Other,1,,g,,,,2 tbsp sunbutter,
Tabasco,Other,1,,g,,,,Dashes of Tabasco,
Thai Bird S Eye Chilly,Other,1,,g,,,,"3 Thai bird's eye chillies, finely diced (reduce for less heat)",
Udon Nest,Other,1,,g,,,,2 udon nests,
Vegan Protein Pancake Mix,Other,1,,g,,,,50g vegan protein pancake mix,
Vegetable Bouillon,Other,1,,g,,,,2 tbsp vegetable bouillon,
Wasabi Paste,Other,1,,g,,,,1 tsp wasabi paste,
Water Chestnut,Other,1,,ml,,,,1 tin water chestnuts,
Watercress,Other,1,,g,,,,1 cup (60g) fresh watercress,
- Rice,Pantry / Dry Goods,1,,g,,,,100-150g cooked rice,
All Purpose Flour,Pantry / Dry Goods,1,,g,,,,4 tbsp all purpose flour,
Almond Extract,Pantry / Dry Goods,1,,ml,,,,Dash of almond extract,
Arrowroot Flour,Pantry / Dry Goods,1,,g,,,,1/2 cup organic arrowroot flour (or tapioca flour or cornstarch),
Big Vanilla,Pantry / Dry Goods,1,,g,,,,Big dash vanilla,
Black And White Sesame Seed Coating,Pantry / Dry Goods,1,,g,,,,black and white sesame seeds for coating,
Blanched Almond Flour,Pantry / Dry Goods,1,,g,,,,2 cups blanched almond flour,
Bone Broth,Pantry / Dry Goods,1,,g,,,,2 cups bone broth or water,
Broth Choice,Pantry / Dry Goods,1,,g,,,,⅓ cup broth of choice,
Brown Coconut Sugar,Pantry / Dry Goods,1,,g,,,,1 tsp brown/coconut sugar,
Brown Precooked Rice,Pantry / Dry Goods,1,,g,,,,250g pack brown precooked rice,
Carrot From Broth,Pantry / Dry Goods,1,,g,,,,Sliced carrots from the broth,
Cauliflower Rice,Pantry / Dry Goods,1,,g,,,,Cauliflower rice or rice of choice,
Coconut Flake,Pantry / Dry Goods,1,,g,,,,Coconut flakes,
Coconut Shred,Pantry / Dry Goods,1,,g,,,,1 cup coconut shreds,
Coconut Sugar Dusting,Pantry / Dry Goods,1,,g,,,,1 tbsp extra coconut sugar for dusting,
Cornflour Mixed With Water,Pantry / Dry Goods,1,,ml,,,,1 tsp cornflour mixed with 50ml water,
Demerara Sugar,Pantry / Dry Goods,1,,g,,,,1 tsp demerara sugar,
Dry Jasmine Rice,Pantry / Dry Goods,1,,g,,,,1¼ cups dry jasmine rice (sub Kaizen high-protein rice if available for a protein boost),
Dry Peanut,Pantry / Dry Goods,1,,g,,,,"⅓ cup (45g) dry roasted peanuts, roughly chopped",
Dry Quinoa,Pantry / Dry Goods,1,,g,,,,1 cup dry quinoa,
Dry Rice Noodle,Pantry / Dry Goods,1,,g,,,,60g dry rice noodles,
Dry-weight Pasta,Pantry / Dry Goods,1,,g,,,,120g dry-weight pasta,
Edamame Bean,Pantry / Dry Goods,1,,g,,,,handful frozen edamame beans,
Fine Blanched Almond Flour,Pantry / Dry Goods,1,,g,,,,1/3 cup fine blanched almond flour,
Flat Baking Powder,Pantry / Dry Goods,1,,g,,,,1 flat tsp baking powder,
Flat Rice Noodle,Pantry / Dry Goods,1,,g,,,,360g (13oz) dried thin flat rice noodles (or 600g fresh),
Flax Meal,Pantry / Dry Goods,1,,g,,,,2 tbsp flax meal,
Gf Flour,Pantry / Dry Goods,1,,g,,,,2 tbsp GF flour,
Glass Vermicelli Noodle,Pantry / Dry Goods,1,,g,,,,"200–300g glass vermicelli noodles, soaked in hot water 5–7 min, then drained",
Gluten All Purpose Flour Substitute,Pantry / Dry Goods,1,,g,,,,1 cup (170g) gluten free all purpose flour substitute,
Heaping Flour,Pantry / Dry Goods,1,,g,,,,1 heaping cup flour (blended rolled oats),
Hemp Seed,Pantry / Dry Goods,1,,g,,,,1 tbsp hemp seeds,
Instant Laksa Noodle,Pantry / Dry Goods,1,,g,,,,2 packs instant laksa noodles (reserve flavour sachets — check GF),
Instant Noodle,Pantry / Dry Goods,1,,g,,,,"140g / 5oz instant noodles, ramen, knife-cut or Taiwanese wide flat noodle (or 250g / 8oz fresh noodles like hokkien or lo mein)",
Instant Vermicelli Rice Noodle,Pantry / Dry Goods,1,,g,,,,1 serving instant vermicelli rice noodles,
Instant Yeast,Pantry / Dry Goods,1,,g,,,,14g instant yeast,
Kaizen Rice,Pantry / Dry Goods,1,,g,,,,"Kaizen rice (or regular rice, quinoa, or cauli rice)",
Microwave Rice,Pantry / Dry Goods,1,,g,,,,1/2 pack microwave rice or 60g sushi rice,
Mix Chia Seed And Pumpkin Seed,Pantry / Dry Goods,1,,g,,,,Mix of chia seeds and pumpkin seeds,
Mixed Nut,Pantry / Dry Goods,1,,g,,,,50g chopped roasted mixed nuts,
Mixed Seed,Pantry / Dry Goods,1,,g,,,,3 tbsp mixed seeds,
Natural Sweetener,Pantry / Dry Goods,1,,g,,,,1/3 cup natural sweetener | 2 tbsp natural sweetener,
Peanut Oil,Pantry / Dry Goods,1,,ml,,,,2 tbsp peanut oil (or any neutral oil),
Pecan And Pumpkin Seed,Pantry / Dry Goods,1,,g,,,,2 tbsp chopped pecans and pumpkin seeds,
Plant-based Vanilla Protein Powder,Pantry / Dry Goods,1,,g,,,,1/4 cup plant-based vanilla protein powder,
Pomegranate Seed,Pantry / Dry Goods,1,,g,,,,2 tbsp pomegranate seeds,
Poppy Seed,Pantry / Dry Goods,1,,g,,,,Poppy seeds (optional),
Pouch Jasmine Rice,Pantry / Dry Goods,1,,g,,,,1/2 pouch jasmine rice,
Powdered Monk Fruit Sweetener,Pantry / Dry Goods,1,,g,,,,3 tbsp powdered monk fruit sweetener,
Powdered Monkfruit Sweetener,Pantry / Dry Goods,1,,g,,,,1–2 tbsp powdered monkfruit sweetener or alternative sweetener,
Precooked Brown Rice,Pantry / Dry Goods,1,,g,,,,250g precooked brown rice,
Preferred Sweetener,Pantry / Dry Goods,1,,g,,,,85g (1/2 cup) preferred sweetener (e.g. monk fruit),
Pure Vanilla Extract,Pantry / Dry Goods,1,,ml,,,,2 tsp pure vanilla extract,
Quinoa Flake,Pantry / Dry Goods,1,,g,,,,30g quinoa flakes,
Ramen Noodle Use Gf Rice Noodle,Pantry / Dry Goods,1,,g,,,,4 × 100g packets ramen noodles — use GF rice noodles,
Reserved Noodle Water,Pantry / Dry Goods,1,,ml,,,,480ml (2 cups) reserved noodle water or vegetable stock,
Reserved Pasta Water,Pantry / Dry Goods,1,,ml,,,,1–2 tbsp reserved pasta water,
Rice Malt Syrup,Pantry / Dry Goods,1,,g,,,,1 tbsp rice malt syrup,
Rice Vermicelli Noodle,Pantry / Dry Goods,1,,g,,,,100g rice vermicelli noodles (uncooked),
Runny Honey,Pantry / Dry Goods,1,,g,,,,1–2 tsp runny honey,
Self Raising Flour,Pantry / Dry Goods,1,,g,,,,25g self raising flour (can use GF),
Sesame Seed Coat,Pantry / Dry Goods,1,,g,,,,Sesame seeds to coat,
Somen Noodle,Pantry / Dry Goods,1,,g,,,,200g somen noodles (or thin rice noodles for GF),
Steamed Rice,Pantry / Dry Goods,1,,g,,,,Steamed rice,
Sugar Maple Syrup,Pantry / Dry Goods,1,,g,,,,2 tbsp sugar free maple syrup (or regular),
Sugar Snap Pea,Pantry / Dry Goods,1,,g,,,,"1 cup sugar snap peas, diced",
Sugar-free Maple Syrup,Pantry / Dry Goods,1,,g,,,,2 tbsp sugar-free maple syrup,
Sweetener Choice,Pantry / Dry Goods,1,,g,,,,Sweetener of choice (optional),
Tamarind Puree,Pantry / Dry Goods,1,,g,,,,2½ tbsp tamarind purée,
Tb Honey,Pantry / Dry Goods,1,,g,,,,"1–2 tb honey or maple syrup (optional, for sweetness)",
Udon Noodle,Pantry / Dry Goods,1,,g,,,,200g udon noodles,
Vanilla Bean Paste,Pantry / Dry Goods,1,,g,,,,1/2 tsp vanilla bean paste (or 1/2 tbsp maple syrup + 1/2 tsp vanilla extract),
Vanilla Plant Protein Powder,Pantry / Dry Goods,1,,g,,,,~30g vanilla plant protein powder (or ¼ cup wholemeal plain flour — sub GF oat flour to keep GF),
Vermicelli,Pantry / Dry Goods,1,,g,,,,150g vermicelli (thin mung bean noodles),
Vermicelli Rice Noodle,Pantry / Dry Goods,1,,g,,,,"200g vermicelli rice noodles, cooked and drained",
Wheat Flour,Pantry / Dry Goods,1,,g,,,,1 1/2 cup whole wheat flour,
Wholemeal Flour,Pantry / Dry Goods,1,,g,,,,100g wholemeal flour,
Asparagus,Produce,1,,each,,,,"1 bunch asparagus, cut into 1in pieces (can blanch if preferred)",
Batch Quick Pickled Carrot And Daikon,Produce,1,,each,,,,1 batch quick pickled carrots and daikon (see below) OR 2 carrots finely julienned,
Big Spinach Leaf,Produce,1,,g,,,,3 big handfuls fresh spinach leaves or 150g baby spinach,
Bird Eye Red Chilli,Produce,1,,each,,,,"3 birds eye red chilli, finely sliced (optional)",
Box Strawberry,Produce,1,,each,,,,"3/4 box strawberries, stems removed and thinly diced",
Brine From Jalapeno,Produce,1,,each,,,,1 tbsp brine from jalapeño jar,
Carrot And White Radish,Produce,1,,each,,,,"2 medium carrots and 1/2 large white radish (daikon), peeled and cut into 2mm batons",
Chili Crunch,Produce,1,,each,,,,1 tablespoon chili crunch | 2 tablespoons chili crunch,
Chilli Garlic Paste,Produce,1,,each,,,,1 tbsp chilli garlic paste,
Chilli Paste,Produce,1,,each,,,,1 tsp chilli paste,
Cucumber And Carrot,Produce,1,,each,,,,"cucumber and carrot, peeled into ribbons",
Curly Kale,Produce,1,,each,,,,"2 large handfuls curly kale, destalked and roughly shredded",
Dill Parsley,Produce,1,,g,,,,"1 tbsp dill/parsley, finely chopped",
English Cucumber,Produce,1,,each,,,,1 english cucumber,
European Cucumber,Produce,1,,each,,,,"1 European cucumber, diced",
Freshly Garlic,Produce,1,,each,,,,1 tsp freshly minced garlic,
Garlic Oil,Produce,1,,each,,,,Garlic oil,
Garlic Paste,Produce,1,,each,,,,1/2 tsp garlic paste,
Green Capsicum,Produce,1,,each,,,,"1 green capsicum, sliced",
Green Leaf Lettuce,Produce,1,,each,,,,"½–1 bunch green leaf lettuce, chopped",
Herb,Produce,1,,g,,,,More fresh herbs,
Iceberg Lettuce,Produce,1,,each,,,,"5 cups iceberg lettuce, finely sliced",
Jalapeno Brine,Produce,1,,each,,,,2 tbsp jalapeño brine,
Jalapeno From,Produce,1,,each,,,,1–2 tbsp diced jalapeños from a jar,
Kale,Produce,1,,each,,,,2 handfuls kale (about 100g),
Lebanese Cucumber,Produce,1,,each,,,,"2 Lebanese cucumbers, sliced into rounds",
Leek,Produce,1,,each,,,,"1 large leek, finely sliced",
Lettuce Choice,Produce,1,,each,,,,lettuce of choice,
Lettuce Leaf,Produce,1,,each,,,,Lettuce leaves,
Little Gem Lettuce,Produce,1,,each,,,,little gem lettuce,
Long Red Chilli,Produce,1,,each,,,,1 long red chilli,
Mango Chutney,Produce,1,,each,,,,1 tbsp mango chutney | 1 tsp mango chutney,
Mini Cucumber,Produce,1,,each,,,,1 mini cucumber,
Mixed Herb,Produce,1,,g,,,,Pinch of dried mixed herbs,
Peach Jam,Produce,1,,each,,,,Peach jam,
Pickled Chilli,Produce,1,,each,,,,1 tsp pickled chilli,
Pink Radish,Produce,1,,each,,,,10 pink radishes,
Pint Cherry Tomato,Produce,1,,each,,,,1 pint cherry tomatoes,
Pumpkin Spice Granola,Produce,1,,g,,,,1/4 cup pumpkin spice granola,
Quick Pickled Ribbon Cucumber And Carrot,Produce,1,,each,,,,"quick pickled ribbons of cucumber and carrot (rice vinegar, maple syrup, salt)",
Red Birdseye Chilli,Produce,1,,each,,,,"1 red birdseye chilli, finely chopped (or other hot chili)",
Red Capsicum,Produce,1,,each,,,,"1 red capsicum (bell pepper), deseeded and finely sliced",
Romaine Lettuce,Produce,1,,each,,,,1 head romaine lettuce,
Rosemary,Produce,1,,each,,,,½ tsp dried rosemary,
Scallion Shallot,Produce,1,,each,,,,"3 scallion/shallot stalks, cut on the diagonal",
Sun Tomato,Produce,1,,each,,,,4-5 sun dried tomatoes,
Sun-dried Tomato Paste,Produce,1,,each,,,,1 heaped tsp sun-dried tomato paste,
Sundried Tomato,Produce,1,,each,,,,"4 sun-dried tomatoes, finely chopped",
Sundried Tomato In Oil,Produce,1,,each,,,,10–12 sundried tomatoes in oil,
Sundried Tomato Puree,Produce,1,,each,,,,1 tbsp sundried tomato purée,
Vine Tomato,Produce,1,,each,,,,"2 vine tomatoes, deseeded and diced",
Warmed Berry,Produce,1,,g,,,,1 serving warmed frozen berries,
Zest From Lemon,Produce,1,,each,,,,Zest from 1 lemon,
Zest Orange,Produce,1,,each,,,,Zest of 1 orange,
Baking Cacao,Snacks & Confectionery,1,,g,,,,Baking cacao for topping,
Cacao Nib,Snacks & Confectionery,1,,g,,,,Cacao nibs,
Chocolate Casein Protein Powder,Snacks & Confectionery,1,,g,,,,70g (3/4 cup) chocolate casein protein powder,
Chocolate Shaving,Snacks & Confectionery,1,,g,,,,Chocolate shavings,
Corn Chip,Snacks & Confectionery,1,,g,,,,"Corn chips or bread rolls, to serve",
Dairy-free Chocolate,Snacks & Confectionery,1,,g,,,,40g dairy-free chocolate,
Dairy-free Chocolate Chip,Snacks & Confectionery,1,,g,,,,1/2 cup dairy-free chocolate chips (for folding in) | 1/2 cup dairy-free chocolate chips + 1 tsp coconut oil (for drizzling),
Mini Chocolate Chip,Snacks & Confectionery,1,,g,,,,2 tbsp mini chocolate chips,
Mini Dairy-free Chocolate Chip,Snacks & Confectionery,1,,g,,,,1/4 cup mini dairy-free chocolate chips (divided),
Vegan Chocolate Chip,Snacks & Confectionery,1,,g,,,,Vegan chocolate chips,
Vegan Chocolate Hazelnut Protein Powder,Snacks & Confectionery,1,,g,,,,1 scoop vegan chocolate hazelnut protein powder,
Vegan Chocolate Protein Powder,Snacks & Confectionery,1,,g,,,,20g vegan chocolate protein powder,
White Chocolate,Snacks & Confectionery,1,,g,,,,"5g white chocolate, grated or melted",
White Chocolate Bar,Snacks & Confectionery,1,,g,,,,"1 white chocolate bar (or any white chocolate), melted",
Adobo Seasoning Salt,Spices & Herbs,1,,g,,,,¼ tsp adobo seasoning salt,
Bay Leaf,Spices & Herbs,1,,g,,,,2 bay leaves,
Big Salt,Spices & Herbs,1,,g,,,,Big pinch salt,
Black Salt,Spices & Herbs,1,,g,,,,½ tsp black salt,
Cardamom Pod,Spices & Herbs,1,,g,,,,5 cardamom pods,
Cayenne,Spices & Herbs,1,,g,,,,½ tsp cayenne,
Cayenne Powder,Spices & Herbs,1,,g,,,,1/2 tsp cayenne powder,
Chili Flake,Spices & Herbs,1,,g,,,,1/4 tsp chili flakes,
Chipotle Taco Seasoning,Spices & Herbs,1,,g,,,,chipotle taco seasoning & tomato sauce,
Cinnamon And,Spices & Herbs,1,,g,,,,1–2 tsp ground cinnamon and/or pumpkin spice,
Cinnamon Quill,Spices & Herbs,1,,g,,,,1 cinnamon quill,
Cooking Salt,Spices & Herbs,1,,g,,,,"¾ tsp cooking salt (or ½ tsp fine salt), added at end",
Cooking Salt Kosher Salt,Spices & Herbs,1,,g,,,,1/2 tsp cooking salt / kosher salt,
Crack Black Pepper,Spices & Herbs,1,,g,,,,Good crack of black pepper,
Cumin Seed,Spices & Herbs,1,,g,,,,1 tsp cumin seeds,
Everything Bagel Seasoning,Spices & Herbs,1,,g,,,,Everything bagel seasoning,
Fennel Seed,Spices & Herbs,1,,g,,,,2 tsp fennel seeds,
Fine Sea Salt,Spices & Herbs,1,,g,,,,1/4 tsp fine sea salt,
Five Spice,Spices & Herbs,1,,g,,,,1 tbsp five spice,
Flakey Salt,Spices & Herbs,1,,g,,,,Flakey salt,
Flaky Sea Salt And Black Pepper,Spices & Herbs,1,,g,,,,Pinches of flaky sea salt and black pepper,
Freshly Cracked Black Pepper,Spices & Herbs,1,,g,,,,Freshly cracked black pepper,
Freshly Pepper,Spices & Herbs,1,,g,,,,"¼ tsp freshly ground pepper, more to taste",
Korean Chilli Flake,Spices & Herbs,1,,g,,,,1 tbsp Korean chilli flakes,
Little Less Than Nutmeg,Spices & Herbs,1,,g,,,,A little less than 1/4 tsp nutmeg,
Lot Black Pepper,Spices & Herbs,1,,g,,,,Lots of black pepper,
Low-carb Cinnamon Cracker,Spices & Herbs,1,,g,,,,Crushed low-carb cinnamon crackers (optional),
Mild Chilli Powder,Spices & Herbs,1,,g,,,,1 tsp mild chilli powder,
Mild Curry Powder,Spices & Herbs,1,,g,,,,1 tsp mild curry powder,
Red Capsicum Bell Pepper,Spices & Herbs,1,,g,,,,"1 medium red capsicum/bell pepper, roughly cut",
Red Chilli Flake,Spices & Herbs,1,,g,,,,1/4 cup red chilli flakes,
Red Chilli Powder,Spices & Herbs,1,,g,,,,¼ tsp red chilli powder | 1 tsp red chilli powder,
Salt And Cinnamon,Spices & Herbs,1,,g,,,,Dash salt and cinnamon,
Salt And Pepper Season,Spices & Herbs,1,,g,,,,salt and pepper to season,
Sichuan Pepper,Spices & Herbs,1,,g,,,,1 tsp Sichuan pepper,
Star Anise Pod,Spices & Herbs,1,,g,,,,5 star anise pods,
Sumac Sprinkle,Spices & Herbs,1,,g,,,,sumac to sprinkle,
Sweet Smoked Paprika,Spices & Herbs,1,,g,,,,1 heaped tsp sweet smoked paprika,
Thai Chilli Powder,Spices & Herbs,1,,g,,,,"Thai chilli powder, to serve",
Turmeric Powder,Spices & Herbs,1,,g,,,,1 tsp turmeric powder,
Urfa Pepper,Spices & Herbs,1,,g,,,,1 tbsp urfa pepper (or Aleppo pepper / chilli flakes),
