Ingredient,Product,Category,Pack size (qty),Pack unit (g / ml / each),Pack price (£),Store,Aliases,occurrences
Salt,Salt,Spices & Herbs,,,,,big salt;cooking salt kosher salt;pinche salt,229
Maple Syrup,Syrup,Pantry / Dry Goods,,,,,- maple syrup;maple;pure maple syrup;sugar maple syrup,149
Egg,Egg,Dairy & Eggs / Alt,,,,,,114
Olive Oil,Oil,Condiments & Sauces,,,,,light drizzle olive oil;light olive oil,113
Soy Sauce,Soy Sauce,Condiments & Sauces,,,,,,111
Garlic Clove,Garlic,Produce,,,,,,110
Honey,Honey,Condiments & Sauces,,,,,runny honey,107
Spring Onion,Onion,Produce,,,,,spring onion green;spring onion stem,102
Baking Powder,Baking Powder,Pantry / Dry Goods,,,,,flat baking powder;flat tsp baking powder,90
Vanilla Extract,Vanilla Extract,Pantry / Dry Goods,,,,,,84
Water,Water,Beverages,,,,,water thin,81
Garlic Granules,Garlic granules,Spices & Herbs,,,,,garlic powder,79
Cinnamon,Cinnamon,Spices & Herbs,,,,,cinnamon and,78
Ginger,Ginger,Produce,,,,,cm ginger;cm piece ginger;freshly ginger;ginger root;inch piece ginger;piece ginger;thumb size knob ginger,75
Coriander,Coriander,Spices & Herbs,,,,,cilantro,74
Cucumber,Cucumber,Produce,,,,,,73
Garlic,Garlic,Produce,,,,,,72
Greek Yoghurt,Yoghurt,Dairy & Eggs / Alt,,,,,fat greek yoghurt;full-fat greek yoghurt;greek yogurt;plain greek yoghurt;strained yoghurt;thick greek yoghurt;thick greek yogurt;thick strained yoghurt;thick yoghurt;thick yogurt,72
Sesame Oil,Oil,Condiments & Sauces,,,,,,72
Black Pepper,Black Pepper,Spices & Herbs,,,,,crack black pepper;cracked pepper;freshly cracked black pepper;freshly pepper;lot black pepper,67
Rice Vinegar,Vinegar,Condiments & Sauces,,,,,rice wine vinegar,66
Avocado,Avocado,Produce,,,,,avocados;half avocado;topping avocado,64
Coconut Oil,Oil,Condiments & Sauces,,,,,refined coconut oil,62
Baking Soda,Baking Soda,Beverages,,,,,bicarb soda;bicarbonate soda,60
Red Onion,Onion,Produce,,,,,,58
Lime Juice,Lime,Produce,,,,,freshly squeezed lime juice;juice lime,57
Green Onion,Onion,Produce,,,,,extra green onion;green onion stem,55
Carrot,Carrot,Produce,,,,,,54
Cocoa Powder,Cocoa Powder,Pantry / Dry Goods,,,,,additional cocoa powder;cocoa,54
Sesame Seeds,Sesame seeds,Nuts & Seeds,,,,,sesame seed coat,51
Peanut Butter,Nut butter,Condiments & Sauces,,,,,,50
Sugar,Sugar,Pantry / Dry Goods,,,,,,50
Chicken Thigh,Chicken Thigh,Meat & Seafood / Protein,,,,,,46
Chia Seed,Chia Seed,Nuts & Seeds,,,,,,45
Lemon Juice,Lemon,Produce,,,,,juice from lemon;juice half lemon;juice lemon,45
Oats,Oats,Grains,,,,,jumbo oat,44
Milk Choice,Milk Choice,Dairy & Eggs / Alt,,,,,,42
Sriracha,Sriracha,Condiments & Sauces,,,,,,41
Vegetable Oil,Oil,Condiments & Sauces,,,,,,40
Yellow Onion,Onion,Produce,,,,,onion,40
Milk,Milk,Dairy & Eggs / Alt,,,,,milk thin;warm milk,39
Fish Sauce,Fish Sauce,Meat & Seafood / Protein,,,,,,38
Chicken Breast,Chicken Breast,Meat & Seafood / Protein,,,,,,37
Vanilla,Vanilla,Pantry / Dry Goods,,,,,,35
Oat Flour,Flour,Pantry / Dry Goods,,,,,,34
Rice,Rice,Grains,,,,,- rice;rice choice;serving rice;steamed rice,34
Smoked Paprika,Paprika,Spices & Herbs,,,,,,34
Coconut Sugar,Sugar,Pantry / Dry Goods,,,,,brown coconut sugar;coconut sugar dusting;extra coconut sugar dusting,33
Dark Chocolate,Chocolate,Snacks & Confectionery,,,,,,32
Medjool Date,Medjool Date,Other,,,,,,30
Rolled Oats,Oats,Grains,,,,,rolled oat quinoa flake,29
Dark Chocolate Chip,Chocolate,Snacks & Confectionery,,,,,,28
Sea Salt,Salt,Spices & Herbs,,,,,,28
Vanilla Protein Powder,Protein Powder,Pantry / Dry Goods,,,,,,28
Plain Yoghurt,Yoghurt,Dairy & Eggs / Alt,,,,,plain yogurt;pot yoghurt choice;yoghurt;yogurt,27
Coconut Milk,Coconut Milk,Canned & Jarred,,,,,,26
Cumin,Cumin,Spices & Herbs,,,,,,26
Peanuts,Peanuts,Nuts & Seeds,,,,,dry peanut;extra peanut,26
Plain Flour,Flour,Pantry / Dry Goods,,,,,all purpose flour;flour,26
Lemon,Lemon,Produce,,,,,,24
Pumpkin Puree,Pumpkin,Produce,,,,,pumpkin pur e,24
Salt And Pepper,Salt And Pepper,Spices & Herbs,,,,,,24
Tahini,Tahini,Condiments & Sauces,,,,,high quality tahini;high tahini;runny tahini,24
Light Soy Sauce,Soy sauce,Condiments & Sauces,,,,,,23
Almond Flour,Flour,Pantry / Dry Goods,,,,,blanched almond flour;fine blanched almond flour,22
Dijon Mustard,Mustard,Condiments & Sauces,,,,,smooth dijon mustard,22
Oregano,Oregano,Spices & Herbs,,,,,,22
Red Bell Pepper,Peppers,Produce,,,,,red capsicum bell pepper;red pepper,22
White Pepper,White Pepper,Spices & Herbs,,,,,,22
Protein Powder,Protein Powder,Pantry / Dry Goods,,,,,,21
Almond Butter,Almond Butter,Condiments & Sauces,,,,,,20
Brown Sugar,Sugar,Pantry / Dry Goods,,,,,,20
Chocolate Protein Powder,Protein Powder,Pantry / Dry Goods,,,,,,20
Paprika,Paprika,Spices & Herbs,,,,,,20
Persian Cucumber,Cucumber,Produce,,,,,,20
Turmeric Powder,Turmeric Powder,Spices & Herbs,,,,,turmeric,20
Chicken,Chicken,Meat & Seafood / Protein,,,,,,19
Chocolate Chip,Chocolate,Snacks & Confectionery,,,,,serving chocolate chip,19
Parsley,Parsley,Spices & Herbs,,,,,,19
Red Chilli,Chillies,Vegetables,,,,,red chille,19
Avocado Oil,Oil,Condiments & Sauces,,,,,avocado oil coating,18
Cacao Powder,Cacoa,Pantry / Dry Goods,,,,,,18
Chilli Crisp,Oil,Condiments & Sauces,,,,,chili crisp,18
Chilli Oil,Oil,Condiments & Sauces,,,,,thai chilli oil,18
Cornstarch,Cornstarch,Pantry / Dry Goods,,,,,corn flour;cornflour,18
Lime,Lime,Produce,,,,,half lime,18
Oyster Sauce,Oyster Sauce,Condiments & Sauces,,,,,,18
Pumpkin Pie Spice,Pumpkin Pie Spice,Spices & Herbs,,,,,,18
Chilli Flakes,Chilli Flakes,Spices & Herbs,,,,,,17
Edamame,Edamame,Produce,,,,,,17
Jalapeño,Jalapeño,Vegetables,,,,,jalapeno,17
Pecans,Pecans,Nuts & Seeds,,,,,pecan topping,17
Cherry Tomatoes,Tomatoes,Produce,,,,,cherry tomato;pint cherry tomatoes,16
Coconut Aminos,Coconut Aminos,Condiments & Sauces,,,,,coconut amino,16
Curry Powder,Curry Powder,Spices & Herbs,,,,,,16
Dark Soy Sauce,Soy sauce,Condiments & Sauces,,,,,dark soy,16
Liquid Egg White,Egg,Dairy & Eggs / Alt,,,,,egg white,16
Mayonnaise,Mayonnaise,Condiments & Sauces,,,,,egg mayonnaise,16
Nutritional Yeast,Nutritional Yeast,Pantry / Dry Goods,,,,,,16
Onion Powder,Onion Powder,Spices & Herbs,,,,,,16
Shallot,Onion,Produce,,,,,scallion shallot,16
Sweet Potato,Potatoes,Produce,,,,,,16
Jasmine Rice,Rice,Grains,,,,,dry jasmine rice;precooked jasmine,15
Raspberry,Berries,Produce,,,,,,15
Rice Paper,Rice Paper,Bakery,,,,,rice paper roll;rice paper sheet,15
Smooth Peanut Butter,Nut butter,Condiments & Sauces,,,,,creamy peanut butter;natural peanut butter,15
Vermicelli Rice Noodles,Noodles,Pantry / Dry Goods,,,,,rice vermicelli noodle;serving instant vermicelli rice noodle;thin flat rice noodle;vermicelli noodle,15
Almond Milk,Milk,Dairy & Eggs / Alt,,,,,protein almond milk,14
Dill,Dill,Spices & Herbs,,,,,,14
Feta,Cheese,Dairy & Eggs / Alt,,,,,feta cheese,14
Kosher Salt,Salt,Spices & Herbs,,,,,,14
Mint,Mint,Produce,,,,,,14
Prawn,Prawn,Meat & Seafood / Protein,,,,,,14
Salt Pepper,Salt Pepper,Spices & Herbs,,,,,,14
Spinach,Salad,Produce,,,,,big handful spinach leave;big spinach leaf,14
Vanilla Bean Paste,Vanilla Bean Paste,Pantry / Dry Goods,,,,,vanilla paste,14
Tuna,Tuna,Meat & Seafood / Protein,,,,,,13
White Sugar,Sugar,Pantry / Dry Goods,,,,,,13
Alternative Milk,Milk,Dairy & Eggs / Alt,,,,,nut milk;plant milk;plant-based milk,12
Apple Cider Vinegar,Vinegar,Condiments & Sauces,,,,,,12
Basil,Basil,Spices & Herbs,,,,,basil leave,12
Chicken Stock,Chicken Stock,Meat & Seafood / Protein,,,,,,12
Chipotle Powder,Chipotle Powder,Spices & Herbs,,,,,,12
Chives,Onion,Produce,,,,,more chive,12
Nutmeg,Nutmeg,Spices & Herbs,,,,,little le than nutmeg,12
Peach,Peach,Produce,,,,,peache,12
Purple Cabbage,Cabbage,Produce,,,,,red cabbage,12
Thai Red Curry Paste,Thai Red Curry Paste,Condiments & Sauces,,,,,,12
Tomato,Tomato,Produce,,,,,tomato slice,12
Tomatoes,Tomatoes,Vegetables,,,,,,12
White Miso Paste,Miso,Condiments & Sauces,,,,,white miso,12
Cayenne Pepper,Cayenne Pepper,Spices & Herbs,,,,,cayenne;cayenne powder,11
Rice Noodles,Noodles,Pantry / Dry Goods,,,,,dry rice noodle;ramen noodle use gf rice noodle,11
Scallion,Onion,Produce,,,,,,11
Thyme,Thyme,Spices & Herbs,,,,,thyme leaf;thyme leave,11
Banana,Banana,Produce,,,,,topping banana,10
Banana Shallot,Onion,Produce,,,,,,10
Bean Sprout,Bean Sprout,Vegetables,,,,,,10
Boiling Water,Water,Beverages,,,,,,10
Chili Powder,Chilli Powder,Spices & Herbs,,,,,red chilli powder,10
Coconut Yoghurt,Yoghurt,Dairy & Eggs / Alt,,,,,coconut yogurt,10
Flakey Salt,Salt,Spices & Herbs,,,,,flaky salt,10
Ginger Paste,Ginger Paste,Produce,,,,,,10
Gochujang Paste,Gochujang Paste,Condiments & Sauces,,,,,gochujang,10
Miso Paste,Miso Paste,Condiments & Sauces,,,,,,10
Peas,Peas,Produce,,,,,,10
Pinche Salt Pepper,Pinche Salt Pepper,Spices & Herbs,,,,,,10
Tamari,Tamari,Condiments & Sauces,,,,,,10
Tomato Paste,Tomatoes,Canned & Jarred,,,,,,10
Blueberry,Berries,Produce,,,,,,9
Butter,Butter,Dairy & Eggs / Alt,,,,,room temperature butter,9
Apple,Apple,Produce,,,,,,8
Bananas,Bananas,Produce,,,,,,8
Cashew Butter,Nut butter,Condiments & Sauces,,,,,,8
Chilli Powder,Chilli Powder,Spices & Herbs,,,,,,8
Chocolate,Chocolate,Snacks & Confectionery,,,,,,8
Clove,Clove,Spices & Herbs,,,,,,8
Coconut Cream,Coconut Cream,Canned & Jarred,,,,,,8
Coriander Leave,Coriander,Spices & Herbs,,,,,,8
Desiccated Coconut,Desiccated coconut,Pantry / Dry Goods,,,,,coconut shred,8
Firm Tofu,Firm Tofu,Meat & Seafood / Protein,,,,,,8
Flakey Sea Salt,Salt,Spices & Herbs,,,,,flakey sea salt topping;flaky sea salt;flaky sea salt topping,8
Gluten-free Plain Flour,Flour,Pantry / Dry Goods,,,,,gluten all purpose flour substitute;gluten free all purpose flour;gluten free all purpose flour substitute,8
Gluten-free Soy Sauce,Soy sauce,Condiments & Sauces,,,,,gf soy sauce;gluten free soy sauce;gluten soy sauce,8
Gochugaru,Gochugaru,Condiments & Sauces,,,,,,8
Lettuce,Salad,Produce,,,,,lettuce choice;lettuce leaf;lettuce leave,8
Light Mayonnaise,Mayonnaise,Condiments & Sauces,,,,,,8
Lime Wedge,Lime,Produce,,,,,,8
Neutral Oil,,Condiments & Sauces,,,,,,8
Nut Butter,Nut butter,Condiments & Sauces,,,,,nut butter choice;runny nut butter,8
Parmesan,Cheese,Dairy & Eggs / Alt,,,,,,8
Plain Greek Yogurt,,Dairy & Eggs / Alt,,,,,,8
Pumpkin Seeds,Pumpkin seeds,Nuts & Seeds,,,,,pumpkin seed topping,8
Rice Cake,Rice Cake,Bakery,,,,,,8
Salmon Fillet,Salmon,Meat & Seafood / Protein,,,,,,8
Soya Milk,Milk,Dairy & Eggs / Alt,,,,,soy milk,8
Star Anise,Star Anise,Spices & Herbs,,,,,star anise pod,8
Sumac,Sumac,Spices & Herbs,,,,,sumac sprinkle,8
Sweet Paprika,Paprika,Spices & Herbs,,,,,,8
Sweet Potatoes,Potatoes,Vegetables,,,,,normal sweet potatoes,8
Sweetcorn,Sweetcorn,Canned & Jarred,,,,,,8
Sweetener,Sugar,Pantry / Dry Goods,,,,,,8
Thai Basil,Basil,Produce,,,,,thai basil leave,8
Vanilla Essence,Vanilla Essence,Pantry / Dry Goods,,,,,,8
Vegetable Stock,Stock,Spices & Herbs,,,,,veg stock,8
Walnut,Walnut,Nuts & Seeds,,,,,,8
White Cabbage,Cabbage,Produce,,,,,cabbage,8
Arrowroot Starch,Arrowroot Starch,Pantry / Dry Goods,,,,,arrowroot;arrowroot flour;water teaspoon arrowroot starch,7
Broccoli,Broccoli,Produce,,,,,,7
Brown Rice,Rice,Grains,,,,,brown precooked rice;precooked brown rice,7
Coconut Flour,Flour,Pantry / Dry Goods,,,,,,7
Garam Masala,Garam Masala,Spices & Herbs,,,,,,7
Ginger And Garlic Paste,Ginger And Garlic Paste,Produce,,,,,garlic and ginger paste;garlic ginger paste;ginger garlic paste,7
Hoisin Sauce,Hoisin sauce,Condiments & Sauces,,,,,hoisin,7
Juice Of 1 Lime,,Beverages,,,,,,7
Milled Flaxseed,Flaxseed,Nuts & Seeds,,,,,flax meal;flaxseed,7
Almond,Almond,Nuts & Seeds,,,,,,6
Bone-in Skin-on Chicken Thigh,Bone-in Skin-on Chicken Thigh,Meat & Seafood / Protein,,,,,,6
Chicken Bone Broth,Chicken Stock,Meat & Seafood / Protein,,,,,,6
Chicken Mince,Chicken Mince,Meat & Seafood / Protein,,,,,,6
Chicken Stock Cube,Chicken Stock,Meat & Seafood / Protein,,,,,,6
Chickpeas,Chickpeas,Canned & Jarred,,,,,,6
Chile Lime Seasoning,Chile Lime Seasoning,Spices & Herbs,,,,,,6
Chilli Crunch Oil,Oil,Produce,,,,,,6
Chinese Broccoli,Broccoli,Produce,,,,,stem chinese broccoli,6
Cinnamon Stick,Cinnamon,Spices & Herbs,,,,,cinnamon quill,6
Cold Water,Water,Beverages,,,,,,6
Crispy Fried Shallot,Crispy Fried Shallot,Produce,,,,,,6
Date,Date,Other,,,,,,6
Garlic Paste,Garlic Paste,Produce,,,,,,6
Juice Of 1 Large Lime,,Beverages,,,,,,6
Kewpie Mayonnaise,Mayonnaise,Condiments & Sauces,,,,,,6
Leftover Rice,Rice,Grains,,,,,,6
Lemon Zest,Lemon,Produce,,,,,zest from lemon;zest lemon,6
Lime Zest,Lime,Produce,,,,,lime zest lime;zest lime,6
Low-fat Cream Cheese,Cheese,Dairy & Eggs / Alt,,,,,light cream cheese;reduced fat cream cheese,6
Mirin,Mirin,Condiments & Sauces,,,,,,6
Non-fat Greek Yoghurt,Yoghurt,Dairy & Eggs / Alt,,,,,non fat plain greek yogurt;nonfat plain greek yogurt;plain nonfat greek yogurt,6
Oat Milk,Milk,Dairy & Eggs / Alt,,,,,,6
Olive,Olive,Vegetables,,,,,,6
Pak Choi,Pak Choi,Produce,,,,,,6
Peanut Butter Powder,Peanut Butter Powder,Pantry / Dry Goods,,,,,pbfit powder;pbfit powder mixed with little water form paste;powdered peanut butter,6
Pepper,Pepper,Spices & Herbs,,,,,,6
Pickle Juice,Pickles,Canned & Jarred,,,,,,6
Pickled Jalapeño,Pickles,Canned & Jarred,,,,,jalapeno from jar;pickled jalapeno,6
Powdered Sugar,Sugar,Pantry / Dry Goods,,,,,,6
Quinoa,Quinoa,Grains,,,,,,6
Red Wine Vinegar,Vinegar,Condiments & Sauces,,,,,,6
Self-Raising Flour,Flour,Pantry / Dry Goods,,,,,self raising flour;self rising flour,6
Sticky Rice,Rice,Grains,,,,,,6
Strawberry,Berries,Produce,,,,,,6
Sun-dried Tomatoes,Sun-dried Tomatoes,Canned & Jarred,,,,,sun tomatoes;sundried tomatoes in oil,6
Sweet Chilli Sauce,Sweet Chilli Sauce,Condiments & Sauces,,,,,,6
Tenderstem Broccoli,Broccoli,Produce,,,,,tender stem broccoli,6
White Onion,Onion,Produce,,,,,,6
Wide Rice Noodles,Noodles,Pantry / Dry Goods,,,,,flat rice noodle;wide rice stick noodle,6
Zucchini,Zucchini,Produce,,,,,,6
Bok Choy,Bok Choy,Produce,,,,,,5
Coffee,Coffee,Beverages,,,,,,5
Fresh,,Other,,,,,,5
Pumpkin Purée,,Other,,,,,,5
Romaine Lettuce,Salad,Produce,,,,,romaine,5
Sushi Rice,Rice,Grains,,,,,,5
Tamarind Paste,Tamarind Paste,Condiments & Sauces,,,,,tamarind pur e;tamarind puree,5
White Rice,Rice,Grains,,,,,,5
Agave Syrup,Agave Syrup,Condiments & Sauces,,,,,agave,4
Aleppo Pepper,Aleppo Pepper,Spices & Herbs,,,,,,4
Almond Extract,Almond Extract,Pantry / Dry Goods,,,,,,4
"Almond Milk, Unsweetened",Milk,Dairy & Eggs / Alt,,,,,unsweetened almond milk,4
Alpro High-protein Soya Milk,Milk,Dairy & Eggs / Alt,,,,,,4
Apple Sauce,Apple Sauce,Condiments & Sauces,,,,,,4
Applesauce,Applesauce,Condiments & Sauces,,,,,,4
Argentine Red Shrimp,Argentine Red Shrimp,Meat & Seafood / Protein,,,,,,4
Basil Pesto,Pesto,Condiments & Sauces,,,,,green pesto;pesto,4
Beetroot,Beetroot,Produce,,,,,,4
Bell Pepper,Peppers,Produce,,,,,,4
Bird Eye Chilli,Chillies,Vegetables,,,,,bird eye chilly;bird eye red chily,4
Black Bean,Black Bean,Canned & Jarred,,,,,,4
Black Sesame Seed,Black Sesame Seed,Nuts & Seeds,,,,,,4
Boiled Egg,Egg,Dairy & Eggs / Alt,,,,,soft-boiled egg,4
Bread,Bread,Bakery,,,,,bread choice,4
Broccoli Floret,Broccoli,Produce,,,,,,4
Broccolini,Broccoli,Vegetables,,,,,,4
Brown Potatoes,Potatoes,Vegetables,,,,,potatoes,4
Brown Sugar Substitute,Sugar,Pantry / Dry Goods,,,,,,4
Butternut Squash,Butternut Squash,Vegetables,,,,,,4
Caster Sugar,Sugar,Pantry / Dry Goods,,,,,,4
Celery,Celery,Produce,,,,,celery stalk,4
Chicken Broth,Chicken Stock,Meat & Seafood / Protein,,,,,,4
Chicken Leg,Chicken Leg,Meat & Seafood / Protein,,,,,,4
Chicken Thigh Fillet,Chicken Thigh,Meat & Seafood / Protein,,,,,,4
Chickpea Flour,Flour,Pantry / Dry Goods,,,,,,4
Chili Crunch,Chili Crunch,Condiments & Sauces,,,,,,4
Chinese Five Spice,Chinese Five Spice,Spices & Herbs,,,,,,4
Coconut,Coconut,Pantry / Dry Goods,,,,,,4
Cod Fillet,Cod,Meat & Seafood / Protein,,,,,,4
Cooking,Cooking,Other,,,,,,4
Cooking Oil Spray,Cooking Oil Spray,Other,,,,,,4
Cooking Salt,Salt,Spices & Herbs,,,,,,4
Coriander Seed,Coriander Seed,Spices & Herbs,,,,,,4
Corn,Corn,Produce,,,,,,4
Cottage Cheese,Cheese,Dairy & Eggs / Alt,,,,,,4
Courgette,Courgette,Produce,,,,,,4
Cream,Cream,Dairy & Eggs / Alt,,,,,,4
Cream Cheese,Cheese,Dairy & Eggs / Alt,,,,,whipped cream cheese,4
Crispy Chilli Oil,Oil,Condiments & Sauces,,,,,chilli flake and crispy chilli oil,4
Crusty Bread,Bread,Bakery,,,,,,4
Dark Chocolate Chip Topping,Chocolate,Snacks & Confectionery,,,,,,4
Dill Pickle,Pickles,Canned & Jarred,,,,,,4
Extra Virgin Olive Oil,Oil,Condiments & Sauces,,,,,,4
Fried Shallot,Onion,Produce,,,,,,4
Gluten-free Hoisin Sauce,Hoisin sauce,Condiments & Sauces,,,,,gluten free hoisin sauce;gluten hoisin sauce,4
Gluten-free Oyster Sauce,Oyster sauce,Condiments & Sauces,,,,,gf oyster sauce,4
Glutinous Rice Flour,Flour,Pantry / Dry Goods,,,,,,4
Gras-fed Collagen,Gras-fed Collagen,Other,,,,,,4
Green Bean,Green Bean,Vegetables,,,,,,4
Green Pepper,Peppers,Produce,,,,,,4
Harissa,Harissa,Condiments & Sauces,,,,,,4
Hazelnut,Hazelnut,Other,,,,,,4
Hot Sauce,Hot Sauce,Condiments & Sauces,,,,,,4
Juice,Juice,Beverages,,,,,,4
Juice Of 1 Large Lemon,,Beverages,,,,,,4
Juice Of 1 Lemon,,Beverages,,,,,,4
King Prawn,Prawn,Meat & Seafood / Protein,,,,,,4
Lemongrass,Lemongrass,Spices & Herbs,,,,,,4
Low-sodium Tamari,Tamari,Condiments & Sauces,,,,,low sodium tamari,4
Mango,Mango,Produce,,,,,,4
Mango Chutney,Chutney,Condiments & Sauces,,,,,,4
Mint Leaf,Mint,Produce,,,,,mint leave,4
Mixed Herb,Mixed Herb,Spices & Herbs,,,,,more herb,4
Msg,Msg,Spices & Herbs,,,,,,4
Natural Sweetener,Sugar,Pantry / Dry Goods,,,,,,4
Nori,Nori,Pantry / Dry Goods,,,,,nori sheet,4
Nuts,Nuts,Nuts & Seeds,,,,,,4
Oil,,Condiments & Sauces,,,,,,4
Palm Sugar,Sugar,Pantry / Dry Goods,,,,,,4
Pasta,Pasta,Pantry / Dry Goods,,,,,dry-weight pasta,4
Pitted Medjool Date,Pitted Medjool Date,Other,,,,,,4
Plain,Plain,Other,,,,,,4
Potato Starch,Potato Starch,Pantry / Dry Goods,,,,,,4
Powdered Monkfruit Sweetener,Sugar,Pantry / Dry Goods,,,,,powdered monk fruit sweetener,4
Radish,Radish,Vegetables,,,,,,4
Raisin,Raisin,Nuts & Seeds,,,,,,4
Ramen Noodles,Noodles,Pantry / Dry Goods,,,,,,4
Red Curry Paste,Red Curry Paste,Other,,,,,,4
Red Pepper Flake,Chilli Flakes,Spices & Herbs,,,,,,4
Rocket,Salad,Produce,,,,,,4
Salad Tomatoes,Tomatoes,Vegetables,,,,,,4
Shelled Edamame,Edamame,Produce,,,,,,4
Shiitake Mushroom,Mushroom,Produce,,,,,,4
Soya Yoghurt,Yoghurt,Dairy & Eggs / Alt,,,,,plain soya yoghurt;soya yogurt,4
Stock,Stock,Spices & Herbs,,,,,stock cube,4
Sugar Free Maple Syrup,Maple Syrup,Pantry / Dry Goods,,,,,sugar-free maple syrup,4
Taco Seasoning,Taco Seasoning,Spices & Herbs,,,,,,4
Thai Chillie,Chillies,Vegetables,,,,,thai chilly,4
Tofu,Tofu,Meat & Seafood / Protein,,,,,,4
Tortilla,Tortilla,Bakery,15,each,1.75,Sainsbury's,tortillas;warm tortillas;corn tortillas;cali street tacos;cantina cali street tacos;yellow corn tortillas,4
Udon Noodles,Pasta,Pantry / Dry Goods,,,,,udon nest,4
Vanilla Greek Yoghurt,Yoghurt,Dairy & Eggs / Alt,,,,,vanilla protein yoghurt,4
Vanilla Greek Yogurt,Yoghurt,Dairy & Eggs / Alt,,,,,,4
Vanilla Plain Yoghurt,Yoghurt,Dairy & Eggs / Alt,,,,,vanilla yoghurt,4
Vegan Chocolate Protein Powder,Protein Powder,Pantry / Dry Goods,,,,,chocolate vegan protein powder,4
Vegan Protein Powder,Protein Powder,Pantry / Dry Goods,,,,,,4
Vegetable,Vegetable,Other,,,,,,4
White Wine,Wine,Beverages,,,,,,4
White Wine Vinegar,Vinegar,Condiments & Sauces,,,,,,4
Wholemeal Pita,Pitta,Bakery,,,,,wholemeal pita bread,4
Zest Of 1 Lime,,Produce,,,,,,4
Cashew,Cashew,Nuts & Seeds,,,,,,3
Chinese Cooking Wine,Wine,Beverages,,,,,,3
Full-fat Coconut Milk,Coconut Milk,Canned & Jarred,,,,,full fat coconut milk,3
Ginger Puree,Ginger Puree,Produce,,,,,,3
Green Cabbage,Green Cabbage,Produce,,,,,,3
Jalapeños,,Other,,,,,,3
Juice Of 2 Limes,,Beverages,,,,,,3
Lean Turkey,Lean Turkey,Meat & Seafood / Protein,,,,,,3
Pickled Jalapeños,,Other,,,,,,3
Pickled Onion,Pickles,Canned & Jarred,,,,,,3
Red Capsicum,Peppers,Produce,,,,,,3
Sheets Rice Paper,,Bakery,,,,,,3
Sour Cream,Cream,Dairy & Eggs / Alt,,,,,yoghurt sour cream,3
Sprouted Oat,Oats,Grains,,,,,,3
Tomato Passata,Puree,Canned & Jarred,,,,,passata,3
Tomato Puree,Tomatoes,Canned & Jarred,,,,,tomato pur e,3
Vegan Vanilla Protein Powder,Protein Powder,Pantry / Dry Goods,,,,,vanilla plant protein powder,3
0% Fat Greek Yogurt,,Dairy & Eggs / Alt,,,,,,2
½ Cups Bean Sprouts,,Pantry / Dry Goods,,,,,,2
½ Cups Cooked Rice,,Pantry / Dry Goods,,,,,,2
½ Tbsp Fish Sauce,,Meat & Seafood / Protein,,,,,,2
½ Tbsp Light Soy Sauce,,Condiments & Sauces,,,,,,2
Adobo Sauce,Adobo Sauce,Condiments & Sauces,,,,,,2
Adobo Seasoning Salt,Adobo Seasoning Salt,Spices & Herbs,,,,,,2
All Day Chick Pea Protein Crunch,All Day Chick Pea Protein Crunch,Other,,,,,,2
And Blended Sweet Potato,Potatoes,Produce,,,,,,2
And Deveined Shrimp,Prawn,Meat & Seafood / Protein,,,,,,2
Asian Green,Salad,Vegetables,,,,,,2
Asparagus,Asparagus,Produce,,,,,,2
Baking Cacoa,Cacoa,Pantry / Dry Goods,,,,,baking cacao topping,2
Bamboo Shoot,Bamboo Shoot,Canned & Jarred,,,,,,2
Bay Leaves,Bay Leaves,Spices & Herbs,,,,,bay leaf,2
Beansprout,Sprouts,Vegetables,,,,,,2
Bee Pollen,Bee Pollen,Other,,,,,,2
Beef,Beef,Meat & Seafood / Protein,,,,,,2
Beef Mince,Beef Mince,Meat & Seafood / Protein,,,,,,2
Beef Stock Cube,Beef Stock Cube,Meat & Seafood / Protein,,,,,,2
Bella Mushroom,Mushroom,Produce,,,,,,2
Berry,Berries,Produce,,,,,,2
Big Handful Basil,Basil,Spices & Herbs,,,,,,2
Bird Eye Red Chilli,Chillies,Produce,,,,,,2
Biscoff,Biscoff,Condiments & Sauces,,,,,,2
Black And White Sesame Seed Coating,Black And White Sesame Seed Coating,Nuts & Seeds,,,,,,2
Black Cocoa Powder,Cocoa Powder,Pantry / Dry Goods,,,,,,2
Black Peppercorn,Black Peppercorn,Spices & Herbs,,,,,,2
Black Salt,Black Salt,Spices & Herbs,,,,,,2
Black Vinegar,Vinegar,Condiments & Sauces,,,,,,2
Bone Broth,Bone Broth,Other,,,,,,2
Bone-in,Bone-in,Other,,,,,,2
Broth Choice,Broth Choice,Other,,,,,,2
Brown Onion,Onion,Produce,,,,,,2
Buckwheat Flour,Flour,Grains,,,,,buckwheat,2
Cacao Nib,Cacoa,Pantry / Dry Goods,,,,,,2
Canned Pumpkin Puree,Puree,Canned & Jarred,,,,,,2
Cardamom Pod,Cardamom Pod,Spices & Herbs,,,,,,2
Cardamon,Cardamon,Spices & Herbs,,,,,,2
Carrot From Broth,Carrots,Produce,,,,,,2
Cauliflower Rice,Cauliflower,Vegetables,,,,,,2
Cheddar Cheese,Cheese,Dairy & Eggs / Alt,,,,,,2
Cheese,Cheese,Dairy & Eggs / Alt,,,,,,2
Chicken Bouillon Powder,Chicken Bouillon Powder,Meat & Seafood / Protein,,,,,,2
Chicken Jus,Chicken Jus,Meat & Seafood / Protein,,,,,,2
Chicken Powder,Chicken Powder,Meat & Seafood / Protein,,,,,,2
Chicken Seasoning Paprika,Chicken Seasoning Paprika,Meat & Seafood / Protein,,,,,,2
Chili Flake,Chilli Flakes,Spices & Herbs,,,,,,2
Chili Garlic Sauce,Chili Garlic Sauce,Condiments & Sauces,,,,,,2
Chilled Espresso,Espresso,Beverages,,,,,shot chilled espresso,2
Chilli Garlic Paste,Chilli Garlic Paste,Produce,,,,,,2
Chilli Oil\,Oil,Condiments & Sauces,,,,,homemade chilli oil,2
Chilli Paste,Chilli Paste,Produce,,,,,,2
Chilly,Chilly,Other,,,,,,2
Chinese Sesame Paste,Chinese Sesame Paste,Spices & Herbs,,,,,,2
Chipotle Pepper In Adobo Sauce,Chipotle Pepper In Adobo Sauce,Condiments & Sauces,,,,,,2
Chipotle Taco Seasoning Tomato Sauce,Chipotle Taco Seasoning Tomato Sauce,Condiments & Sauces,,,,,,2
Chocolate Casein Protein Powder,Protein Powder,Pantry / Dry Goods,,,,,,2
Chocolate Chip Topping,Chocolate,Snacks & Confectionery,,,,,,2
Chocolate Peanut Butter Powder,Peanut Butter Powder,Pantry / Dry Goods,,,,,chocolate powdered peanut butter,2
Chocolate Plant-based Protein Powder,Protein Powder,Pantry / Dry Goods,,,,,,2
Chocolate Rice Cake,Rice Cake,Bakery,,,,,,2
Chocolate Shaving,Chocolate,Snacks & Confectionery,,,,,,2
Chorizo,Chorizo,Meat & Seafood / Protein,,,,,,2
Chunky Peanut Butter,Nut butter,Condiments & Sauces,,,,,,2
Coconut Flake,Coconut Flake,Pantry / Dry Goods,,,,,,2
Cooking Spray,Cooking Spray,Other,,,,,,2
Cooking/kosher Salt,,Spices & Herbs,,,,,,2
Coriander Root,Coriander,Spices & Herbs,,,,,,2
Coriander Stalk,Coriander,Spices & Herbs,,,,,,2
Corn Chip,Corn Chip,Snacks & Confectionery,,,,,,2
Corn Tortilla,Tortilla,Produce,,,,,serve corn tortillas,2
Cotija Cheese Crumble,Cheese,Dairy & Eggs / Alt,,,,,,2
Cranberry,Cranberry,Other,,,,,,2
Crispy Chicken Skin,Crispy Chicken Skin,Meat & Seafood / Protein,,,,,,2
Crispy Onion,Crispy Onion,Produce,,,,,,2
Cube Chocolate,Chocolate,Snacks & Confectionery,,,,,,2
Cumin Seed,Cumin,Spices & Herbs,,,,,,2
Cured Ham,Cured Ham,Meat & Seafood / Protein,,,,,,2
Dairy Free Milk Choice,Milk,Dairy & Eggs / Alt,,,,,dairy milk choice,2
Dairy-free Chocolate,Chocolate,Snacks & Confectionery,,,,,,2
Dairy-free Chocolate Chip,Chocolate,Snacks & Confectionery,,,,,,2
Dairy-free Dark Chocolate,Chocolate,Snacks & Confectionery,,,,,,2
Dairy-free Yoghurt,Yoghurt,Dairy & Eggs / Alt,,,,,,2
Dark Chocolate Chunk,Chocolate,Snacks & Confectionery,,,,,,2
Dark Cocoa Powder,Cocoa Powder,Pantry / Dry Goods,,,,,,2
Demerara Sugar,Sugar,Pantry / Dry Goods,,,,,,2
Drained Weight Tuna In Brine,Drained Weight Tuna In Brine,Meat & Seafood / Protein,,,,,,2
Drizzle Of Honey,,Pantry / Dry Goods,,,,,,2
Drop Red Food Colouring,Drop Red Food Colouring,Other,,,,,,2
Dry Quinoa,Quinia,Grains,,,,,,2
Edamame Bean,Edamame Bean,Frozen,,,,,,2
Egg Noodle,Noodle,Dairy & Eggs / Alt,,,,,,2
Egg White Powder,Egg,Dairy & Eggs / Alt,,,,,,2
English Cucumber,Cucumber,Produce,,,,,,2
Enough Water Cover Chicken,Enough Water Cover Chicken,Meat & Seafood / Protein,,,,,,2
Espresso Shot,Coffee,Beverages,,,,,,2
European Cucumber,Cucumber,Produce,,,,,,2
Everything Bagel Seasoning,Everything Bagel Seasoning,Spices & Herbs,,,,,,2
Extra Firm Tofu,Firm Tofu,Meat & Seafood / Protein,,,,,,2
Extra Milk Pouring Over,Milk,Dairy & Eggs / Alt,,,,,,2
Fat Greek Yoghurt,Yoghurt,Dairy & Eggs / Alt,,,,,,2
Fennel Seed,Fennel Seed,Spices & Herbs,,,,,,2
Filling Choice,Filling Choice,Other,,,,,,2
Fine Sea Salt,Salt,Spices & Herbs,,,,,,2
Five Spice,Five Spice,Spices & Herbs,,,,,,2
Flank Steak,Flank Steak,Meat & Seafood / Protein,,,,,,2
Flatbread,Bread,Bakery,,,,,warm flatbread,2
Flora Salted,Flora,Other,,,,,,2
Freshly Garlic,Garlic,Produce,,,,,,2
Fruit,Fruit,Produce,,,,,,2
Fry,Fry,Other,,,,,,2
Full-fat Plain Yoghurt,Plain Yoghurt,Dairy & Eggs / Alt,,,,,plain full fat yoghurt,2
Garlic Chilli Crunch,Garlic Chilli Crunch,Condiments & Sauces,,,,,,2
Garlic Oil,Oil,Produce,,,,,,2
Gem Lettuce,Salad,Produce,,,,,little gem lettuce,2
Gherkin,Cucumber,Vegetables,,,,,,2
Ginger Dressing,Ginger Dressing,Condiments & Sauces,,,,,,2
Ginger Powder,Ginger Powder,Spices & Herbs,,,,,,2
Glass Vermicelli Noodles,Noodles,Pantry / Dry Goods,,,,,,2
Gluten-free,Gluten-free,Other,,,,,,2
Gluten-free Bread,Bread,Bakery,,,,,gf bread,2
Gluten-free Bread Flour,Gluten-free bread flour,Pantry / Dry Goods,,,,,king arthur gluten bread flour;king arthur gluten free bread flour,2
Gluten-free Flour,Flour,Pantry / Dry Goods,,,,,gf flour,2
Gluten-free Self-raising Flour,Flour,Pantry / Dry Goods,,,,,gluten-free self-raising,2
Gluten-free Wrap,Wrap,Bakery,,,,,gf wrap,2
Gnocchi,Pasta,Pantry / Dry Goods,,,,,,2
Gochugaru Flake,Gochugaru,Condiments & Sauces,,,,,,2
Granary Breadcrumb,Breadcrumbs,Bakery,,,,,,2
Granola,Cereal,Pantry / Dry Goods,,,,,,2
Gras-fed Gelatin,Gras-fed Gelatin,Other,,,,,,2
Green Bell Pepper,Peppers,Produce,,,,,green capsicum,2
Handful Curly Kale,Salad,Produce,,,,,,2
Hazelnut Butter,Nut butter,Condiments & Sauces,,,,,,2
Heart Palm,Heart Palm,Canned & Jarred,,,,,,2
Hemp Seed,Hemp Seed,Nuts & Seeds,,,,,,2
High Quality Lean Beef Mince,High Quality Lean Beef Mince,Meat & Seafood / Protein,,,,,,2
Horseradish,Horseradish,Other,,,,,,2
Hummus,Hummus,Other,,,,,,2
Ice Cream,Ice Cream,Dairy & Eggs / Alt,,,,,,2
Iceberg Lettuce,Salad,Produce,,,,,,2
Instant Yeast,Instant Yeast,Pantry / Dry Goods,,,,,,2
Japanese Sweet Potato,Potatoes,Produce,,,,,,2
Juice Of 1/2 Lemon,,Beverages,,,,,,2
Juice Of 1/2 Lime,,Beverages,,,,,,2
Jumbo Wild Caught Pink Shrimp,Prawn,Meat & Seafood / Protein,,,,,,2
Kaffir Lime Leave,Kaffir Lime Leave,Produce,,,,,,2
Kaizen Rice,Kaizen Rice,Grains,,,,,,2
Kefir Yogurt,Yoghurt,Dairy & Eggs / Alt,,,,,,2
Kimchi,Kimchi,Canned & Jarred,,,,,,2
Korean Chilli Flake,Chilli Flakes,Spices & Herbs,,,,,,2
Laksa Paste,Laksa Paste,Spices & Herbs,,,,,,2
Large Handful Fresh Coriander,,Produce,,,,,,2
Large Handful Fresh Mint,,Produce,,,,,,2
Lean Beef Mince,Lean Beef Mince,Meat & Seafood / Protein,,,,,,2
Lean Chicken Mince,Lean Chicken Mince,Meat & Seafood / Protein,,,,,,2
Lebanese Cucumber,Cucumber,Produce,,,,,,2
Leek,Leek,Produce,,,,,,2
Leftover Chicken,Leftover Chicken,Meat & Seafood / Protein,,,,,,2
Leftover Nut,Leftover Nut,Nuts & Seeds,,,,,,2
Lemongras Stalk,Lemongrass,Spices & Herbs,,,,,,2
Light Sour Cream,Cream,Dairy & Eggs / Alt,,,,,,2
Lightly Salted,Lightly,Other,,,,,,2
Lime Wedge Chilli,Lime Wedge Chilli,Produce,,,,,,2
Linguine,Pasta,Pantry / Dry Goods,,,,,,2
Liquid Smoke,Liquid Smoke,Other,,,,,,2
Long Red Chilli,Chillies,Produce,,,,,,2
Low Fat Coconut Milk,Coconut Milk,Canned & Jarred,,,,,,2
Low Sodium Chicken Stock,Chicken Stock,Meat & Seafood / Protein,,,,,,2
Low-carb Cinnamon Cracker,Low-carb Cinnamon Cracker,Snacks & Confectionery,,,,,,2
Low-carb Tortilla,Tortilla,Bakery,,,,,low-carb tortillas,2
Low-fat Coconut Milk,Coconut Milk,Canned & Jarred,,,,,light coconut milk,2
Low-fat Plain Yoghurt,Plain Yoghurt,Dairy & Eggs / Alt,,,,,low fat yogurt,2
Low-sugar Tomato Ketchup,Ketchup,Condiments & Sauces,,,,,,2
Macadamias,Macadamias,Other,,,,,,2
Malt Vinegar,Vinegar,Condiments & Sauces,,,,,,2
Mangetout,Peas,Vegetables,,,,,,2
Matcha Powder,Matcha Powder,Beverages,,,,,,2
Meat,Meat,Meat & Seafood / Protein,,,,,,2
Mexican Cheese Blend,Cheese,Dairy & Eggs / Alt,,,,,,2
Mild Chilli Powder,Chilli Powder,Spices & Herbs,,,,,,2
Mild Curry Powder,Curry Powder,Spices & Herbs,,,,,,2
Mini Chicken Breast Fillet,Mini Chicken Breast,Meat & Seafood / Protein,,,,,,2
Mini Chocolate Chip,Chocolate,Snacks & Confectionery,,,,,,2
Mini Cucumber,Cucumber,Produce,,,,,,2
Mini Dairy-free Chocolate Chip,Chocolate,Snacks & Confectionery,,,,,,2
Mini Dark Chocolate Chip,Chocolate,Snacks & Confectionery,,,,,,2
Mint Coriander,Mint Coriander,Produce,,,,,,2
Miracle Whip,Miracle Whip,Other,,,,,,2
Miso Soup,Miso Soup,Condiments & Sauces,,,,,,2
Mixed Nuts,Mixed Nuts,Nuts & Seeds,,,,,,2
Mixed Seeds,Mixed Seeds,Nuts & Seeds,,,,,,2
Mixed Spice,Mixed Spice,Spices & Herbs,,,,,,2
More Hazelnut,More Hazelnut,Other,,,,,,2
Mushroom,Mushroom,Produce,,,,,,2
Non-dairy Milk,Milk,Dairy & Eggs / Alt,,,,,,2
Nush Protein Yoghurt,Yoghurt,Dairy & Eggs / Alt,,,,,,2
Orzo,Pasta,Pantry / Dry Goods,,,,,,2
Oyster Mushroom,Mushroom,Vegetables,,,,,,2
Pak Choy,Pak Choy,Vegetables,,,,,,2
Pancake And Waffle Mix,Flour,Pantry / Dry Goods,,,,,,2
Pancake Mix,Flour,Pantry / Dry Goods,,,,,,2
Parma Ham,Parma Ham,Meat & Seafood / Protein,,,,,,2
Peach Jam,Peach Jam,Condiments & Sauces,,,,,,2
Peach Slice,Peach,Produce,,,,,,2
Peanut Butter Cup,Peanut Butter Cup,Snacks & Confectionery,,,,,,2
Peanut Oil,Peanut Oil,Condiments & Sauces,,,,,,2
Peppercorn,Peppercorn,Spices & Herbs,,,,,,2
Pepperoncini,Pepperoncini,Spices & Herbs,,,,,,2
Peri Peri Sauce,Peri Peri Sauce,Condiments & Sauces,,,,,,2
Pickled Chilli,Pickles,Canned & Jarred,,,,,,2
Pickled Ginger,Pickles,Canned & Jarred,,,,,,2
Pickled Jalapeño Brine,Pickles,Canned & Jarred,,,,,brine from jalapeno;brine from jalapeno jar;jalapeno brine,2
Pickled Red Onion,Pickles,Canned & Jarred,,,,,,2
Pineapple,Pineapple,Produce,,,,,,2
Pink Radish,Radish,Vegetables,,,,,pink radishe,2
Pistachios,Pistachios,Other,,,,,,2
Plant-based Mayonnaise,Mayonnaise,Condiments & Sauces,,,,,,2
Plant-based Vanilla Protein Powder,Protein Powder,Pantry / Dry Goods,,,,,,2
Pomegranate Seed,Pomegranate Seed,Produce,,,,,,2
Ponzu,Ponzu,Condiments & Sauces,,,,,,2
Poppy Seed,Poppy Seed,Nuts & Seeds,,,,,,2
Pork,Pork,Meat & Seafood / Protein,,,,,,2
Pouch Jasmine Rice,Rice,Grains,,,,,,2
Pound Ground Chicken,,Meat & Seafood / Protein,,,,,,2
Prawn Tail,Prawn,Meat & Seafood / Protein,,,,,,2
Pre-cooked Chicken,Pre-cooked Chicken,Meat & Seafood / Protein,,,,,,2
Preferred Sweetener,Sugar,Pantry / Dry Goods,,,,,,2
Protein Pasta,Pasta,Pantry / Dry Goods,,,,,box protein pasta,2
Psyllium Husk,Psyllium Husk,Nuts & Seeds,,,,,,2
Pumpkin Spice Granola,Pumpkin Spice Granola,Pantry / Dry Goods,,,,,,2
Punnet Mushroom,Mushroom,Produce,,,,,,2
Pure Vanilla Extract,Vanilla Extract,Pantry / Dry Goods,,,,,,2
Quinoa Flake,Quinoa,Grains,,,,,,2
Radishes,,Other,,,,,,2
Raspberries,Berries,Produce,,,,,box raspberry,2
Red,Red,Other,,,,,,2
Red Apple,Apple,Produce,,,,,,2
Red Birdseye Chilli,Chillies,Produce,,,,,,2
Red Chilli Flake,Chilli Flakes,Spices & Herbs,,,,,,2
Red Enchilada Sauce,Red Enchilada Sauce,Condiments & Sauces,,,,,,2
Reduced Fat Mexican Blend Cheese,Cheese,Dairy & Eggs / Alt,,,,,,2
Reduced-sodium Soy Sauce,Soy Sauce,Condiments & Sauces,,,,,,2
Relish,Relish,Condiments & Sauces,,,,,,2
Reserved Noodle Water,Reserved Noodle Water,Other,,,,,,2
Reserved Pasta Water,Reserved Pasta Water,Other,,,,,,2
Rice Malt Syrup,Sugar,Pantry / Dry Goods,,,,,,2
Roast Chicken,Roast Chicken,Meat & Seafood / Protein,,,,,,2
Roast Chicken Breast,Roast Chicken Breast,Meat & Seafood / Protein,,,,,,2
Rock Salt,Salt,Spices & Herbs,,,,,,2
Rosemary,Rosemary,Spices & Herbs,,,,,,2
Rotisserie Chicken,Rotisserie Chicken,Meat & Seafood / Protein,,,,,,2
Salmon,Salmon,Meat & Seafood / Protein,,,,,,2
Salsa,Salsa,Other,,,,,,2
Salt And Black Pepper,Salt And Black Pepper,Spices & Herbs,,,,,,2
Salt And Cracked Pepper,Salt And Cracked Pepper,Spices & Herbs,,,,,,2
Salt Black Pepper,Salt Black Pepper,Spices & Herbs,,,,,,2
Sambal Chilli Paste,Chillies,Produce,,,,,,2
Sambal Oelak,Sambal Oelak,Spices & Herbs,,,,,,2
Sashimi-grade Tuna,Sashimi-grade Tuna,Meat & Seafood / Protein,,,,,,2
Seasoned Chicken Sausage Meat,Seasoned Chicken Sausage Meat,Meat & Seafood / Protein,,,,,,2
Seaweed Salad,Seaweed Salad,Other,,,,,,2
Second Cooking Spray Oil,Second Cooking Spray Oil,Other,,,,,,2
Second Spray Oil,Second Spray Oil,Other,,,,,,2
Serve Chocolate Protein Powder,Protein Powder,Pantry / Dry Goods,,,,,,2
Serving Pasta,Pasta,Pantry / Dry Goods,,,,,,2
Serving Warmed Berry,Berries,Produce,,,,,,2
Sheets Of Rice Paper,,Bakery,,,,,,2
Shot Espresso,Coffee,Beverages,,,,,,2
Shrimp,Prawn,Meat & Seafood / Protein,,,,,,2
Sichuan,Chillies,Vegetables,,,,,,2
Sichuan Pepper,Sichuan Pepper,Spices & Herbs,,,,,,2
Side Salad,Salad,Vegetables,,,,,,2
Skin-on Chicken Thigh,Skin-on Chicken Thigh,Meat & Seafood / Protein,,,,,,2
Smoked Cheddar,Cheese,Dairy & Eggs / Alt,,,,,,2
Smoked Streaky Bacon,Smoked Streaky Bacon,Meat & Seafood / Protein,,,,,,2
Soaked And Drained Date,Soaked And Drained Date,Other,,,,,,2
Somen Noodles,Noodles,Pantry / Dry Goods,,,,,,2
Sourdough,Bread,Bakery,,,,,,2
Soy Protein,Soy Protein,Condiments & Sauces,,,,,,2
Soy Sauce Fish Sauce,Soy Sauce Fish Sauce,Meat & Seafood / Protein,,,,,,2
Soy Sauce Rice Vinegar Season,Soy Sauce Rice Vinegar Season,Condiments & Sauces,,,,,,2
Soy Skyr,Soy Skyr,Condiments & Sauces,,,,,,2
"Soya Milk, Unsweetened",Milk,Dairy & Eggs / Alt,,,,,unsweetened soya milk,2
Spaghetti,Pasta,Pantry / Dry Goods,,,,,,2
Spring Onion Sesame Seed,Spring Onion Sesame Seed,Pantry / Dry Goods,,,,,,2
Sriracha Kewpie Mayonnaise,Sriracha Kewpie Mayonnaise,Condiments & Sauces,,,,,,2
Sriracha Mayonnaise,Sriracha Mayonnaise,Condiments & Sauces,,,,,,2
Stalk Celery,Celery,Produce,,,,,,2
Stalk Lemongrass,,Other,,,,,,2
Stevia,Sweetner,Pantry / Dry Goods,,,,,,2
Stilton,Cheese,Dairy & Eggs / Alt,,,,,crumbled stilton,2
Strawberries,Berries,Produce,,,,,box strawberry,2
Streaky Bacon,Streaky Bacon,Meat & Seafood / Protein,,,,,,2
Sugar Snap Peas,Peas,Vegetables,,,,,sugar snap pea,2
Sugar-free Ketchup,Ketchup,Condiments & Sauces,,,,,,2
Sunbutter,Sunbutter,Condiments & Sauces,,,,,,2
Sundried Tomato Paste,Sundried tomatoes,Canned & Jarred,,,,,sun-dried tomato paste,2
Sunflower And Sesame Seed Blend,Sunflower And Sesame Seed Blend,Nuts & Seeds,,,,,,2
Sunflower Seeds,,Other,,,,,,2
Sweet Smoked Paprika,Paprika,Spices & Herbs,,,,,,2
Sweetner,Sugar,Pantry / Dry Goods,,,,,sweetener choice,2
Tabasco,Tabasco,Condiments & Sauces,,,,,dashe tabasco,2
Tempeh,Tempeh,Meat & Seafood / Protein,,,,,,2
Teriyaki Sauce,Teriyaki Sauce,Condiments & Sauces,,,,,,2
Thai Bird Eye Chilli,Chillies,Vegetables,,,,,thai bird eye chilly,2
Thai Chilli Powder,Chilli Powder,Spices & Herbs,,,,,,2
Tinned Tuna,Tinned tuna,Canned & Jarred,,,,,light canned tuna,2
Tins Tuna,,Meat & Seafood / Protein,,,,,,2
Tuna In Spring Water,Tuna In Spring Water,Meat & Seafood / Protein,,,,,,2
Tuna Steak,Tuna Steak,Meat & Seafood / Protein,,,,,,2
Turkey,Turkey,Meat & Seafood / Protein,,,,,,2
Unsweetened Apple Sauce,Applesauce,Condiments & Sauces,,,,,,2
Unsweetened Applesauce,Applesauce,Condiments & Sauces,,,,,,2
Unsweetened Cocoa Powder,Cocoa Powder,Pantry / Dry Goods,,,,,,2
Urfa Pepper,Urfa Pepper,Spices & Herbs,,,,,,2
Vanilla Ice Cream,Ice Cream,Dairy & Eggs / Alt,,,,,,2
Vegan,Vegan,Other,,,,,,2
Vegan Butter,Butter,Dairy & Eggs / Alt,,,,,,2
Vegan Chocolate Chip,Chocolate,Snacks & Confectionery,,,,,,2
Vegan Chocolate Hazelnut Protein Powder,Protein Powder,Pantry / Dry Goods,,,,,,2
Vegan Fish Sauce,Vegan Fish Sauce,Meat & Seafood / Protein,,,,,,2
Vegan Mayonnaise,Mayonnaise,Condiments & Sauces,,,,,,2
Vegan Protein Pancake Mix,Flour,Pantry / Dry Goods,,,,,,2
Vegan Yoghurt,Yoghurt,Dairy & Eggs / Alt,,,,,,2
Vegetable Bouillon,Stock,Spices & Herbs,,,,,,2
Vegetable Broth,Broth,Spices & Herbs,,,,,veggie broth,2
Vermicelli,Pasta,Pantry / Dry Goods,,,,,,2
Vine Tomatoes,Tomatoes,Vegetables,,,,,,2
Vinegar,Vinegar,Condiments & Sauces,,,,,,2
Warm Water,Water,Beverages,,,,,,2
Wasabi Paste,Wasabi Paste,Condiments & Sauces,,,,,,2
Water Chestnut,Water Chestnut,Canned & Jarred,,,,,,2
Wheat Flour,Flour,Pantry / Dry Goods,,,,,,2
White,White,Other,,,,,,2
White Bread,Bread,Bakery,,,,,,2
White Chocolate,Chocolate,Snacks & Confectionery,,,,,,2
White Chocolate Bar,Chocolate,Snacks & Confectionery,,,,,,2
White Pitta,Pitta,Bakery,,,,,soft pitta,2
White Roll,Bread,Bakery,,,,,soft roll,2
Wholemeal Flour,Flour,Pantry / Dry Goods,,,,,,2
Wild Shrimp,Prawn,Meat & Seafood / Protein,,,,,,2
Worcestershire Sauce,Worcestershire Sauce,Condiments & Sauces,,,,,,2
- 1 Tbsp Maple Syrup,,Pantry / Dry Goods,,,,,,1
-1/3 Cup Finely Diced Cucumbers,,Other,,,,,,1
-1/3 Cup Finely Sliced Scallions/spring Onions,,Other,,,,,,1
-1/3 Of An Onion,,Produce,,,,,,1
–1 Bunch Green Leaf Lettuce,,Other,,,,,,1
–½ Tsp Cayenne Pepper,,Spices & Herbs,,,,,,1
/ 1.2 Lb Chicken Thigh,,Meat & Seafood / Protein,,,,,,1
"/ 1/2"" Ginger Piece",,Produce,,,,,,1
/ 10oz Peeled Whole Cooked Prawns/shrimp,,Meat & Seafood / Protein,,,,,,1
/ 2 Tbsp Unsalted Butter,,Dairy & Eggs / Alt,,,,,,1
/ 2.5oz Dried Vermicelli Noodles,,Other,,,,,,1
/ 2.5oz Enoki Mushrooms,,Other,,,,,,1
/ 3 Tbsp Extra Unsalted Butter,,Dairy & Eggs / Alt,,,,,,1
/ 4 Cups Chicken Stock/broth,,Meat & Seafood / Protein,,,,,,1
/ 5oz Instant Noodles,,Other,,,,,,1
/ 600g Firm White Fish Fillets,,Meat & Seafood / Protein,,,,,,1
/ 65ml Vegetable Oil,,Condiments & Sauces,,,,,,1
+ 1 Tbsp Coconut Flour,,Pantry / Dry Goods,,,,,,1
+ 1 Tbsp Pumpkin Puree,,Other,,,,,,1
+ 1 Tbsp Raw Honey,,Pantry / Dry Goods,,,,,,1
+ 2 Tbsp Milk,,Dairy & Eggs / Alt,,,,,,1
+ Cooking/kosher Salt,,Spices & Herbs,,,,,,1
× 100g Packets Ramen Noodles — Use GF Rice Noodles,,Pantry / Dry Goods,,,,,,1
× 225g Block Smoked Firm Tofu,,Meat & Seafood / Protein,,,,,,1
~30g Vanilla Plant Protein Powder,,Other,,,,,,1
~8g Toasted Peanuts,,Other,,,,,,1
0% Fat Greek Yoghurt,,Dairy & Eggs / Alt,,,,,,1
0% Greek Yoghurt,,Dairy & Eggs / Alt,,,,,,1
0% Greek Yogurt,,Dairy & Eggs / Alt,,,,,,1
0% Plain Greek Yogurt,,Dairy & Eggs / Alt,,,,,,1
½ Cup Sprouted Oats,,Other,,,,,,1
½ Cups Cooked Shredded Chicken,,Meat & Seafood / Protein,,,,,,1
½ Cups Enchilada Sauce,,Condiments & Sauces,,,,,,1
½ Cups Fresh Parsley,,Produce,,,,,,1
½ Cups White Rice,,Pantry / Dry Goods,,,,,,1
½ Tbsp Brown Sugar,,Pantry / Dry Goods,,,,,,1
½ Tbsp Chinese Cooking Wine,,Beverages,,,,,,1
½ Tbsp Coconut Sugar,,Pantry / Dry Goods,,,,,,1
½ Tbsp Dark Soy Sauce,,Condiments & Sauces,,,,,,1
½ Tbsp Dried Thyme,,Spices & Herbs,,,,,,1
½ Tbsp Garlic Powder,,Produce,,,,,,1
½ Tbsp Hoisin Sauce,,Condiments & Sauces,,,,,,1
½ Tbsp Maple Syrup,,Pantry / Dry Goods,,,,,,1
½ Tbsp Milled Flaxseeds,,Other,,,,,,1
½ Tbsp Neutral Cooking Oil,,Condiments & Sauces,,,,,,1
½ Tbsp Olive Oil,,Condiments & Sauces,,,,,,1
½ Tbsp Sesame Seeds,,Other,,,,,,1
½ Tbsp Smooth Peanut Butter,,Dairy & Eggs / Alt,,,,,,1
½ Tbsp Tamarind Purée,,Other,,,,,,1
½ Teaspoon Salt,,Spices & Herbs,,,,,,1
½ Tsp Brown Sugar,,Pantry / Dry Goods,,,,,,1
½ Tsp Cooking/kosher Salt,,Spices & Herbs,,,,,,1
½ Tsp Each: Cooking Salt,,Spices & Herbs,,,,,,1
½ Tsp Garam Masala,,Spices & Herbs,,,,,,1
½ Tsp Ground Cumin,,Spices & Herbs,,,,,,1
½ Tsp Vanilla,,Other,,,,,,1
½ Tsp White Sugar,,Pantry / Dry Goods,,,,,,1
¼ Cups Cooked Sushi Rice,,Pantry / Dry Goods,,,,,,1
¼ Cups Dry Jasmine Rice,,Pantry / Dry Goods,,,,,,1
¼ Cups Edamame,,Produce,,,,,,1
⅔ Cups Tomato Passata,,Produce,,,,,,1
⅔ Cups Water,,Beverages,,,,,,1
¾ Cups Full Fat Coconut Milk,,Dairy & Eggs / Alt,,,,,,1
99% Lean Ground Turkey,,Meat & Seafood / Protein,,,,,,1
Bag Chocolate Chips,,Snacks & Confectionery,,,,,,1
Basil And Parsley,Basil And Parsley,Spices & Herbs,,,,,,1
Batch Quick Pickled Carrot And Daikon,Batch Quick Pickled Carrot And Daikon,Produce,,,,,,1
Block Extra Firm Tofu,Firm Tofu,Meat & Seafood / Protein,,,,,,1
Block Extra-firm Tofu,,Meat & Seafood / Protein,,,,,,1
Block Smoked Firm Tofu,Smoked Firm Tofu,Meat & Seafood / Protein,,,,,,1
Boneless,,Other,,,,,,1
Brine From Jalapeño Jar,,Condiments & Sauces,,,,,,1
Brown,Brown,Other,,,,,,1
Brown/coconut Sugar,,Pantry / Dry Goods,,,,,,1
Bulb Garlic,,Produce,,,,,,1
Bulb Of Garlic,,Produce,,,,,,1
Bunch Of Chives,,Other,,,,,,1
Bunch Of Gai Lan,,Other,,,,,,1
Butter Coffee Protein Powder,Butter Coffee Protein Powder,Dairy & Eggs / Alt,,,,,,1
Canned Jalapeño,,Other,,,,,,1
Carrot Cucumber,Carrot Cucumber,Produce,,,,,,1
Carrots,Carrots,Produce,,,,,carrot and,1
Carrots + 2 Cucumbers,,Other,,,,,,1
Chinese 5 Spice,,Other,,,,,,1
Chinese Spice,Chinese Spice,Spices & Herbs,,,,,,1
Chocolate Chip With Coconut Oil,Chocolate Chip With Coconut Oil,Condiments & Sauces,,,,,,1
Chocolate Chips Melted With 1 Tsp Coconut Oil,,Condiments & Sauces,,,,,,1
Cilantro/coriander,,Produce,,,,,,1
Cinnamon And Ginger,Cinnamon And Ginger,Spices & Herbs,,,,,,1
Cm,Cm,Other,,,,,,1
Cooked Chicken Breast / Prawns / Flaked Hot Smoked Salmon,,Meat & Seafood / Protein,,,,,,1
Coriander/cilantro,,Produce,,,,,,1
Coriander/cilantro Leaves,,Produce,,,,,,1
Coriander/cilantro Sprigs/leaves,,Produce,,,,,,1
Cornflour,Cornflour,Pantry / Dry Goods,,,,,cornflour mixed with water,1
Cornflour Mixed With 50ml Water,,Beverages,,,,,,1
Cucumber And Carrot,Cucumber And Carrot,Produce,,,,,,1
Daikon,,Produce,,,,,,1
Dairy-free Chocolate Chip Coconut Oil,Dairy-free Chocolate Chip Coconut Oil,Condiments & Sauces,,,,,,1
Dairy-free Chocolate Chips + 1 Tsp Coconut Oil,,Condiments & Sauces,,,,,,1
Date Pur E,Date puree,Other,,,,,,1
Date Purée,,Pantry / Dry Goods,,,,,,1
Dill/parsley,,Produce,,,,,,1
Drizzle Of Maple Syrup,,Pantry / Dry Goods,,,,,,1
Drizzle Of Oil,,Condiments & Sauces,,,,,,1
Each Garlic And Ginger,,Produce,,,,,,1
Each Lime Juice,,Beverages,,,,,,1
Each Mint Leaves + Coriander/cilantro Sprigs,,Produce,,,,,,1
Each Salt And Pepper,,Spices & Herbs,,,,,,1
Each Soy Sauce,,Condiments & Sauces,,,,,,1
Each Tamarind Paste,,Condiments & Sauces,,,,,,1
Each: Dark Soy Sauce,,Condiments & Sauces,,,,,,1
Each: Ground Cumin,,Spices & Herbs,,,,,,1
Each: Light Soy Sauce,,Condiments & Sauces,,,,,,1
Each: Salt,,Spices & Herbs,,,,,,1
Egg Yolk,Egg,Dairy & Eggs / Alt,,,,,egg egg yolk,1
Enchilada Sauce,Enchilada Sauce,Condiments & Sauces,,,,,,1
Extra-firm Tofu,Extra-firm Tofu,Meat & Seafood / Protein,,,,,,1
Firm Block Tofu,Firm Tofu,Meat & Seafood / Protein,,,,,,1
Fresh Jalapeños,,Other,,,,,,1
Fresh Watercress,,Other,,,,,,1
Gai Lan,Gai Lan,Other,,,,,,1
Garlic And Ginger,Garlic And Ginger,Produce,,,,,,1
Garlic Paste And Ginger Paste,Garlic Paste And Ginger Paste,Produce,,,,,,1
Green Leaf Lettuce,Salad,Produce,,,,,,1
Handfuls Baby Spinach,,Produce,,,,,,1
Handfuls Fresh Spinach,,Produce,,,,,,1
Handfuls Kale,,Produce,,,,,,1
Heads Bok Choy,,Other,,,,,,1
Instant Coffee Dissolved In 1 Tbsp Hot Water,,Beverages,,,,,,1
Instant Coffee Dissolved In Hot Water,Coffee,Beverages,,,,,,1
Instant Laksa Noodles,Noodles,Pantry / Dry Goods,,,,,,1
Jalapeño Brine,,Condiments & Sauces,,,,,,1
Jalapeños From A Jar,,Other,,,,,,1
Jar Tomato Roasted Garlic Pasta Sauce,,Condiments & Sauces,,,,,,1
Juice And Zest Lime,Lime,Produce,,,,,,1
Juice And Zest Of 1 Lime,,Beverages,,,,,,1
Juice From 3 Lemons,,Beverages,,,,,,1
Juice Of 1 Large Orange And 1 Tsp Zest,,Beverages,,,,,,1
Juice Of 1–2 Limes,,Beverages,,,,,,1
Juice Of 2 Small Limes,,Beverages,,,,,,1
Juice Orange And Zest,Orange,Produce,,,,,,1
Kale,Salad,Produce,,,,,,1
Ketchup,Ketchup,Condiments & Sauces,,,,,tomato sauce,1
Large,,Other,,,,,,1
Large Egg + 1 Egg Yolk,,Dairy & Eggs / Alt,,,,,,1
Large Handful Chives,,Other,,,,,,1
Large Handful Chopped Cilantro,,Other,,,,,,1
Large Handful Cilantro,,Other,,,,,,1
Large Handful Coriander,,Produce,,,,,,1
Large Handful Fresh Basil And Parsley,,Produce,,,,,,1
Large Handful Fresh Cilantro,,Other,,,,,,1
Large Handful Fresh Dill,,Other,,,,,,1
Large Handful Fresh Parsley,,Produce,,,,,,1
Large Handful Parsley,,Produce,,,,,,1
Large Head Broccoli,,Produce,,,,,,1
Large Head Of Romaine,,Other,,,,,,1
Large Jalapeño,,Other,,,,,,1
Lime And Peanut,Lime And Peanut,Pantry / Dry Goods,,,,,,1
Medium Carrots And 1/2 Large White Radish,,Produce,,,,,,1
Medium Red Capsicum/bell Pepper,,Spices & Herbs,,,,,,1
Microwave Rice,Rice,Grains,,,,,,1
Mint And Coriander,Mint And Coriander,Produce,,,,,,1
Mint And Coriander/cilantro Leaves,,Produce,,,,,,1
Mint Leave Coriander,Mint Leave Coriander,Produce,,,,,,1
Mix Chia Seed And Pumpkin Seed,Mix Chia Seed And Pumpkin Seed,Nuts & Seeds,,,,,,1
Nando Garlic Sauce,Nando Garlic Sauce,Condiments & Sauces,,,,,,1
Nando's Garlic Sauce,,Condiments & Sauces,,,,,,1
Neutral Oil For Frying,,Condiments & Sauces,,,,,,1
Or So Chicken Stock,Chicken Stock,Meat & Seafood / Protein,,,,,,1
Orange Zest,Orange,Produce,,,,,zest orange,1
Pack Brown Precooked Rice,,Pantry / Dry Goods,,,,,,1
Pack Microwave Rice,,Pantry / Dry Goods,,,,,,1
Pack Silken Tofu,,Meat & Seafood / Protein,,,,,,1
Pack Soft Tofu/silken Tofu,,Meat & Seafood / Protein,,,,,,1
Packet Of Seaweed Thins,,Other,,,,,,1
Packet Taco Seasoning,,Spices & Herbs,,,,,,1
Packets Taco Seasoning,,Spices & Herbs,,,,,,1
Packs Instant Laksa Noodles,,Other,,,,,,1
Packs Vermicelli Noodles,,Other,,,,,,1
Pecan And Pumpkin Seed,Pecan And Pumpkin Seed,Nuts & Seeds,,,,,,1
Pickled Carrot,,Produce,,,,,,1
Pickled Cucumber,,Produce,,,,,,1
Pickled Jalapeno,Pickles,Canned & Jarred,,,,,canned jalapeno,1
Pickled Onion And Lime,Pickles,Canned & Jarred,,,,,,1
Pinche Flaky Sea Salt And Black Pepper,Pinche Flaky Sea Salt And Black Pepper,Spices & Herbs,,,,,,1
Plain Oil,,Condiments & Sauces,,,,,,1
Quick Pickled Ribbon Cucumber And Carrot,Salad,Produce,,,,,,1
Raspberry And Blueberry,Berries,Produce,,,,,,1
Red Chillies,,Other,,,,,,1
Rolled Oats + 45g Quinoa Flakes,,Pantry / Dry Goods,,,,,,1
Salt And Cinnamon,Salt And Cinnamon,Spices & Herbs,,,,,,1
Salt And Pepper Season,Salt And Pepper Season,Spices & Herbs,,,,,,1
Salt And Sriracha,Salt And Sriracha,Condiments & Sauces,,,,,,1
Scallion/shallot Stalks,,Produce,,,,,,1
Seaweed Thin,Seaweed,Other,,,,,,1
Sheet Nori,,Other,,,,,,1
Sheets Roasted Nori,,Other,,,,,,1
Silken Tofu,Silken Tofu,Meat & Seafood / Protein,,,,,,1
Small Bunch Coriander,,Produce,,,,,,1
Small Bunch Fresh Coriander,,Produce,,,,,,1
Small Handful Cashews,,Other,,,,,,1
Small Handful Spring Onions,,Other,,,,,,1
Small Head Green Cabbage,,Produce,,,,,,1
Small Knob Of Ginger,,Produce,,,,,,1
Small Pinch Of Salt,,Spices & Herbs,,,,,,1
Small Tbsp Tamarind Paste,,Condiments & Sauces,,,,,,1
Small Tsp Ginger Puree,,Produce,,,,,,1
Soft Tofu,Soft Tofu,Meat & Seafood / Protein,,,,,,1
Sprigs Of Spring Onion,,Produce,,,,,,1
Stalks Green Onion,,Produce,,,,,,1
Sundried Tomato Purée,,Produce,,,,,,1
Sundried Tomatoes,Sundried tomatoes,Canned & Jarred,,,,,sun tomato;sundried tomato;sundried tomato pur e;sundried tomato puree,1
Thumb Size Knob Of Ginger / 1 Tsp Galangal,,Produce,,,,,,1
Tin Tomato Sauce,,Condiments & Sauces,,,,,,1
To 1/2 Cup Toasted Walnuts,,Other,,,,,,1
Tomato Garlic Pasta Sauce,Tomato Garlic Pasta Sauce,Condiments & Sauces,,,,,,1
Tomato Purée,,Produce,,,,,,1
Tuna In Water,Tuna In Water,Meat & Seafood / Protein,,,,,,1
Very Cup Each Bean Sprouts & Baby Spinach,,Pantry / Dry Goods,,,,,,1
Very Heaped Cup Each Bean Sprout Spinach,Very Heaped Cup Each Bean Sprout Spinach,Pantry / Dry Goods,,,,,,1
Water + 1 ½ Tsp Bouillon,,Beverages,,,,,,1
Water + 1 Teaspoon Arrowroot Starch,,Beverages,,,,,,1
Water Bouillon,Water Bouillon,Spices & Herbs,,,,,,1
Watercress,Salad,Vegetables,,,,,watercre,1
White Sugar + 4 Tsp Salt Dissolved In 1 ½ Cups Boiling Water,,Spices & Herbs,,,,,,1
White Sugar Salt Dissolved In Boiling Water,White Sugar Salt Dissolved In Boiling Water,Spices & Herbs,,,,,,1
X 16oz Block Extra Firm Tofu,,Meat & Seafood / Protein,,,,,,1
X 425g Can Tuna,,Meat & Seafood / Protein,,,,,,1
X 5oz Cans Tuna In Water,,Meat & Seafood / Protein,,,,,,1
X Firm Block Tofu,,Meat & Seafood / Protein,,,,,,1
Zest,Citrus,Produce,,,,,,1
Zest And Juice Lemon,Lemon,Produce,,,,,,1
Zest And Juice Lime,Lime,Produce,,,,,,1
Zest And Juice Of 1 Large Lemon,,Beverages,,,,,,1
Zest And Juice Of 1 Lime,,Beverages,,,,,,1
Zest From 1 Lemon,,Produce,,,,,,1
Zest Of 1 Lemon,,Produce,,,,,,1
Zest Of 1 Orange,,Produce,,,,,,1
Zest Of 1/2 Lemon,,Produce,,,,,,1
Baking Cacao,Cacoa,Pantry / Dry Goods,,,,,,0
Beef Stock,Beef Stock,Meat & Seafood / Protein,,,,,,0
Berries,Berries,Produce,,,,,warmed berry,0
Big Vanilla,Vanilla,Pantry / Dry Goods,,,,,,0
Broccoli Cauliflower,Broccoli Cauliflower,Produce,,,,,,0
Carrot And White Radish,Carrot And White Radish,Produce,,,,,,0
Chickpea,Chickpea,Canned & Jarred,,,,,,0
Chif,Chif,Other,,,,,,0
Chilli Sauce,Chilli Sauce,Condiments & Sauces,,,,,,0
Chipotle Taco Seasoning,Chipotle Taco Seasoning,Spices & Herbs,,,,,,0
Cod,Cod,Meat & Seafood / Protein,,,,,,0
Curly Kale,Salad,Produce,,,,,,0
Dill Parsley,Dill Parsley,Produce,,,,,,0
Espresso,Coffee,Beverages,,,,,,0
Firm White Fish,Firm White Fish,Meat & Seafood / Protein,,,,,,0
Flaky Sea Salt And Black Pepper,Flaky Sea Salt And Black Pepper,Spices & Herbs,,,,,,0
Herb,Herb,Spices & Herbs,,,,,,0
High Lean Beef Mince,High Lean Beef Mince,Meat & Seafood / Protein,,,,,,0
Instant Coffee Dissolved In Water,Coffee,Beverages,,,,,,0
Instant Noodles,Noodles,Pantry / Dry Goods,,,,,,0
Instant Vermicelli Rice Noodles,Noodles,Pantry / Dry Goods,,,,,,0
Jalapeno From,Jalapeño,Vegetables,,,,,,0
Macadamia,Macadamia,Other,,,,,,0
Milk Pouring Over,Milk Pouring Over,Dairy & Eggs / Alt,,,,,,0
Olif,Olif,Other,,,,,,0
Pint Cherry Tomato,Tomatoes,Produce,,,,,,0
Pistachio,Pistachio,Other,,,,,,0
Potato,Potato,Produce,,,,,,0
Prawn Shrimp,Prawn,Meat & Seafood / Protein,,,,,,0
Salad Tomato,Tomatoes,Produce,,,,,,0
Self-raising Flour,Flour,Pantry / Dry Goods,,,,,,0
Smoked Firm Tofu,Smoked Firm Tofu,Meat & Seafood / Protein,,,,,,0
Soft Tofu Silken Tofu,Soft Tofu Silken Tofu,Meat & Seafood / Protein,,,,,,0
Sundried Tomatoes In Oil,Sundried tomatoes,Canned & Jarred,,,,,sundried tomato in oil,0
Thai Chilli,Chillies,Produce,,,,,,0
Turkey Mince,Turkey Mince,Meat & Seafood / Protein,,,,,,0
Unsalted Butter,Butter,Dairy & Eggs / Alt,,,,,,0
Vegan Cheese,Cheese,Dairy & Eggs / Alt,,,,,,0
Vine Tomato,Tomatoes,Produce,,,,,,0
