,corrected_grams,note,needs,qty_source,recipe_name,meal_type,serves,section,ingredient_line,parsed_name,computed_grams,how,FULL_RECIPE_for_context,why_flagged
1,,,,,,,,,,,,,,
0,60,,?,estimated,Basic Oat Flour Pancakes,breakfast,2,Suggested Toppings,yoghurt,yoghurt,150,bare → 150 g typical (yoghurt),"[Main] 1/2 cup oats, blended into flour · [Main] 1 tsp baking powder · [Main] 1 egg · [Main] 2 tbsp thick Greek yoghurt · [Main] 4 tbsp milk (adjust to consistency) · [Suggested Toppings] yoghurt · [Suggested Toppings] strawberries · [Suggested Toppings] almond butter · [Suggested Toppings] maple syrup · [Suggested Toppings] cinnamon",large (~150g) main/base
1,,,,,,,,,,,,,,
0,0,take them out of the recipe.,★,unresolved,Carrot Cake Baked Oats,breakfast,1,To Top,Sultanas,Sultanas,,"no amount, generic item",[Main] 50g instant oats · [Main] 30g plant based protein powder · [Main] 15g sultanas · [Main] 50g grated carrot · [Main] 180ml milk · [Main] 1 tsp baking powder · [Main] 1 tsp mixed spice · [Main] 1 tbsp peanut butter · [Topping] 1 tbsp yoghurt · [Topping] 1 tbsp cream cheese · [Topping] Vanilla drops · [Topping] 1/2 tsp lemon juice · [To Top] Sultanas · [To Top] Walnuts · [To Top] Grated carrot,unresolved (no value)
1,,,,,,,,,,,,,,
0,50,~1/2 cup,?,estimated,Cottage Cheese Pancakes,breakfast,3,Main,Sliced bananas or blueberries for filling,Sliced bananas or blueberries for filling,2,bare → 1 × 2 g (blueberr),[Main] 4 eggs · [Main] 1 1/2 cups cottage cheese · [Main] 2 tbsp maple syrup · [Main] 1 tsp vanilla extract · [Main] 3/4 cup rolled oats or oat flour · [Main] 1/2 tbsp baking powder · [Main] Pinch of salt · [Main] Sliced bananas or blueberries for filling,dish-dependent phrase
1,,,,,,,,,,,,,,
0,,"[Main] Vanilla should read vanilla protein powder.
Filling of choice - this is optional, not included in nutritional estimations or grocery list.",★,unresolved,Fluffy Vegan Protein Pancakes,breakfast,2,Main,Filling of choice,Filling of choice,,"no amount, generic item",[Main] 100g flour · [Main] 50g vegan protein pancake mix · [Main] 150ml almond milk · [Main] 80ml yoghurt · [Main] 1 tbsp sugar · [Main] 1 tbsp baking powder · [Main] Vanilla · [Main] Filling of choice,unresolved (no value)
1,,,,,,,,,,,,,,
0,60,,?,estimated,Peach and Nectarine Overnight Oats,breakfast,1,Suggested Toppings,Vanilla yoghurt (use dairy-free),Vanilla yoghurt (use dairy-free),150,bare → 150 g typical (yoghurt),[Oats] ½ a peach or nectarine · [Oats] 200ml non-dairy milk · [Oats] 60g oats · [Oats] 1 tbsp chia seeds · [Suggested Toppings] Vanilla yoghurt (use dairy-free) · [Suggested Toppings] Peach or nectarine slices · [Suggested Toppings] Granola (check GF) · [Suggested Toppings] Almond butter,large (~150g) main/base
1,,,,,,,,,,,,,,
0,45,ml,?,estimated,Peanut Butter Banana French Toast,breakfast,1,French Toast,Oat milk,Oat milk,200,bare → 200 g typical (milk),[French Toast] 2 slices bread (use GF bread to keep GF) · [French Toast] Peanut butter · [French Toast] Sliced banana (sub sliced strawberries or mango to keep banana-free) · [French Toast] 1 egg · [French Toast] Oat milk · [French Toast] Vanilla · [French Toast] Cinnamon · [To Serve] Fresh fruit · [To Serve] Maple syrup,large (~200g) main/base
1,,,,,,,,,,,,,,
0,15,ml - 1 tbsp,?,estimated,Vegan Blueberry Protein Pancakes with Sticky Toffee Sauce,breakfast,,Sticky Toffee Sauce,Milk to thin,Milk to thin,200,bare → 200 g typical (milk),[Pancakes] ¾ cup plain flour (sub GF plain flour or oat flour to keep GF) · [Pancakes] 1 scoop vanilla protein powder · [Pancakes] 1 tbsp baking powder · [Pancakes] 1 tbsp agave syrup · [Pancakes] 1 tsp vanilla · [Pancakes] 1 tsp apple cider vinegar · [Pancakes] Approx. 1 cup milk of choice · [Pancakes] Pinch cinnamon · [Pancakes] Pinch salt · [Pancakes] Frozen blueberries · [Sticky Toffee Sauce] 1 tbsp nut butter · [Sticky Toffee Sauce] 1 tbsp maple or agave syrup · [Sticky Toffee Sauce] Dash cinnamon and ginger · [Sticky Toffee Sauce] Pinch salt · [Sticky Toffee Sauce] Milk to thin,large (~200g) main/base
1,,,,,,,,,,,,,,
0,60,ml,?,estimated,Vegan Chocolate Cake Baked Oats,breakfast,1,Fold-in & Topping,Extra milk for pouring over,Extra milk for pouring over,200,bare → 200 g typical (milk),[Batter] 60g oats · [Batter] 10g vegan vanilla protein powder · [Batter] 1 tsp raw cacao powder · [Batter] 1 tsp baking powder · [Batter] 100ml almond or milk of choice · [Batter] 40g vegan yoghurt · [Fold-in & Topping] Chocolate chips or chunks · [Fold-in & Topping] Extra milk for pouring over,large (~200g) main/base
1,,,,,,,,,,,,,,
0,60,,?,estimated,Vegan Chocolate Fudge Cake Oats,breakfast,1,Topping,Yoghurt (dairy-free),Yoghurt (dairy-free),150,bare → 150 g typical (yoghurt),[Cake] 1 egg (or ½ flax egg to make vegan) · [Cake] 1 tbsp yoghurt (use dairy-free soya or coconut yoghurt) · [Cake] 1 tbsp cocoa powder · [Cake] 40g oat flour · [Cake] 2 tbsp protein powder · [Cake] ½ tsp baking powder · [Cake] 80–90ml milk of choice · [Topping] Yoghurt (dairy-free) · [Topping] Maple syrup · [Topping] Cocoa powder,large (~150g) main/base
1,,,,,,,,,,,,,,
0,60,,?,estimated,Vegan Protein Waffles,breakfast,2,Topping,Dairy-free yoghurt,Dairy-free yoghurt,150,bare → 150 g typical (yoghurt),[Batter] ½ cup flour (sub GF plain flour or oat flour to keep GF) · [Batter] ¼ cup oats · [Batter] 1 tbsp sugar · [Batter] ½ tbsp baking powder · [Batter] 1 cup plant milk · [Batter] ⅛ cup coconut oil · [Batter] ¼ cup vanilla protein powder · [Topping] Dairy-free yoghurt · [Topping] Fresh or frozen berries,large (~150g) main/base
1,,,,,,,,,,,,,,
0,,no enough to actuallty count ,★,unresolved,Cat Magic Macro Protein Brownie,dessert,,Brownie,Sweetener drops,Sweetener drops,,"no amount, generic item",[Brownie] 100g oat flour · [Brownie] 30g whey protein powder (vanilla or chocolate) · [Brownie] 200ml egg whites · [Brownie] 300g mashed pumpkin (cooked) · [Brownie] 3 tbsp coco powder · [Brownie] Sweetener drops · [Brownie] 1 tsp baking powder · [Icing] 150g fat free smooth cottage cheese · [Icing] 10g whey protein · [Icing] 10g coco powder · [Icing] Sweetener drops · [Toppings] 2 blocks melted Lindt dark chocolate · [Toppings] 10g mini Tennis biscuits,unresolved (no value)
1,,,,,,,,,,,,,,
0,,no enough to actuallty count ,★,unresolved,Cat Magic Macro Protein Brownie,dessert,,Icing,Sweetener drops,Sweetener drops,,"no amount, generic item",[Brownie] 100g oat flour · [Brownie] 30g whey protein powder (vanilla or chocolate) · [Brownie] 200ml egg whites · [Brownie] 300g mashed pumpkin (cooked) · [Brownie] 3 tbsp coco powder · [Brownie] Sweetener drops · [Brownie] 1 tsp baking powder · [Icing] 150g fat free smooth cottage cheese · [Icing] 10g whey protein · [Icing] 10g coco powder · [Icing] Sweetener drops · [Toppings] 2 blocks melted Lindt dark chocolate · [Toppings] 10g mini Tennis biscuits,unresolved (no value)
1,,,,,,,,,,,,,,
0,60,,?,estimated,Peaches and Cream Chia Pudding,dessert,2,Toppings,Greek yoghurt (sub coconut or soya yoghurt to keep DF),Greek yoghurt (sub coconut or soya yoghurt to keep DF),150,bare → 150 g typical (greek yoghurt),[Pudding] 1 peach · [Pudding] 1 cup milk of choice · [Pudding] 1 tbsp maple syrup · [Pudding] ½ tsp vanilla extract · [Pudding] 4 tbsp chia seeds · [Toppings] Peach jam · [Toppings] Greek yoghurt (sub coconut or soya yoghurt to keep DF) · [Toppings] Chopped peaches · [Toppings] Coconut flakes,large (~150g) main/base
1,,,,,,,,,,,,,,
0,15,ml - 1 tbsp,?,estimated,Pumpkin Donuts,dessert,8,Dough,Avocado oil for coating,Avocado oil for coating,150,bare → 1 × 150 g (avocado),[Dough] 1/2 cup + 1 tbsp pumpkin puree · [Dough] 1 cup self rising flour (sub AP flour with 1 tsp baking powder) · [Dough] 1 tbsp maple syrup · [Dough] 1/4 tsp salt · [Dough] Avocado oil for coating · [Coating] 1 tsp cinnamon · [Coating] 1/2 tsp pumpkin pie spice · [Coating] 1/4 cup coconut sugar or white sugar,large (~150g) main/base
1,,,,,,,,,,,,,,
0,,1 avocado split between the 4 serves,?,estimated,BBQ Chicken Stuffed Sweet Potatoes,dinner,4,Optional,"avocado, for topping",avocado,150,bare → 1 × 150 g (avocado),"[Main] 4 medium sweet potatoes · [Main] 454g chicken breast · [Main] 1 cup BBQ sauce (sugar-free) · [Main] 1 tsp garlic powder · [Main] 1 tsp onion powder · [Main] 1/2 tsp paprika · [For the slaw] 3 cups shredded coleslaw mix · [For the slaw] 2 tbsp nonfat Greek yoghurt · [For the slaw] 2 tbsp light mayonnaise · [For the slaw] 1 tbsp white vinegar · [For the slaw] salt and pepper, to taste · [Optional] avocado, for topping",large (~150g) main/base
1,,,,,,,,,,,,,,
0,800,,?,estimated,Butternut Squash Mac and Cheese,dinner,4,Main,1 whole butternut squash,whole butternut squash,800,1.0 × 800 g whole (butternut squash),"[Main] 1 whole butternut squash · [Main] 200g pasta · [Main] 600ml milk of choice · [Main] 1 heaped tbsp plain flour · [Main] 1 tbsp olive oil · [Main] 1 tsp honey (optional) · [Main] 40g Grana Padano · [Main] 40g cheddar cheese · [Main] 1 stock cube · [Breadcrumb Topping] 1 slice seeded bread, approx 60g · [Breadcrumb Topping] 2 sprigs thyme · [Breadcrumb Topping] 1 tsp garlic granules · [Breadcrumb Topping] 1 tsp olive oil",large (~800g) main/base
1,,,,,,,,,,,,,,
0,600,,?,estimated,Cauliflower Cheese Gnocchi Bake,dinner,3,Main,"1 head cauliflower, cut into small florets",head cauliflower,600,1.0 × 600 g (head),"[Main] 250g fresh gnocchi · [Main] 1 head cauliflower, cut into small florets · [Main] 1 leek, finely sliced · [Main] 500ml milk · [Main] 1 heaped tbsp flour · [Main] 1 tsp garlic granules · [Main] 1 tbsp mustard · [Main] 1 chicken stock cube · [Main] 20g grated parmesan · [Main] 20g grated cheddar · [Main] a few tbsp breadcrumbs · [Main] thyme leaves",large (~600g) main/base
1,,,,,,,,,,,,,,
0,,it'll be 1/2 cup of normal rice if cooked + half cup cauliflower rice ,?,estimated,Chili Honey Chicken Bowl,dinner,2,To Serve,Cauliflower rice or rice of choice,Cauliflower rice or rice of choice,180,bare → 180 g typical (rice),"[Chicken] 450g (1 lb) skinless boneless chicken thighs · [Chicken] ¼ tsp chilli crunch oil · [Chicken] 1 tsp raw organic honey · [Chicken] ½ tsp garlic powder · [Chicken] 1 tsp paprika · [Chicken] 1 tsp salt · [Chicken] Pinch black pepper · [Chicken] 1 tbsp avocado oil · [Pineapple Salsa] ½ cup (~90g) pineapple, diced · [Pineapple Salsa] 1 medium avocado, diced · [Pineapple Salsa] ¼ cup red onion, finely diced · [Pineapple Salsa] 1 tbsp fresh coriander, chopped · [Pineapple Salsa] Juice of 1 lime · [Pineapple Salsa] Salt and black pepper, to taste · [Honey Chili Lime Glaze] 3 tbsp raw organic honey · [Honey Chili Lime Glaze] 1 tbsp lime juice · [Honey Chili Lime Glaze] ¼ tsp chilli crunch oil · [To Serve] Cauliflower rice or rice of choice",dish-dependent phrase
1,,,,,,,,,,,,,,
0,400,1/2 cup cooked. Exclude from nutritional calculations,?,estimated,Chipotle Chicken & Rice Skillet,dinner,4,To Serve,rice of choice,rice of choice,180,bare → 180 g typical (rice),[Chicken] 5 bone-in skin-on chicken thighs · [Chicken] 1 tsp olive oil · [Chicken] salt and cracked pepper · [Chicken] ½ tbsp chipotle powder · [Chicken] 1 tbsp sweet paprika · [Chicken] 1 tbsp garlic powder · [Chicken] 1 tbsp oregano or thyme · [Cucumber Salad] ½ finely diced red onion · [Cucumber Salad] 2–3 Persian cucumbers · [Cucumber Salad] 2–3 tbsp finely diced fresh cilantro · [Cucumber Salad] salt · [Crema Sauce] 3 tbsp Greek yogurt · [Crema Sauce] 3 tbsp mayo · [Crema Sauce] 1 clove garlic · [Crema Sauce] ½ jalapeño · [Crema Sauce] large handful cilantro · [Crema Sauce] juice of 1 large lime · [Crema Sauce] salt and pepper · [To Serve] rice of choice · [To Serve] jalapeños · [To Serve] sliced avocado · [To Serve] cotija cheese crumbles,dish-dependent phrase
1,,,,,,,,,,,,,,
0,180,1/4 avocado,?,estimated,Chipotle Chicken & Rice Skillet,dinner,4,To Serve,sliced avocado,sliced avocado,150,bare → 1 × 150 g (avocado),[Chicken] 5 bone-in skin-on chicken thighs · [Chicken] 1 tsp olive oil · [Chicken] salt and cracked pepper · [Chicken] ½ tbsp chipotle powder · [Chicken] 1 tbsp sweet paprika · [Chicken] 1 tbsp garlic powder · [Chicken] 1 tbsp oregano or thyme · [Cucumber Salad] ½ finely diced red onion · [Cucumber Salad] 2–3 Persian cucumbers · [Cucumber Salad] 2–3 tbsp finely diced fresh cilantro · [Cucumber Salad] salt · [Crema Sauce] 3 tbsp Greek yogurt · [Crema Sauce] 3 tbsp mayo · [Crema Sauce] 1 clove garlic · [Crema Sauce] ½ jalapeño · [Crema Sauce] large handful cilantro · [Crema Sauce] juice of 1 large lime · [Crema Sauce] salt and pepper · [To Serve] rice of choice · [To Serve] jalapeños · [To Serve] sliced avocado · [To Serve] cotija cheese crumbles,large (~150g) main/base
1,,,,,,,,,,,,,,
0,280,1 roll,?,estimated,Copycat Nando's Peri Peri Chicken Burgers,dinner,4,Burgers,"4 soft rolls, split and lightly toasted",soft rolls,400,"4.0 × 100 g (unknown unit, fallback)","[Peri Peri Sauce / Marinade] 1–3 birds eye red chilies (1=mild, 3=medium spicy) · [Peri Peri Sauce / Marinade] 1 medium red capsicum/bell pepper, roughly cut · [Peri Peri Sauce / Marinade] 5 garlic cloves, peeled · [Peri Peri Sauce / Marinade] 3 tbsp vegetable or canola oil · [Peri Peri Sauce / Marinade] 4 tbsp malt vinegar (sub red wine vinegar) · [Peri Peri Sauce / Marinade] 2 tbsp smoked paprika · [Peri Peri Sauce / Marinade] 1 tbsp dried oregano · [Peri Peri Sauce / Marinade] 2 tsp onion powder · [Peri Peri Sauce / Marinade] 1½ tsp white sugar · [Peri Peri Sauce / Marinade] 1½ tsp cooking/kosher salt · [Peri Peri Sauce / Marinade] 3 drops red food colouring (optional) · [Perinaise] 3 tbsp Peri Peri Sauce (above) · [Perinaise] ½ cup whole egg mayonnaise · [Perinaise] ¼ cup sour cream or yoghurt · [Burgers] 4 chicken breasts or thigh fillets, boneless skinless · [Burgers] 2 tbsp olive oil · [Burgers] 4 soft rolls, split and lightly toasted · [Burgers] 2 tomatoes, sliced · [Burgers] lettuce of choice",fallback guess
1,,,,,,,,,,,,,,
0,N/A,1 leaf?,?,estimated,Copycat Nando's Peri Peri Chicken Burgers,dinner,4,Burgers,lettuce of choice,lettuce of choice,30,bare → 30 g typical (lettuce),"[Peri Peri Sauce / Marinade] 1–3 birds eye red chilies (1=mild, 3=medium spicy) · [Peri Peri Sauce / Marinade] 1 medium red capsicum/bell pepper, roughly cut · [Peri Peri Sauce / Marinade] 5 garlic cloves, peeled · [Peri Peri Sauce / Marinade] 3 tbsp vegetable or canola oil · [Peri Peri Sauce / Marinade] 4 tbsp malt vinegar (sub red wine vinegar) · [Peri Peri Sauce / Marinade] 2 tbsp smoked paprika · [Peri Peri Sauce / Marinade] 1 tbsp dried oregano · [Peri Peri Sauce / Marinade] 2 tsp onion powder · [Peri Peri Sauce / Marinade] 1½ tsp white sugar · [Peri Peri Sauce / Marinade] 1½ tsp cooking/kosher salt · [Peri Peri Sauce / Marinade] 3 drops red food colouring (optional) · [Perinaise] 3 tbsp Peri Peri Sauce (above) · [Perinaise] ½ cup whole egg mayonnaise · [Perinaise] ¼ cup sour cream or yoghurt · [Burgers] 4 chicken breasts or thigh fillets, boneless skinless · [Burgers] 2 tbsp olive oil · [Burgers] 4 soft rolls, split and lightly toasted · [Burgers] 2 tomatoes, sliced · [Burgers] lettuce of choice",dish-dependent phrase
1,,,,,,,,,,,,,,
0,,1 tbsp of each. Split across 2 rows. Separate ingredients ,★,unresolved,Creamy Mango and Coconut Cod Curry,dinner,2,Main,Soy sauce & fish sauce,Soy sauce & fish sauce,,"no amount, generic item","[Main] 2 tbsp Thai red curry paste · [Main] 1 chicken stock cube · [Main] 1 tsp chopped garlic · [Main] 3 spring onions, diced · [Main] 1 red pepper · [Main] Handful of spinach · [Main] 1 tin coconut milk (light or regular) · [Main] 200g fresh mango (pre-blended or whole; can use frozen) · [Main] Soy sauce & fish sauce · [Main] 2 cod fillets (or any fish) · [Main] 1 lime",unresolved (no value)
1,,,,,,,,,,,,,,
0,400,1/2 cup cooked. Exclude from nutritional calculations,?,estimated,Creamy Thai Coconut Chicken Meatballs,dinner,4,To Serve,rice,rice,180,bare → 180 g typical (rice),"[Meatballs] 500g lean chicken mince · [Meatballs] 1 small courgette, grated · [Meatballs] ½ red chilli, diced · [Meatballs] 1 heaped tsp ginger and garlic paste · [Meatballs] 2 tbsp chopped fresh coriander · [Meatballs] 2 spring onions, finely chopped · [Meatballs] 1 medium egg · [Meatballs] 2 tbsp light soy sauce · [Meatballs] zest of 1 lime · [Meatballs] salt and pepper · [Sauce] 2 tbsp Thai red curry paste · [Sauce] 1 tin coconut milk (light or full fat) · [Sauce] 1 spring onion, diced · [Sauce] 1 tsp ginger and garlic paste · [Sauce] 1 red pepper, thinly sliced · [Sauce] ½ chicken stock cube · [Sauce] 1 tbsp soy sauce · [Sauce] 1 tsp honey · [Sauce] juice of ½ lime · [To Serve] rice · [To Serve] broccoli",large (~180g) main/base
1,,,,,,,,,,,,,,
0,450,,?,estimated,Crispy Rice Paper Spring Rolls Without Frying,dinner,4,Filling,"½ cabbage, thinly sliced",cabbage,450,0.5 × 900 g whole (cabbage),"[Egg Soak] 2 eggs · [Egg Soak] 8 tbsp water · [Egg Soak] 2 tbsp soy sauce · [Rice Paper] 24 rice paper sheets (2 per roll) · [Filling] ½ carrot, shredded · [Filling] ½ cabbage, thinly sliced · [Filling] 8–10 shiitake mushrooms, thinly sliced · [Filling] 2 green onions, chopped · [Filling] 2 packs vermicelli noodles, soaked until soft, drained & cut · [Filling] 1 tbsp gluten-free soy sauce · [Filling] 3 tbsp gluten-free oyster sauce · [Filling] 2 tsp white pepper · [Dipping Sauce] ¼ cup gluten-free soy sauce · [Dipping Sauce] 2 tbsp gluten-free hoisin sauce · [Dipping Sauce] 1 tbsp water · [Dipping Sauce] 1 clove garlic, minced · [Dipping Sauce] 1 tsp green onions, chopped · [Dipping Sauce] ½ tsp toasted sesame oil · [Dipping Sauce] ½ tsp maple syrup · [Dipping Sauce] 1 tsp rice vinegar · [Dipping Sauce] ¼ tsp fresh ginger, minced",large (~450g) main/base
1,,,,,,,,,,,,,,
0,225,,?,estimated,Crispy Rosemary Chicken with Apple Beetroot & Horseradish Slaw,dinner,2,Slaw,¼ red cabbage,red cabbage,225,0.25 × 900 g whole (red cabbage),"[Crispy Chicken] 2 chicken breasts · [Crispy Chicken] fresh or panko breadcrumbs (approx 100g) · [Crispy Chicken] ½ tsp dried rosemary · [Crispy Chicken] ½ tsp garlic granules · [Crispy Chicken] 1 heaped tsp smoked paprika · [Crispy Chicken] salt and pepper · [Crispy Chicken] 1 medium egg · [Crispy Chicken] 4 tbsp plain flour · [Slaw] ¼ red cabbage · [Slaw] ¼ white cabbage · [Slaw] 1 medium raw beetroot, peeled · [Slaw] 1 large red apple · [Slaw] 2 large spring onions · [Slaw] 2 tbsp Greek yoghurt · [Slaw] horseradish to taste (approx 2 heaped tsp) · [Slaw] 1 tsp honey · [Slaw] 1 tsp Dijon mustard · [Slaw] 1 tbsp white wine or apple cider vinegar · [Slaw] optional: 1 tbsp nutritional yeast · [To Serve] 60g feta · [To Serve] fresh parsley",large (~225g) main/base
1,,,,,,,,,,,,,,
0,225,,?,estimated,Crispy Rosemary Chicken with Apple Beetroot & Horseradish Slaw,dinner,2,Slaw,¼ white cabbage,white cabbage,225,0.25 × 900 g whole (white cabbage),"[Crispy Chicken] 2 chicken breasts · [Crispy Chicken] fresh or panko breadcrumbs (approx 100g) · [Crispy Chicken] ½ tsp dried rosemary · [Crispy Chicken] ½ tsp garlic granules · [Crispy Chicken] 1 heaped tsp smoked paprika · [Crispy Chicken] salt and pepper · [Crispy Chicken] 1 medium egg · [Crispy Chicken] 4 tbsp plain flour · [Slaw] ¼ red cabbage · [Slaw] ¼ white cabbage · [Slaw] 1 medium raw beetroot, peeled · [Slaw] 1 large red apple · [Slaw] 2 large spring onions · [Slaw] 2 tbsp Greek yoghurt · [Slaw] horseradish to taste (approx 2 heaped tsp) · [Slaw] 1 tsp honey · [Slaw] 1 tsp Dijon mustard · [Slaw] 1 tbsp white wine or apple cider vinegar · [Slaw] optional: 1 tbsp nutritional yeast · [To Serve] 60g feta · [To Serve] fresh parsley",large (~225g) main/base
1,,,,,,,,,,,,,,
0,,1/2 cup?,★,unresolved,Double Roast Chicken with Chicken Fat Rice,dinner,8,Chicken Fat Rice,Chicken jus (collected from roasting tray),Chicken jus (collected from roasting tray),,"no amount, generic item","[Roast Chicken] 2 whole chickens · [Roast Chicken] Olive oil · [Roast Chicken] Salt · [Chicken Fat Rice] 250g jasmine rice · [Chicken Fat Rice] 300ml water · [Chicken Fat Rice] Chicken jus (collected from roasting tray) · [Chicken Fat Rice] Salt, to taste · [Salad] Cucumber, sliced · [Salad] Fresh coriander · [Salad] Spring onion, sliced · [Thai Chilli Dipping Sauce] 2 shallots · [Thai Chilli Dipping Sauce] 1–3 Thai chillies (adjust to heat preference) · [Thai Chilli Dipping Sauce] 1 long red chilli · [Thai Chilli Dipping Sauce] 2 garlic cloves · [Thai Chilli Dipping Sauce] Coriander stalks · [Thai Chilli Dipping Sauce] 4 tbsp fish sauce · [Thai Chilli Dipping Sauce] 1 tbsp sugar · [Thai Chilli Dipping Sauce] Lime juice, to taste · [Thai Chilli Dipping Sauce] Toasted rice, ground (key ingredient — toast raw rice in a dry pan until golden, then grind)",unresolved (no value)
1,,,,,,,,,,,,,,
0,250,,?,estimated,Double Roast Chicken with Chicken Fat Rice,dinner,8,Salad,"Cucumber, sliced",Cucumber,300,bare → 1 × 300 g (cucumber),"[Roast Chicken] 2 whole chickens · [Roast Chicken] Olive oil · [Roast Chicken] Salt · [Chicken Fat Rice] 250g jasmine rice · [Chicken Fat Rice] 300ml water · [Chicken Fat Rice] Chicken jus (collected from roasting tray) · [Chicken Fat Rice] Salt, to taste · [Salad] Cucumber, sliced · [Salad] Fresh coriander · [Salad] Spring onion, sliced · [Thai Chilli Dipping Sauce] 2 shallots · [Thai Chilli Dipping Sauce] 1–3 Thai chillies (adjust to heat preference) · [Thai Chilli Dipping Sauce] 1 long red chilli · [Thai Chilli Dipping Sauce] 2 garlic cloves · [Thai Chilli Dipping Sauce] Coriander stalks · [Thai Chilli Dipping Sauce] 4 tbsp fish sauce · [Thai Chilli Dipping Sauce] 1 tbsp sugar · [Thai Chilli Dipping Sauce] Lime juice, to taste · [Thai Chilli Dipping Sauce] Toasted rice, ground (key ingredient — toast raw rice in a dry pan until golden, then grind)",large (~300g) main/base
1,,,,,,,,,,,,,,
0,800,1/2 cup cooked. Exclude from nutritional calculations,?,estimated,Double Roast Chicken with Chicken Fat Rice,dinner,8,Thai Chilli Dipping Sauce,"Toasted rice, ground (key ingredient — toast raw rice in a dry pan until golden, then grind)",Toasted rice,180,bare → 180 g typical (rice),"[Roast Chicken] 2 whole chickens · [Roast Chicken] Olive oil · [Roast Chicken] Salt · [Chicken Fat Rice] 250g jasmine rice · [Chicken Fat Rice] 300ml water · [Chicken Fat Rice] Chicken jus (collected from roasting tray) · [Chicken Fat Rice] Salt, to taste · [Salad] Cucumber, sliced · [Salad] Fresh coriander · [Salad] Spring onion, sliced · [Thai Chilli Dipping Sauce] 2 shallots · [Thai Chilli Dipping Sauce] 1–3 Thai chillies (adjust to heat preference) · [Thai Chilli Dipping Sauce] 1 long red chilli · [Thai Chilli Dipping Sauce] 2 garlic cloves · [Thai Chilli Dipping Sauce] Coriander stalks · [Thai Chilli Dipping Sauce] 4 tbsp fish sauce · [Thai Chilli Dipping Sauce] 1 tbsp sugar · [Thai Chilli Dipping Sauce] Lime juice, to taste · [Thai Chilli Dipping Sauce] Toasted rice, ground (key ingredient — toast raw rice in a dry pan until golden, then grind)",large (~180g) main/base
1,,,,,,,,,,,,,,
0,180,1/3 cup,?,estimated,Firecracker Beef Bowls,dinner,4,To Serve (optional),"Rice, soba or vermicelli noodles",Rice,180,bare → 180 g typical (rice),"[Beef] 1.5 tbsp oil (veg, canola, or peanut) · [Beef] 500g / 1 lb beef mince · [Beef] 2 garlic cloves, finely minced · [Beef] 1 tsp chilli flakes/red pepper flakes · [Beef] 3 tbsp water · [Firecracker Sauce] 2 tbsp light soy sauce (NOT dark soy) · [Firecracker Sauce] 2 tbsp rice vinegar (sub apple cider vinegar) · [Firecracker Sauce] 4 tbsp sriracha sauce · [Firecracker Sauce] 4 tbsp brown sugar, tightly packed · [To Serve (optional)] Rice, soba or vermicelli noodles · [To Serve (optional)] 1 green onion, finely sliced · [To Serve (optional)] 1 tsp sesame seeds · [To Serve (optional)] Diced cucumber, julienned carrot, finely sliced red radish · [To Serve (optional)] Extra sriracha",large (~180g) main/base
1,,,,,,,,,,,,,,
0,,Irrelevant ,?,estimated,Firecracker Beef Bowls,dinner,4,To Serve (optional),"Diced cucumber, julienned carrot, finely sliced red radish",Diced cucumber,300,bare → 1 × 300 g (cucumber),"[Beef] 1.5 tbsp oil (veg, canola, or peanut) · [Beef] 500g / 1 lb beef mince · [Beef] 2 garlic cloves, finely minced · [Beef] 1 tsp chilli flakes/red pepper flakes · [Beef] 3 tbsp water · [Firecracker Sauce] 2 tbsp light soy sauce (NOT dark soy) · [Firecracker Sauce] 2 tbsp rice vinegar (sub apple cider vinegar) · [Firecracker Sauce] 4 tbsp sriracha sauce · [Firecracker Sauce] 4 tbsp brown sugar, tightly packed · [To Serve (optional)] Rice, soba or vermicelli noodles · [To Serve (optional)] 1 green onion, finely sliced · [To Serve (optional)] 1 tsp sesame seeds · [To Serve (optional)] Diced cucumber, julienned carrot, finely sliced red radish · [To Serve (optional)] Extra sriracha",large (~300g) main/base
1,,,,,,,,,,,,,,
0,240,1 cup,★,unresolved,GF Easy Pan Dumplings (No Wrappers),dinner,4,Coating,"Cold water, for dipping",Cold water,,"no amount, generic item","[Filling] 225g (½ lb) ground beef · [Filling] 1 large egg · [Filling] 2 stalks green onion, finely chopped · [Filling] 1 tsp rice vinegar (or dry sherry) · [Filling] 1 tsp GF soy sauce · [Filling] 1 tsp GF oyster sauce · [Filling] ½ tsp white pepper · [Filling] ½ tsp salt · [Coating] Glutinous rice flour (regular rice flour will not work) · [Coating] Cold water, for dipping · [Soup (optional)] Miso soup or broth of choice · [Soup (optional)] Green onions, to garnish",unresolved (no value)
1,,,,,,,,,,,,,,
0,,,★,unresolved,GF Easy Pan Dumplings (No Wrappers),dinner,4,Soup (optional),Miso soup or broth of choice,Miso soup or broth of choice,,"no amount, generic item","[Filling] 225g (½ lb) ground beef · [Filling] 1 large egg · [Filling] 2 stalks green onion, finely chopped · [Filling] 1 tsp rice vinegar (or dry sherry) · [Filling] 1 tsp GF soy sauce · [Filling] 1 tsp GF oyster sauce · [Filling] ½ tsp white pepper · [Filling] ½ tsp salt · [Coating] Glutinous rice flour (regular rice flour will not work) · [Coating] Cold water, for dipping · [Soup (optional)] Miso soup or broth of choice · [Soup (optional)] Green onions, to garnish",unresolved (no value)
1,,,,,,,,,,,,,,
0,40,1/4 cup,?,estimated,GF Easy Pan Dumplings (No Wrappers),dinner,4,Coating,Glutinous rice flour (regular rice flour will not work),Glutinous rice flour (regular rice flour will not work),180,bare → 180 g typical (rice),"[Filling] 225g (½ lb) ground beef · [Filling] 1 large egg · [Filling] 2 stalks green onion, finely chopped · [Filling] 1 tsp rice vinegar (or dry sherry) · [Filling] 1 tsp GF soy sauce · [Filling] 1 tsp GF oyster sauce · [Filling] ½ tsp white pepper · [Filling] ½ tsp salt · [Coating] Glutinous rice flour (regular rice flour will not work) · [Coating] Cold water, for dipping · [Soup (optional)] Miso soup or broth of choice · [Soup (optional)] Green onions, to garnish",large (~180g) main/base
1,,,,,,,,,,,,,,
0,20,2 tbsp,?,estimated,GF Easy Pan Dumplings (Pan-Fried),dinner,4,Filling,Potato starch (for shaping and binding),Potato starch (for shaping and binding),170,bare → 1 × 170 g (potato),"[Filling] 450g ground meat (beef, chicken, pork, or a mix) · [Filling] ½ cup green onions, finely sliced · [Filling] 2 tbsp coconut aminos · [Filling] 2 tsp sesame oil · [Filling] 1 tsp garlic powder · [Filling] 1 tsp ginger powder · [Filling] ⅓ cup broth of choice · [Filling] ½ tsp chilli flakes · [Filling] Black pepper, to taste · [Filling] Potato starch (for shaping and binding) · [Toppings] Green onions, sliced · [Toppings] Chilli oil · [Toppings] Sesame seeds",large (~170g) main/base
1,,,,,,,,,,,,,,
0,350,2 cups,?,estimated,Glowing Skin Soup,dinner,4,Main,1 pint cherry tomatoes,pint cherry tomatoes,300,1.0 × 300 g (pint),"[Main] 2 tbsp olive oil · [Main] 1 small yellow onion · [Main] 2 red bell peppers, chopped · [Main] 1 tsp dried basil · [Main] 1 tsp thyme · [Main] 1 tsp oregano · [Main] 1 tsp garlic powder · [Main] 2 tsp salt · [Main] 1/4 tsp pepper · [Main] 1 sweet potato, cubed · [Main] 1 pint cherry tomatoes · [Main] 32 oz veggie broth · [Main] 1/2 cup coconut cream · [Main] Good crusty bread to serve",large (~300g) main/base
1,,,,,,,,,,,,,,
0,250,,?,estimated,Gochujang Prawn Noodle Soup,dinner,2,Main,2 udon nests,udon nests,200,2.0 × 100 g (nests),"[Main] 200g king prawns · [Main] 3 cloves of garlic · [Main] 1 sprig of spring onion · [Main] 2 udon nests · [Main] Fresh chives, sesame seeds and fried shallots to serve · [Sauce] 1 heaped tbsp gochujang paste · [Sauce] 4-5 sun dried tomatoes · [Sauce] 1 tbsp rice wine vinegar · [Sauce] 1 tbsp sesame oil · [Sauce] 1 tbsp soy sauce · [Sauce] 100ml or so chicken stock",large (~200g) main/base
1,,,,,,,,,,,,,,
0,170,1 breast,?,estimated,Grilled Hot Honey Chicken with Fresh Peach Salsa,dinner,,Chicken,Chicken breasts,Chicken breasts,170,bare → 1 × 170 g (chicken breast),[Chicken] Chicken breasts · [Chicken] Olive oil · [Chicken] Smoked paprika · [Chicken] Cumin · [Chicken] Salt · [Chicken] Black pepper · [Hot Honey Sauce] Honey · [Hot Honey Sauce] Garlic · [Hot Honey Sauce] Red pepper flakes · [Hot Honey Sauce] Smoked paprika · [Hot Honey Sauce] Salt · [Fresh Peach Salsa] Peaches · [Fresh Peach Salsa] Jalapeño · [Fresh Peach Salsa] Red onion · [Fresh Peach Salsa] Cilantro/coriander · [Fresh Peach Salsa] Lime juice,large (~170g) main/base
1,,,,,,,,,,,,,,
0,25,1/4 cup,?,estimated,Grilled Hot Honey Chicken with Fresh Peach Salsa,dinner,,Fresh Peach Salsa,Red onion,Red onion,150,bare → 1 × 150 g (red onion),[Chicken] Chicken breasts · [Chicken] Olive oil · [Chicken] Smoked paprika · [Chicken] Cumin · [Chicken] Salt · [Chicken] Black pepper · [Hot Honey Sauce] Honey · [Hot Honey Sauce] Garlic · [Hot Honey Sauce] Red pepper flakes · [Hot Honey Sauce] Smoked paprika · [Hot Honey Sauce] Salt · [Fresh Peach Salsa] Peaches · [Fresh Peach Salsa] Jalapeño · [Fresh Peach Salsa] Red onion · [Fresh Peach Salsa] Cilantro/coriander · [Fresh Peach Salsa] Lime juice,large (~150g) main/base
1,,,,,,,,,,,,,,
0,250,,?,estimated,Honey Sesame Salmon Bowl,dinner,2,Main,Steamed rice,Steamed rice,180,bare → 180 g typical (rice),"[Main] 2 salmon fillets (cubed) · [Main] 1 tbsp sesame oil · [Main] 1 tbsp soy sauce · [Main] 1 tbsp honey · [Main] 1 tsp paprika · [Main] Steamed rice · [Main] Green onions for garnish · [Main] Sriracha + kewpie mayo (for sauce) · [Main] Optional: cucumber, avocado, edamame",large (~180g) main/base
1,,,,,,,,,,,,,,
0,500,,?,estimated,Mediterranean Chicken & Rice Skillet,dinner,4,To Serve,rice of choice,rice of choice,180,bare → 180 g typical (rice),[Chicken Marinade] 4 bone-in skin-on chicken thighs · [Chicken Marinade] 1 tsp olive oil · [Chicken Marinade] salt and cracked pepper · [Chicken Marinade] 1 big handful fresh basil · [Chicken Marinade] 5 garlic cloves · [Chicken Marinade] juice of 1 lemon · [Chicken Marinade] 2 tbsp tomato paste · [Chicken Marinade] 1 tbsp Dijon mustard · [Salad] ½ finely diced red onion · [Salad] 2–3 Persian cucumbers · [Salad] 1 green pepper · [Salad] 3–4 tbsp chopped parsley · [Salad] 1 oz feta · [Salad] 1 tbsp olive oil · [Salad] juice of ½ lemon · [Salad] 1.5 tsp sumac · [Salad] salt & pepper · [To Serve] rice of choice · [To Serve] thick yogurt · [To Serve] sumac to sprinkle,dish-dependent phrase
1,,,,,,,,,,,,,,
0,40,,?,estimated,Mediterranean Chicken & Rice Skillet,dinner,4,To Serve,thick yogurt,thick yogurt,150,bare → 150 g typical (yogurt),[Chicken Marinade] 4 bone-in skin-on chicken thighs · [Chicken Marinade] 1 tsp olive oil · [Chicken Marinade] salt and cracked pepper · [Chicken Marinade] 1 big handful fresh basil · [Chicken Marinade] 5 garlic cloves · [Chicken Marinade] juice of 1 lemon · [Chicken Marinade] 2 tbsp tomato paste · [Chicken Marinade] 1 tbsp Dijon mustard · [Salad] ½ finely diced red onion · [Salad] 2–3 Persian cucumbers · [Salad] 1 green pepper · [Salad] 3–4 tbsp chopped parsley · [Salad] 1 oz feta · [Salad] 1 tbsp olive oil · [Salad] juice of ½ lemon · [Salad] 1.5 tsp sumac · [Salad] salt & pepper · [To Serve] rice of choice · [To Serve] thick yogurt · [To Serve] sumac to sprinkle,large (~150g) main/base
1,,,,,,,,,,,,,,
0,250,,?,estimated,Middle Eastern Chicken & Rice Bowl,dinner,4,To Serve,rice of choice,rice of choice,180,bare → 180 g typical (rice),"[Chicken Marinade] 2 lbs boneless skinless chicken thighs · [Chicken Marinade] 1½ tbsp olive oil · [Chicken Marinade] 1 tbsp smoked paprika · [Chicken Marinade] 1 tbsp garlic powder · [Chicken Marinade] 1 tbsp dried thyme · [Chicken Marinade] ½ tbsp red pepper flakes · [Chicken Marinade] ½ tsp cumin · [Chicken Marinade] ¼ tsp cinnamon · [Chicken Marinade] 2 tbsp plain yogurt · [Chicken Marinade] 5 tbsp lemon juice · [Chicken Marinade] salt and pepper · [Sumac Tomato Salad] 1 red onion, thinly sliced · [Sumac Tomato Salad] 10 cherry tomatoes, quartered · [Sumac Tomato Salad] 2 tbsp parsley · [Sumac Tomato Salad] 2 tbsp sumac · [Sumac Tomato Salad] 5 tbsp lemon juice · [Sumac Tomato Salad] salt and pepper · [White Sauce] ¼ cup plain yogurt · [White Sauce] 3 tbsp mayo · [White Sauce] 3–4 tbsp pickle juice · [White Sauce] 2 tbsp dill · [White Sauce] salt and pepper · [To Serve] rice of choice · [To Serve] cucumbers (optional) · [To Serve] feta (optional)",dish-dependent phrase
1,,,,,,,,,,,,,,
0,,irrelevant,?,estimated,Miso Peanut Ramen Bowl,dinner,4,Toppings,Finely sliced cucumber,Finely sliced cucumber,300,bare → 1 × 300 g (cucumber),"[Crispy Tofu] 1 block extra-firm tofu, pressed and grated on a box grater · [Crispy Tofu] 1 tbsp olive oil · [Crispy Tofu] 60ml (¼ cup) teriyaki sauce · [Crispy Tofu] 1 garlic clove, grated · [Miso Peanut Broth] 1 tbsp red curry paste · [Miso Peanut Broth] 1 tbsp white miso paste · [Miso Peanut Broth] 1–2 tbsp peanut butter · [Miso Peanut Broth] 2 tbsp reduced-sodium soy sauce · [Miso Peanut Broth] 1 tbsp brown sugar · [Miso Peanut Broth] 360ml (1½ cups) water + 1½ tsp bouillon (or 360ml stock) · [Miso Peanut Broth] 1 tin (400ml) full-fat coconut milk · [Miso Peanut Broth] 170g (6oz) dried ramen noodles (2 packets — use GF rice noodles) · [Toppings] Finely sliced cucumber · [Toppings] Fresh coriander and/or spring onion · [Toppings] Chilli crisp",large (~300g) main/base
1,,,,,,,,,,,,,,
0,,,★,unresolved,Peanut Butter Chicken Katsu Noodles,dinner,3,To Serve,Side salad,Side salad,,"no amount, generic item","[Peanut Katsu Sauce] 1 carrot (~100g), cut into small pieces · [Peanut Katsu Sauce] 2 onions, cut into small pieces · [Peanut Katsu Sauce] 5 garlic cloves · [Peanut Katsu Sauce] 3 inch piece fresh ginger · [Peanut Katsu Sauce] 1 heaped tsp curry powder · [Peanut Katsu Sauce] 1 tbsp soy sauce (check GF) · [Peanut Katsu Sauce] ½ tsp turmeric · [Peanut Katsu Sauce] 2 tbsp smooth peanut butter · [Peanut Katsu Sauce] 500ml vegetable stock · [To Serve] Rice of choice · [To Serve] Chicken breast or thighs, cooked · [To Serve] Side salad",unresolved (no value)
1,,,,,,,,,,,,,,
0,375,1/2 cup per serves,?,estimated,Peanut Butter Chicken Katsu Noodles,dinner,3,To Serve,Rice of choice,Rice of choice,180,bare → 180 g typical (rice),"[Peanut Katsu Sauce] 1 carrot (~100g), cut into small pieces · [Peanut Katsu Sauce] 2 onions, cut into small pieces · [Peanut Katsu Sauce] 5 garlic cloves · [Peanut Katsu Sauce] 3 inch piece fresh ginger · [Peanut Katsu Sauce] 1 heaped tsp curry powder · [Peanut Katsu Sauce] 1 tbsp soy sauce (check GF) · [Peanut Katsu Sauce] ½ tsp turmeric · [Peanut Katsu Sauce] 2 tbsp smooth peanut butter · [Peanut Katsu Sauce] 500ml vegetable stock · [To Serve] Rice of choice · [To Serve] Chicken breast or thighs, cooked · [To Serve] Side salad",dish-dependent phrase
1,,,,,,,,,,,,,,
0,510,,?,estimated,Peanut Butter Chicken Katsu Noodles,dinner,3,To Serve,"Chicken breast or thighs, cooked",Chicken breast or thighs,170,bare → 1 × 170 g (chicken breast),"[Peanut Katsu Sauce] 1 carrot (~100g), cut into small pieces · [Peanut Katsu Sauce] 2 onions, cut into small pieces · [Peanut Katsu Sauce] 5 garlic cloves · [Peanut Katsu Sauce] 3 inch piece fresh ginger · [Peanut Katsu Sauce] 1 heaped tsp curry powder · [Peanut Katsu Sauce] 1 tbsp soy sauce (check GF) · [Peanut Katsu Sauce] ½ tsp turmeric · [Peanut Katsu Sauce] 2 tbsp smooth peanut butter · [Peanut Katsu Sauce] 500ml vegetable stock · [To Serve] Rice of choice · [To Serve] Chicken breast or thighs, cooked · [To Serve] Side salad",large (~170g) main/base
1,,,,,,,,,,,,,,
0,800,,?,estimated,Roasted Butternut Squash and Carrot Soup,dinner,4,Main,"1 butternut squash, peeled, seeds removed, chopped",butternut squash,800,1.0 × 800 g whole (butternut squash),"[Main] 1 butternut squash, peeled, seeds removed, chopped · [Main] 3 carrots, peeled and chopped · [Main] 1 onion, diced · [Main] 3 garlic cloves, minced or grated · [Main] 1 tbsp fresh ginger, minced or grated · [Main] 1 tsp curry powder · [Main] ½ tsp cumin · [Main] ½ tsp coriander · [Main] ½ tsp turmeric · [Main] ½ can coconut milk · [Main] 1000ml veg stock · [Main] 2-3 tbsp olive oil · [Main] Salt and pepper to taste",large (~800g) main/base
1,,,,,,,,,,,,,,
0,400,,?,estimated,Salmon Crispy Rice Paper Bites,dinner,3,Main,Cucumber,Cucumber,300,bare → 1 × 300 g (cucumber),"[Main] 2 salmon fillets, cut into cubes · [Main] 6 rice paper sheets · [Main] 2 tbsp soy sauce or coconut aminos · [Main] 1 tbsp honey · [Main] 1 tbsp lime juice · [Main] 1/4 tsp garlic powder · [Main] Cucumber · [Main] Carrot · [Main] Sesame seeds · [Main] Green onions",large (~300g) main/base
1,,,,,,,,,,,,,,
0,,,?,estimated,"Sticky Chicken, Gochujang & Coconut Broth on Sticky Rice",dinner,2,Garnish,crispy onions,crispy onions,150,bare → 1 × 150 g (onion),"[Broth] 1 red onion · [Broth] 2 cloves garlic · [Broth] 20g ginger · [Broth] 2 tbsp gochujang · [Broth] 1.5 tbsp honey · [Broth] 500ml stock · [Broth] 1 tin coconut milk · [Broth] 2 tsp fish sauce · [Chicken] 2 chicken breasts · [Chicken] 2 tbsp soy sauce · [Chicken] 2 tbsp honey · [Chicken] 1 tsp chilli crunch oil · [Garnish] bok choy, sliced lengthways · [Garnish] spring onion, finely sliced · [Garnish] crispy onions · [Garnish] chilli oil · [Garnish] lime · [Garnish] sesame seeds · [Garnish] sticky rice (to serve)",large (~150g) main/base
1,,,,,,,,,,,,,,
0,350,,?,estimated,Sticky Miso Chicken Bowl with Tahini Broccoli & Pickled Red Onion,dinner,2,Tahini Broccoli,"1 head of broccoli, cut into florets",head of broccoli,350,1.0 × 350 g (head),"[Chicken] 2 chicken breasts · [Chicken] 1 tbsp miso paste · [Chicken] 1 tbsp soy sauce · [Chicken] 1 tsp honey · [Chicken] 1 tsp toasted sesame oil · [Chicken] juice of ½ lime · [Chicken] 1 tsp chilli paste · [Chicken] 1 garlic clove, grated · [Chicken] 1 tsp ginger paste · [Tahini Broccoli] 1 head of broccoli, cut into florets · [Tahini Broccoli] 1 tbsp tahini · [Tahini Broccoli] 1 tbsp soy sauce · [Tahini Broccoli] 1 tsp ginger paste · [Tahini Broccoli] 1 tsp honey · [Pickled Onion] 1 red onion, thinly sliced · [Pickled Onion] 50ml white wine vinegar · [Pickled Onion] 30ml water · [Pickled Onion] ½ tsp sugar · [To Serve] 250g precooked jasmine or sushi rice (125g per portion) · [To Serve] spring onion & sesame seeds for garnish",large (~350g) main/base
1,,,,,,,,,,,,,,
0,375,1/2 cup per serve,?,estimated,Thai Style Chicken Satay,dinner,3,For Serving,sticky rice,sticky rice,180,bare → 180 g typical (rice),"[Chicken] 600g skinless boneless chicken thighs, cut into bite-sized pieces · [Chicken] 2 tsp Thai red curry paste · [Chicken] 1 tsp curry powder · [Chicken] a drizzle of oil · [Chicken] salt · [Satay Sauce] 2 tbsp peanut butter · [Satay Sauce] 1 tbsp Thai red curry paste · [Satay Sauce] 1 tbsp soy sauce · [Satay Sauce] 1 tbsp maple syrup · [Satay Sauce] 200ml coconut milk · [Satay Sauce] 1 tsp fish sauce (optional) · [Satay Sauce] juice of ½ lime · [For Serving] sticky rice · [For Serving] quick pickled ribbons of cucumber and carrot (rice vinegar, maple syrup, salt) · [For Serving] spring onion · [For Serving] red chilli",large (~180g) main/base
1,,,,,,,,,,,,,,
0,180,1/4 per serve,?,estimated,Turkey Taco Scramble,dinner,4,To Serve,Avocado,Avocado,150,bare → 1 × 150 g (avocado),"[Eggs] 8 large eggs, beaten · [Eggs] ¼ tsp adobo seasoning salt · [Eggs] ½ cup reduced fat Mexican blend shredded cheese (omit or sub DF cheese to keep DF) · [Turkey Taco Meat] 450g (1 lb) 99% lean ground turkey · [Turkey Taco Meat] 2 tbsp taco seasoning (check GF) · [Turkey Taco Meat] ½ small onion, minced · [Turkey Taco Meat] 2 tbsp bell pepper, minced · [Turkey Taco Meat] 115g (4oz) tin tomato sauce · [Turkey Taco Meat] ¼ cup water · [Potatoes] 450g sweet potato, quartered · [Potatoes] 4 tsp olive oil · [Potatoes] ¾ tsp salt · [Potatoes] ½ tsp garlic powder · [Potatoes] Fresh black pepper · [Homemade Taco Seasoning] 1 tsp garlic powder · [Homemade Taco Seasoning] 1 tsp cumin · [Homemade Taco Seasoning] 1 tsp kosher salt · [Homemade Taco Seasoning] 1 tsp chilli powder · [Homemade Taco Seasoning] 1 tsp paprika · [Homemade Taco Seasoning] ½ tsp oregano · [To Serve] ¼ cup chopped scallions or coriander · [To Serve] Salsa · [To Serve] Avocado · [To Serve] Yoghurt / sour cream · [To Serve] Pickled onions · [To Serve] Pickled jalapeno",large (~150g) main/base
1,,,,,,,,,,,,,,
0,160,40g per serve,?,estimated,Turkey Taco Scramble,dinner,4,To Serve,Yoghurt / sour cream,Yoghurt / sour cream,150,bare → 150 g typical (yoghurt),"[Eggs] 8 large eggs, beaten · [Eggs] ¼ tsp adobo seasoning salt · [Eggs] ½ cup reduced fat Mexican blend shredded cheese (omit or sub DF cheese to keep DF) · [Turkey Taco Meat] 450g (1 lb) 99% lean ground turkey · [Turkey Taco Meat] 2 tbsp taco seasoning (check GF) · [Turkey Taco Meat] ½ small onion, minced · [Turkey Taco Meat] 2 tbsp bell pepper, minced · [Turkey Taco Meat] 115g (4oz) tin tomato sauce · [Turkey Taco Meat] ¼ cup water · [Potatoes] 450g sweet potato, quartered · [Potatoes] 4 tsp olive oil · [Potatoes] ¾ tsp salt · [Potatoes] ½ tsp garlic powder · [Potatoes] Fresh black pepper · [Homemade Taco Seasoning] 1 tsp garlic powder · [Homemade Taco Seasoning] 1 tsp cumin · [Homemade Taco Seasoning] 1 tsp kosher salt · [Homemade Taco Seasoning] 1 tsp chilli powder · [Homemade Taco Seasoning] 1 tsp paprika · [Homemade Taco Seasoning] ½ tsp oregano · [To Serve] ¼ cup chopped scallions or coriander · [To Serve] Salsa · [To Serve] Avocado · [To Serve] Yoghurt / sour cream · [To Serve] Pickled onions · [To Serve] Pickled jalapeno",large (~150g) main/base
1,,,,,,,,,,,,,,
0,,N/A,?,estimated,Turkey Taco Scramble,dinner,4,To Serve,Pickled onions,Pickled onions,150,bare → 1 × 150 g (onion),"[Eggs] 8 large eggs, beaten · [Eggs] ¼ tsp adobo seasoning salt · [Eggs] ½ cup reduced fat Mexican blend shredded cheese (omit or sub DF cheese to keep DF) · [Turkey Taco Meat] 450g (1 lb) 99% lean ground turkey · [Turkey Taco Meat] 2 tbsp taco seasoning (check GF) · [Turkey Taco Meat] ½ small onion, minced · [Turkey Taco Meat] 2 tbsp bell pepper, minced · [Turkey Taco Meat] 115g (4oz) tin tomato sauce · [Turkey Taco Meat] ¼ cup water · [Potatoes] 450g sweet potato, quartered · [Potatoes] 4 tsp olive oil · [Potatoes] ¾ tsp salt · [Potatoes] ½ tsp garlic powder · [Potatoes] Fresh black pepper · [Homemade Taco Seasoning] 1 tsp garlic powder · [Homemade Taco Seasoning] 1 tsp cumin · [Homemade Taco Seasoning] 1 tsp kosher salt · [Homemade Taco Seasoning] 1 tsp chilli powder · [Homemade Taco Seasoning] 1 tsp paprika · [Homemade Taco Seasoning] ½ tsp oregano · [To Serve] ¼ cup chopped scallions or coriander · [To Serve] Salsa · [To Serve] Avocado · [To Serve] Yoghurt / sour cream · [To Serve] Pickled onions · [To Serve] Pickled jalapeno",large (~150g) main/base
1,,,,,,,,,,,,,,
0,,,?,estimated,Tuscan-Style Chicken Meatballs & Baby Mushrooms,dinner,4,,2 punnets baby mushrooms,punnets baby mushrooms,400,2.0 × 200 g (punnets),500g chicken mince · 1 onion (or 2 shallots) · 10–12 sundried tomatoes in oil · 2 punnets baby mushrooms · 1 tsp dried parsley · 1 tsp sweet paprika · 1 slice white bread (blitzed to breadcrumbs) · 2 garlic cloves · 0.5 tsp sugar · 1 tin chopped tomatoes · 250ml cream (oat cream works) · handful fresh parsley · salt & pepper,large (~400g) main/base
1,,,,,,,,,,,,,,
0,40,20g per serve,?,estimated,Yoghurt Harissa Chicken with Smokey Rice,dinner,2,To Finish,yoghurt,yoghurt,150,bare → 150 g typical (yoghurt),"[Yoghurt Harissa Chicken] 2 chicken breasts · [Yoghurt Harissa Chicken] 100g full fat Greek yoghurt · [Yoghurt Harissa Chicken] 1 tbsp harissa paste · [Yoghurt Harissa Chicken] 1 large garlic clove, minced · [Yoghurt Harissa Chicken] juice of 1 lemon · [Yoghurt Harissa Chicken] 1 tsp salt · [Yoghurt Harissa Chicken] 1/2 tsp black pepper · [Yoghurt Harissa Chicken] 2 tsp honey · [Smokey Rice] 250g pack precooked brown rice · [Smokey Rice] 1 red onion, finely chopped · [Smokey Rice] 1 red pepper, sliced · [Smokey Rice] 1 yellow pepper, sliced · [Smokey Rice] 2 garlic cloves, minced · [Smokey Rice] 1 tbsp harissa paste · [Smokey Rice] 1 tsp smoked paprika · [Smokey Rice] 1 tbsp tomato puree · [Smokey Rice] large handful cherry tomatoes, halved · [To Finish] 50g feta cheese, crumbled · [To Finish] fresh parsley, chopped · [To Finish] pomegranate seeds · [To Finish] yoghurt",large (~150g) main/base
1,,,,,,,,,,,,,,
0,,,?,estimated,Zesty + Spicy Chicken Fusion Bowl,dinner,4,Slaw,"1/2 small purple cabbage, shredded",purple cabbage,315,0.5 × 900 g whole (cabbage),"[Chicken Marinade] 2 lb chicken thighs · [Chicken Marinade] 1 tbsp avocado or olive oil · [Chicken Marinade] 2 tbsp soy sauce · [Chicken Marinade] 2 tbsp rice vinegar · [Chicken Marinade] 2 generous pinches salt & pepper · [Chicken Marinade] 1 tbsp five spice · [Chicken Marinade] 1 tbsp garlic powder · [Chicken Marinade] 1 tbsp onion powder · [Chicken Marinade] 1 tbsp chipotle powder · [Chicken Marinade] 1/2 tsp cayenne powder · [Express Pickled Onions] 1 red onion, thinly sliced · [Express Pickled Onions] juice of 2 limes · [Express Pickled Onions] pinch of salt · [Express Pickled Onions] 1 tbsp chile lime seasoning · [Slaw] 1/2 small purple cabbage, shredded · [Slaw] 3 carrots, shredded · [Slaw] 3 Persian cucumbers, thinly sliced · [Slaw] large handful fresh cilantro · [Slaw] 2 scallions, diced · [Slaw Sauce] 5 tbsp mayo · [Slaw Sauce] 1.5 tbsp sriracha · [Slaw Sauce] 1 tbsp soy sauce · [Slaw Sauce] 1 tbsp rice vinegar · [Slaw Sauce] 1 tsp honey or powdered monkfruit · [Slaw Sauce] 1 tsp minced garlic · [Slaw Sauce] juice of 1 lime · [To Serve] Kaizen rice (or regular rice, quinoa, or cauli rice) · [To Serve] fresh cilantro · [To Serve] sesame seeds · [To Serve] avocado",large (~315g) main/base
1,,,,,,,,,,,,,,
0,500,1/2 cup per serve,?,estimated,Zesty + Spicy Chicken Fusion Bowl,dinner,4,To Serve,"Kaizen rice (or regular rice, quinoa, or cauli rice)",Kaizen rice (or regular rice,180,bare → 180 g typical (rice),"[Chicken Marinade] 2 lb chicken thighs · [Chicken Marinade] 1 tbsp avocado or olive oil · [Chicken Marinade] 2 tbsp soy sauce · [Chicken Marinade] 2 tbsp rice vinegar · [Chicken Marinade] 2 generous pinches salt & pepper · [Chicken Marinade] 1 tbsp five spice · [Chicken Marinade] 1 tbsp garlic powder · [Chicken Marinade] 1 tbsp onion powder · [Chicken Marinade] 1 tbsp chipotle powder · [Chicken Marinade] 1/2 tsp cayenne powder · [Express Pickled Onions] 1 red onion, thinly sliced · [Express Pickled Onions] juice of 2 limes · [Express Pickled Onions] pinch of salt · [Express Pickled Onions] 1 tbsp chile lime seasoning · [Slaw] 1/2 small purple cabbage, shredded · [Slaw] 3 carrots, shredded · [Slaw] 3 Persian cucumbers, thinly sliced · [Slaw] large handful fresh cilantro · [Slaw] 2 scallions, diced · [Slaw Sauce] 5 tbsp mayo · [Slaw Sauce] 1.5 tbsp sriracha · [Slaw Sauce] 1 tbsp soy sauce · [Slaw Sauce] 1 tbsp rice vinegar · [Slaw Sauce] 1 tsp honey or powdered monkfruit · [Slaw Sauce] 1 tsp minced garlic · [Slaw Sauce] juice of 1 lime · [To Serve] Kaizen rice (or regular rice, quinoa, or cauli rice) · [To Serve] fresh cilantro · [To Serve] sesame seeds · [To Serve] avocado",large (~180g) main/base
1,,,,,,,,,,,,,,
0,180,1/4 avo per serve,?,estimated,Zesty + Spicy Chicken Fusion Bowl,dinner,4,To Serve,avocado,avocado,150,bare → 1 × 150 g (avocado),"[Chicken Marinade] 2 lb chicken thighs · [Chicken Marinade] 1 tbsp avocado or olive oil · [Chicken Marinade] 2 tbsp soy sauce · [Chicken Marinade] 2 tbsp rice vinegar · [Chicken Marinade] 2 generous pinches salt & pepper · [Chicken Marinade] 1 tbsp five spice · [Chicken Marinade] 1 tbsp garlic powder · [Chicken Marinade] 1 tbsp onion powder · [Chicken Marinade] 1 tbsp chipotle powder · [Chicken Marinade] 1/2 tsp cayenne powder · [Express Pickled Onions] 1 red onion, thinly sliced · [Express Pickled Onions] juice of 2 limes · [Express Pickled Onions] pinch of salt · [Express Pickled Onions] 1 tbsp chile lime seasoning · [Slaw] 1/2 small purple cabbage, shredded · [Slaw] 3 carrots, shredded · [Slaw] 3 Persian cucumbers, thinly sliced · [Slaw] large handful fresh cilantro · [Slaw] 2 scallions, diced · [Slaw Sauce] 5 tbsp mayo · [Slaw Sauce] 1.5 tbsp sriracha · [Slaw Sauce] 1 tbsp soy sauce · [Slaw Sauce] 1 tbsp rice vinegar · [Slaw Sauce] 1 tsp honey or powdered monkfruit · [Slaw Sauce] 1 tsp minced garlic · [Slaw Sauce] juice of 1 lime · [To Serve] Kaizen rice (or regular rice, quinoa, or cauli rice) · [To Serve] fresh cilantro · [To Serve] sesame seeds · [To Serve] avocado",large (~150g) main/base
1,,,,,,,,,,,,,,
0,,,?,estimated,Asian Chicken Salad with Cucumber and Crispy Seaweed,lunch,1,To Serve,sliced cucumber,sliced cucumber,300,bare → 1 × 300 g (cucumber),[Salad] 1/2 avocado · [Salad] 1 tsp chilli crunch · [Salad] 1 tbsp Greek yoghurt · [Salad] 1 spring onion · [Salad] coriander · [Salad] 150g shredded chicken · [To Serve] seaweed sheets (@itsuofficial) · [To Serve] sliced cucumber · [To Serve] sesame seeds,large (~300g) main/base
1,,,,,,,,,,,,,,
0,,,?,estimated,Buffalo Chicken Wrap,lunch,2,Homemade Coleslaw,1 bag pre-shredded coleslaw mix,bag pre-shredded coleslaw mix,300,1.0 × 300 g (bag),[Homemade Coleslaw] 1 bag pre-shredded coleslaw mix · [Homemade Coleslaw] 1/2 cup plain Greek yoghurt · [Homemade Coleslaw] 1/4 cup extra virgin olive oil · [Homemade Coleslaw] 2 tbsp apple cider vinegar · [Homemade Coleslaw] 1 tbsp maple syrup · [Homemade Coleslaw] 2 tsp salt · [Homemade Coleslaw] 1 tsp black pepper · [Chicken Breast] 2 large chicken breasts (about 200g each) · [Chicken Breast] 1 tbsp extra virgin olive oil · [Chicken Breast] 2 tsp paprika · [Chicken Breast] 2 tsp garlic powder · [Chicken Breast] 2 tsp oregano or Italian seasoning · [Chicken Breast] 1 tsp red chilli flakes · [Chicken Breast] 1 tsp salt · [Chicken Breast] 1 tsp cornflour · [To serve] tortilla · [To serve] 1/2-3/4 cup Frank's Red Hot Sauce · [To serve] pickles · [To serve] spicy mayo (1 tbsp Greek yoghurt + 1 tsp sriracha + 1/2 tsp salt),large (~300g) main/base
1,,,,,,,,,,,,,,
0,40,,?,estimated,Chipotle Chicken Chop Bowl,lunch,1,,low fat yogurt,low fat yogurt,150,bare → 150 g typical (yogurt),"100g ground chicken breast · chipotle taco seasoning & tomato sauce · ¼ cup corn · ¼ cup black beans · ⅓ cup rice · low fat yogurt · sriracha · cucumbers, tomatoes, onion · optional: pickled jalapeños, diced avocado, fresh coriander",large (~150g) main/base
1,,,,,,,,,,,,,,
0,,,?,estimated,Chipotle Chicken Chop Bowl,lunch,1,,"cucumbers, tomatoes, onion",cucumbers,300,bare → 1 × 300 g (cucumber),"100g ground chicken breast · chipotle taco seasoning & tomato sauce · ¼ cup corn · ¼ cup black beans · ⅓ cup rice · low fat yogurt · sriracha · cucumbers, tomatoes, onion · optional: pickled jalapeños, diced avocado, fresh coriander",large (~300g) main/base
1,,,,,,,,,,,,,,
0,40,20g per serve,?,estimated,Crispy Rice Tuna Salad,lunch,2,Tuna Salad,Mayo and/or Greek yogurt,Mayo and/or Greek yogurt,150,bare → 150 g typical (yogurt),"[Crispy Rice] 2 cups jasmine rice, cooked and cooled · [Crispy Rice] Sriracha to taste · [Crispy Rice] 3 tsp soy sauce · [Crispy Rice] 1 tbsp sesame oil · [Tuna Salad] 1 can tuna · [Tuna Salad] Mayo and/or Greek yogurt · [Tuna Salad] Smoked paprika · [Tuna Salad] Pinch of sugar · [Tuna Salad] Salt and sriracha · [Toppings] ½ avocado · [Toppings] 1 mini cucumber · [Toppings] Everything bagel seasoning · [Toppings] Sriracha · [Toppings] Green onion",large (~150g) main/base
1,,,,,,,,,,,,,,
0,225,,?,estimated,Green Goddess Chicken Prep Mix,lunch,2,Salad,"¼ small white cabbage, shredded",white cabbage,157.5,0.25 × 900 g whole (white cabbage),"[Salad] 200g cooked chicken breast, shredded · [Salad] ½ medium avocado, diced · [Salad] ¼ small cucumber, diced · [Salad] ¼ small white cabbage, shredded · [Green Goddess Dressing] 1 large spring onion, roughly chopped · [Green Goddess Dressing] large handful fresh basil and parsley · [Green Goddess Dressing] 1 tsp garlic granules · [Green Goddess Dressing] 1 tsp Dijon mustard · [Green Goddess Dressing] 1 tsp honey · [Green Goddess Dressing] 1 heaped tbsp Greek yoghurt · [Green Goddess Dressing] 1 tbsp red wine vinegar · [Green Goddess Dressing] 1 tbsp nutritional yeast",large (~158g) main/base
1,,,,,,,,,,,,,,
0,400,,?,estimated,Instant Noodle Jars,lunch,1,,tofu (or sub with chicken),tofu (or sub with chicken),150,bare → 150 g typical (tofu),2 tbsp vegetable bouillon · 1 tbsp chili garlic sauce · 1 tbsp soy sauce · 1 tsp sesame oil · 2 tsp minced garlic · sliced red bell pepper · ½ cup shredded cabbage · ⅓ cup edamame · tofu (or sub with chicken) · 1 tbsp green onions · 1 serving instant vermicelli rice noodles,large (~150g) main/base
1,,,,,,,,,,,,,,
0,125,,?,estimated,Instant Noodle Jars,lunch,1,,1 serving instant vermicelli rice noodles,serving instant vermicelli rice noodles,180,1.0 × 180 g (serving),2 tbsp vegetable bouillon · 1 tbsp chili garlic sauce · 1 tbsp soy sauce · 1 tsp sesame oil · 2 tsp minced garlic · sliced red bell pepper · ½ cup shredded cabbage · ⅓ cup edamame · tofu (or sub with chicken) · 1 tbsp green onions · 1 serving instant vermicelli rice noodles,large (~180g) main/base
1,,,,,,,,,,,,,,
0,250,125g per serve,?,estimated,Kimchi Bibimmyeon,lunch,2,Noodles & Topping,Shin ramyun noodles,Shin ramyun noodles,180,bare → 180 g typical (noodle),"[Sauce] Just under 1/2 cup kimchi, chopped · [Sauce] 1-2 tbsp kimchi juice · [Sauce] 1/2 tbsp rice vinegar · [Sauce] 1 tsp soy sauce · [Sauce] 1 tsp oyster sauce · [Sauce] 1.5 tbsp gochujang · [Sauce] 1 tbsp gochugaru · [Sauce] 1/2 tbsp sugar · [Sauce] 1 garlic clove, minced · [Sauce] 1 tbsp sesame oil · [Sauce] 1/2 tsp shin ramyun packet seasoning (optional) · [Sauce] 1/2 tsp MSG · [Noodles & Topping] Shin ramyun noodles · [Noodles & Topping] Half a soft-boiled egg · [Noodles & Topping] Julienne cucumber · [Noodles & Topping] Sesame seeds · [Noodles & Topping] Sesame oil",large (~180g) main/base
1,,,,,,,,,,,,,,
0,,,?,estimated,Kimchi Bibimmyeon,lunch,2,Noodles & Topping,Julienne cucumber,Julienne cucumber,300,bare → 1 × 300 g (cucumber),"[Sauce] Just under 1/2 cup kimchi, chopped · [Sauce] 1-2 tbsp kimchi juice · [Sauce] 1/2 tbsp rice vinegar · [Sauce] 1 tsp soy sauce · [Sauce] 1 tsp oyster sauce · [Sauce] 1.5 tbsp gochujang · [Sauce] 1 tbsp gochugaru · [Sauce] 1/2 tbsp sugar · [Sauce] 1 garlic clove, minced · [Sauce] 1 tbsp sesame oil · [Sauce] 1/2 tsp shin ramyun packet seasoning (optional) · [Sauce] 1/2 tsp MSG · [Noodles & Topping] Shin ramyun noodles · [Noodles & Topping] Half a soft-boiled egg · [Noodles & Topping] Julienne cucumber · [Noodles & Topping] Sesame seeds · [Noodles & Topping] Sesame oil",large (~300g) main/base
1,,,,,,,,,,,,,,
0,500,125g per serve,?,estimated,Peanut Tofu Salad Jars,lunch,4,Salad,Cooked quinoa (frozen microwave quinoa works well),Cooked quinoa (frozen microwave quinoa works well),180,bare → 180 g typical (quinoa),[Tofu] 1 x 16oz block extra firm tofu · [Tofu] 2 tbsp coconut aminos · [Tofu] 1 tbsp soy sauce · [Tofu] 1 tsp garlic powder · [Tofu] 1 tsp onion powder · [Salad] Cooked quinoa (frozen microwave quinoa works well) · [Salad] 1 cucumber · [Salad] Shredded carrots · [Salad] Shredded purple cabbage · [Salad] 3 green onions · [Salad] 1¼ cups edamame (frozen works well) · [Peanut Dressing] 1/3 cup powdered peanut butter · [Peanut Dressing] 3 tbsp coconut aminos · [Peanut Dressing] 2 tsp lime juice · [Peanut Dressing] 1 tbsp maple syrup · [Peanut Dressing] 2 tsp sriracha · [Peanut Dressing] 1 tsp garlic powder · [Peanut Dressing] 1/2 tsp onion powder · [Peanut Dressing] 3 tbsp warm water (add more 1 tbsp at a time if too thick),large (~180g) main/base
1,,,,,,,,,,,,,,
0,,,?,estimated,Roast Chicken and Charred Corn Rice Salad,lunch,2,Salad,1 head romaine lettuce,head romaine lettuce,300,1.0 × 300 g (head),"[Salad] 200g leftover cooked rice · [Salad] 250g sweetcorn (tinned, drained) · [Salad] 200g shredded cooked chicken · [Salad] 1 head romaine lettuce · [Salad] 3 salad tomatoes, roughly chopped · [Salad] Pickled red onions, to garnish · [Salad] Lime wedges, to garnish · [Avocado Dressing] 1 tbsp pickled jalapeños · [Avocado Dressing] 1 tbsp nutritional yeast · [Avocado Dressing] 1 garlic clove · [Avocado Dressing] ½ avocado (~75g) · [Avocado Dressing] 1 tbsp Greek yoghurt (sub soya yoghurt to keep DF) · [Avocado Dressing] Juice of ½ lemon · [Avocado Dressing] Salt and pepper · [Avocado Dressing] Olive oil, to thin",large (~300g) main/base
1,,,,,,,,,,,,,,
0,125,,?,estimated,Salmon Poke Bowl Meal Prep,lunch,1,Rest,1 serving microwave sticky rice,serving microwave sticky rice,180,1.0 × 180 g (serving),"[Salmon] 1 tin salmon fillets · [Salmon] 1 sheet nori (or furikake) · [Salmon] 1 tsp miso paste · [Salmon] 1 spring onion, finely sliced · [Salmon] 1.5 tbsp mirin (+ extra for cucumber) · [Salmon] 1/2 tbsp maple syrup (+ extra for cucumber) · [Salmon] 1/2 tbsp garlic and ginger paste · [Salmon] 1/2 tbsp gochujang (sub sriracha) · [Salmon] 1-2 tbsp Greek yoghurt/mayonnaise · [Salmon] 1.5 tbsp soy sauce · [Salmon] 1 tsp sesame oil · [Rest] 1 serving microwave sticky rice · [Rest] 1/2 avocado, sliced · [Rest] 1/4 cucumber, thinly sliced · [Rest] sesame seeds/furikake · [Rest] kimchi (optional)",large (~180g) main/base
1,,,,,,,,,,,,,,
0,,,?,estimated,Sticky Miso Chicken Prep Boxes,lunch,3,Rice Salad,soy sauce + rice vinegar to season,soy sauce + rice vinegar to season,180,bare → 180 g typical (rice),"[Miso Chicken] 350g mini chicken breast fillets · [Miso Chicken] 2 tsp white miso · [Miso Chicken] 2 tsp honey · [Miso Chicken] 2 tbsp soy sauce · [Miso Chicken] 2 garlic cloves, minced · [Miso Chicken] 1 tsp grated ginger · [Miso Chicken] 1 tbsp toasted sesame oil · [Rice Salad] 250g cooked brown rice, cooled · [Rice Salad] 1 cucumber, deseeded and diced · [Rice Salad] 4 spring onions, chopped · [Rice Salad] large handful coriander, chopped · [Rice Salad] soy sauce + rice vinegar to season · [Edamame Hummus] 160g edamame · [Edamame Hummus] 1 tbsp tahini · [Edamame Hummus] 2 tbsp Greek yoghurt · [Edamame Hummus] juice and zest of 1 lime · [Edamame Hummus] 1 tsp honey · [Edamame Hummus] 1 tsp toasted sesame oil · [Edamame Hummus] ½ garlic clove · [Edamame Hummus] 2 spring onions · [Edamame Hummus] generous salt + pepper · [To Finish] pumpkin seeds to garnish",large (~180g) main/base
1,,,,,,,,,,,,,,
0,,,?,estimated,Summer Salad with Blackened Salmon,lunch,2,Salad,1 large head romaine,head romaine,300,1.0 × 300 g (head),[Salad] 1 large head romaine · [Salad] 1 pak choy · [Salad] 1 medium cucumber · [Salad] Handful of green beans · [Salad] 4 sprigs spring onion · [Salad] 1 tsp pickled chilli · [Salad] 1 tsp sesame seeds · [Salad] 1 avocado · [Salmon] 2 salmon fillets · [Salmon] 2 tbsp soy sauce · [Salmon] 1 tsp honey · [Salmon] 1 tsp rice wine vinegar · [Dressing] 1 garlic clove · [Dressing] 1 inch piece ginger · [Dressing] 2 tbsp ponzu · [Dressing] 2 tbsp sesame oil · [Dressing] 1 tsp honey · [Dressing] 1 tbsp rice wine vinegar,large (~300g) main/base
1,,,,,,,,,,,,,,
0,90,,?,estimated,Tuna Avocado Wrap,lunch,1,Sandwich,"Half an avocado, sliced",Half an avocado,150,bare → 1 × 150 g (avocado),"[Tunacado Filling] 1 tin tuna in spring water, drained · [Tunacado Filling] 1/4 small red onion, finely chopped · [Tunacado Filling] 0.5 tbsp minced garlic · [Tunacado Filling] 1 small gherkin, finely chopped · [Tunacado Filling] 1 tbsp pickle juice · [Tunacado Filling] 2 tbsp light mayonnaise · [Tunacado Filling] 1 tbsp dill/parsley, finely chopped · [Tunacado Filling] 0.5 tsp dijon mustard · [Tunacado Filling] 1 tbsp hot sauce · [Tunacado Filling] Salt & black pepper to taste · [Sandwich] 1.5 tbsp green pesto · [Sandwich] Half an avocado, sliced · [Sandwich] Hot sauce (optional) · [Sandwich] 1 small tomato, sliced · [Sandwich] 1 soft pitta",large (~150g) main/base
1,,,,,,,,,,,,,,
0,,,?,estimated,Tuna Melt Sandwich,lunch,1,Tuna Salad,"Finely diced red onion, celery, and dill pickles",Finely diced red onion,150,bare → 1 × 150 g (red onion),"[Tuna Salad] 1 can of tuna · [Tuna Salad] Finely diced red onion, celery, and dill pickles · [Tuna Salad] 1 tbsp light mayo · [Tuna Salad] 1/2 avocado · [Tuna Salad] Splash of lemon juice · [Tuna Salad] Salt and pepper to taste · [Tuna Salad] 1 tsp garlic powder · [Tuna Salad] 1 tsp dried dill · [Sandwich] 2 slices of sourdough · [Sandwich] Hummus · [Sandwich] Sliced tomato · [Sandwich] Cheddar cheese",large (~150g) main/base
1,,,,,,,,,,,,,,
0,,,★,unresolved,Crispy Gluten Free Shrimp Dumplings,snack,7,Wrapper,Cold water,Cold water,,"no amount, generic item","[Shrimp Balls] 7oz shrimp, peeled & deveined · [Shrimp Balls] ½ tsp salt · [Shrimp Balls] ¼ tsp black pepper · [Shrimp Balls] 1 garlic clove · [Shrimp Balls] 1 small knob of ginger · [Shrimp Balls] 2 green onions · [Dipping Sauce] ¼ cup gluten free soy sauce · [Dipping Sauce] 2 tbsp gluten free hoisin sauce · [Dipping Sauce] 1 tbsp water · [Dipping Sauce] 2 tsp rice vinegar · [Dipping Sauce] 1 tsp sriracha (or chili oil) · [Dipping Sauce] ½ tsp maple syrup (or sugar) · [Dipping Sauce] 1 clove garlic, minced · [Dipping Sauce] 1 tsp green onions, chopped · [Dipping Sauce] ¼ tsp minced fresh ginger · [Dipping Sauce] ½ tsp toasted sesame oil · [Wrapper] Cold water · [Wrapper] Glutinous rice flour · [To Cook] 1/3 cup water · [To Cook] Oil",unresolved (no value)
1,,,,,,,,,,,,,,
0,40,,?,estimated,Crispy Gluten Free Shrimp Dumplings,snack,7,Wrapper,Glutinous rice flour,Glutinous rice flour,180,bare → 180 g typical (rice),"[Shrimp Balls] 7oz shrimp, peeled & deveined · [Shrimp Balls] ½ tsp salt · [Shrimp Balls] ¼ tsp black pepper · [Shrimp Balls] 1 garlic clove · [Shrimp Balls] 1 small knob of ginger · [Shrimp Balls] 2 green onions · [Dipping Sauce] ¼ cup gluten free soy sauce · [Dipping Sauce] 2 tbsp gluten free hoisin sauce · [Dipping Sauce] 1 tbsp water · [Dipping Sauce] 2 tsp rice vinegar · [Dipping Sauce] 1 tsp sriracha (or chili oil) · [Dipping Sauce] ½ tsp maple syrup (or sugar) · [Dipping Sauce] 1 clove garlic, minced · [Dipping Sauce] 1 tsp green onions, chopped · [Dipping Sauce] ¼ tsp minced fresh ginger · [Dipping Sauce] ½ tsp toasted sesame oil · [Wrapper] Cold water · [Wrapper] Glutinous rice flour · [To Cook] 1/3 cup water · [To Cook] Oil",large (~180g) main/base