recipe_id,recipe_name,meal_type,serves,section,sec,item,ingredient_line,parsed_name,computed_grams,how,why_flagged,qty_source,corrected_grams,exclude_from_nutrition,note,FULL_RECIPE_for_context
9af1cd54-75a4-4568-857d-547940d32d20,Basic Oat Flour Pancakes,breakfast,2,Suggested Toppings,1,1,strawberries,strawberries,12,bare → 1 × 12 g (strawberr),plural name priced as 1 piece (12 g) — likely a portion,estimated,,,,"[Main] 1/2 cup oats, blended into flour · [Main] 1 tsp baking powder · [Main] 1 egg · [Main] 2 tbsp thick Greek yoghurt · [Main] 4 tbsp milk (adjust to consistency) · [Suggested Toppings] yoghurt · [Suggested Toppings] strawberries · [Suggested Toppings] almond butter · [Suggested Toppings] maple syrup · [Suggested Toppings] cinnamon"
9af1cd54-75a4-4568-857d-547940d32d20,Basic Oat Flour Pancakes,breakfast,2,Suggested Toppings,1,2,almond butter,almond butter,32,bare → 16 g typical (almond butter) × 2 serves,estimated default (~32g),estimated,,,,"[Main] 1/2 cup oats, blended into flour · [Main] 1 tsp baking powder · [Main] 1 egg · [Main] 2 tbsp thick Greek yoghurt · [Main] 4 tbsp milk (adjust to consistency) · [Suggested Toppings] yoghurt · [Suggested Toppings] strawberries · [Suggested Toppings] almond butter · [Suggested Toppings] maple syrup · [Suggested Toppings] cinnamon"
9af1cd54-75a4-4568-857d-547940d32d20,Basic Oat Flour Pancakes,breakfast,2,Suggested Toppings,1,3,maple syrup,maple syrup,40,bare → 20 g typical (maple syrup) × 2 serves,estimated default (~40g),estimated,,,,"[Main] 1/2 cup oats, blended into flour · [Main] 1 tsp baking powder · [Main] 1 egg · [Main] 2 tbsp thick Greek yoghurt · [Main] 4 tbsp milk (adjust to consistency) · [Suggested Toppings] yoghurt · [Suggested Toppings] strawberries · [Suggested Toppings] almond butter · [Suggested Toppings] maple syrup · [Suggested Toppings] cinnamon"
6035db4c-9e7e-4231-9a30-d8d043edbaba,Protein Oatmeal Breakfast Cookies,breakfast,8,Main,0,5,Chocolate chips,Chocolate chips,240,bare → 30 g typical (chocolate) × 8 serves,medium (~240g),estimated,,,,[Main] 1 cup oat flour · [Main] 1/4 cup milk of choice · [Main] 1/2 cup vanilla protein powder · [Main] 1/4 cup peanut butter · [Main] 1/4 cup maple syrup · [Main] Chocolate chips · [Main] Pinch of salt
c6a9663b-edbb-4e17-9e22-8148dd4dbb53,Vegan Protein Waffles,breakfast,2,Topping,1,1,Fresh or frozen berries,Fresh or frozen berries,160,bare → 80 g typical (berr) × 2 serves,medium (~160g),estimated,,,,[Batter] ½ cup flour (sub GF plain flour or oat flour to keep GF) · [Batter] ¼ cup oats · [Batter] 1 tbsp sugar · [Batter] ½ tbsp baking powder · [Batter] 1 cup plant milk · [Batter] ⅛ cup coconut oil · [Batter] ¼ cup vanilla protein powder · [Topping] Dairy-free yoghurt · [Topping] Fresh or frozen berries
aa39f281-4492-4113-8ef5-fd02383449d8,Blended Raspberry Protein Chia Pudding,dessert,3,Toppings,1,0,Fresh raspberries,Fresh raspberries,5,bare → 1 × 5 g (raspberr),plural name priced as 1 piece (5 g) — likely a portion,estimated,,,,[Main] 1 cup frozen raspberries · [Main] 1 1/2 cups unsweetened vanilla almond milk · [Main] 1/4 cup sugar free maple syrup (or sweetener of choice) · [Main] 1/2 cup chia seeds · [Main] 2 scoops vanilla protein powder · [Toppings] Fresh raspberries · [Toppings] Peanut butter
aa39f281-4492-4113-8ef5-fd02383449d8,Blended Raspberry Protein Chia Pudding,dessert,3,Toppings,1,1,Peanut butter,Peanut butter,48,bare → 16 g typical (peanut butter) × 3 serves,estimated default (~48g),estimated,,,,[Main] 1 cup frozen raspberries · [Main] 1 1/2 cups unsweetened vanilla almond milk · [Main] 1/4 cup sugar free maple syrup (or sweetener of choice) · [Main] 1/2 cup chia seeds · [Main] 2 scoops vanilla protein powder · [Toppings] Fresh raspberries · [Toppings] Peanut butter
d7f45a4d-7098-48b6-9cdc-e4f4aead11d7,Carrot Cake Loaf,dessert,5,Optional,1,0,chopped walnuts,chopped walnuts,150,bare → 30 g typical (walnut) × 5 serves,medium (~150g),estimated,,,,[Loaf] 60–75g soy yogurt · [Loaf] 1 egg · [Loaf] 50g GF or oat flour · [Loaf] 30g vegan protein powder (or 20g for a softer loaf) · [Loaf] 15g coconut sugar · [Loaf] ½ cup (50g) grated carrot · [Loaf] 1 tbsp cinnamon · [Loaf] ½ tsp baking powder · [Loaf] ½ tsp baking soda · [Loaf] pinch of salt · [Optional] chopped walnuts
e45acef2-7654-4c47-af7d-5f6142b78baa,Chocolate Hazelnut Cookie Dough Balls,dessert,15,Main,0,8,Chocolate chips,Chocolate chips,450,bare → 30 g typical (chocolate) × 15 serves,large (~450g) main/base,estimated,,,,[Main] 3/4 cup cashew butter · [Main] 3/4 cup ground hazelnuts · [Main] 1/3 cup oat flour · [Main] 1/4 cup vanilla protein powder (optional) · [Main] 1/3 cup maple syrup · [Main] 1 tbsp chopped toasted hazelnuts · [Main] Dash vanilla extract · [Main] Pinch salt · [Main] Chocolate chips · [Coating] 100g dark chocolate · [Coating] More hazelnuts
e45acef2-7654-4c47-af7d-5f6142b78baa,Chocolate Hazelnut Cookie Dough Balls,dessert,15,Coating,1,1,More hazelnuts,More hazelnuts,450,bare → 30 g typical (hazelnut) × 15 serves,large (~450g) main/base,estimated,,,,[Main] 3/4 cup cashew butter · [Main] 3/4 cup ground hazelnuts · [Main] 1/3 cup oat flour · [Main] 1/4 cup vanilla protein powder (optional) · [Main] 1/3 cup maple syrup · [Main] 1 tbsp chopped toasted hazelnuts · [Main] Dash vanilla extract · [Main] Pinch salt · [Main] Chocolate chips · [Coating] 100g dark chocolate · [Coating] More hazelnuts
ede2a32a-dc89-4b56-aca0-eda6f9642dad,Chocolate Peanut Butter Protein Cookie Dough,dessert,4,Main,0,6,Dark chocolate chips,Dark chocolate chips,120,bare → 30 g typical (chocolate) × 4 serves,medium (~120g),estimated,,,,[Main] 1/2 cup nonfat plain Greek yogurt · [Main] 2 tbsp peanut butter · [Main] 2 tbsp brown sugar substitute (or regular brown sugar) · [Main] 2 scoops protein powder (chocolate peanut butter flavour) · [Main] 3/4 cup almond flour · [Main] 2 tbsp unsweetened cocoa powder · [Main] Dark chocolate chips
5d343647-bd62-4409-a77e-9c03bb04b8bb,Cookie Dough Caramel Bars,dessert,12,Base,0,6,Chocolate chips,Chocolate chips,360,bare → 30 g typical (chocolate) × 12 serves,large (~360g) main/base,estimated,,,,[Base] 1 cup oat flour · [Base] 1 cup ground almonds · [Base] 4 tbsp coconut oil · [Base] 3 tbsp maple syrup · [Base] Pinch salt · [Base] Pinch cinnamon · [Base] Chocolate chips · [Peanut Butter Date Caramel] 1 cup soaked and drained dates · [Peanut Butter Date Caramel] 1 tbsp peanut butter · [Peanut Butter Date Caramel] 2 tsp coconut oil · [Peanut Butter Date Caramel] 3 tbsp maple syrup · [Peanut Butter Date Caramel] Pinch salt · [Topping] 80g melted dark chocolate · [Topping] Chopped peanuts
5d343647-bd62-4409-a77e-9c03bb04b8bb,Cookie Dough Caramel Bars,dessert,12,Topping,2,1,Chopped peanuts,Chopped peanuts,360,bare → 30 g typical (peanut) × 12 serves,large (~360g) main/base,estimated,,,,[Base] 1 cup oat flour · [Base] 1 cup ground almonds · [Base] 4 tbsp coconut oil · [Base] 3 tbsp maple syrup · [Base] Pinch salt · [Base] Pinch cinnamon · [Base] Chocolate chips · [Peanut Butter Date Caramel] 1 cup soaked and drained dates · [Peanut Butter Date Caramel] 1 tbsp peanut butter · [Peanut Butter Date Caramel] 2 tsp coconut oil · [Peanut Butter Date Caramel] 3 tbsp maple syrup · [Peanut Butter Date Caramel] Pinch salt · [Topping] 80g melted dark chocolate · [Topping] Chopped peanuts
e710c791-3215-4751-9c3e-748a1f7f4a5d,High Protein Chocolate Loaf,dessert,10,Main,0,10,Dark chocolate chips,Dark chocolate chips,300,bare → 30 g typical (chocolate) × 10 serves,large (~300g) main/base,estimated,,,,[Main] 90g (1/3 cup) mashed banana or applesauce · [Main] 2 eggs · [Main] 150g (1 1/2 cups) oat flour · [Main] 70g (3/4 cup) chocolate casein protein powder · [Main] 85g (1/2 cup) preferred sweetener (e.g. monk fruit) · [Main] 50g (1/2 cup) cocoa powder · [Main] 2 tsp baking powder · [Main] 1 1/2 tsp vanilla extract · [Main] 1/6 tsp salt · [Main] 120ml (1/2 cup) milk of choice · [Main] Dark chocolate chips
1b942de0-4e1d-4046-9f67-99e1e455f921,Peaches and Cream Chia Pudding,dessert,2,Toppings,1,0,Peach jam,Peach jam,30,bare → 15 g typical (jam) × 2 serves,estimated default (~30g),estimated,,,,[Pudding] 1 peach · [Pudding] 1 cup milk of choice · [Pudding] 1 tbsp maple syrup · [Pudding] ½ tsp vanilla extract · [Pudding] 4 tbsp chia seeds · [Toppings] Peach jam · [Toppings] Greek yoghurt (sub coconut or soya yoghurt to keep DF) · [Toppings] Chopped peaches · [Toppings] Coconut flakes
1b942de0-4e1d-4046-9f67-99e1e455f921,Peaches and Cream Chia Pudding,dessert,2,Toppings,1,2,Chopped peaches,Chopped peaches,160,bare → 80 g typical (peach) × 2 serves,medium (~160g),estimated,,,,[Pudding] 1 peach · [Pudding] 1 cup milk of choice · [Pudding] 1 tbsp maple syrup · [Pudding] ½ tsp vanilla extract · [Pudding] 4 tbsp chia seeds · [Toppings] Peach jam · [Toppings] Greek yoghurt (sub coconut or soya yoghurt to keep DF) · [Toppings] Chopped peaches · [Toppings] Coconut flakes
4baff14f-f055-4f9e-b42d-e94250a85288,Peanut Butter Protein Balls,dessert,16,Topping,2,0,Melted dark chocolate,Melted dark chocolate,480,bare → 30 g typical (chocolate) × 16 serves,large (~480g) main/base,estimated,,,,"[Dry] 2 cups oats · [Dry] 1/4 cup roasted peanuts · [Dry] 2 scoops vanilla protein powder · [Dry] Pinch salt · [Dry] Pinch cinnamon · [Wet] 1/2 cup peanut butter · [Wet] 3 tbsp coconut oil · [Wet] 3-4 tbsp maple syrup · [Wet] A handful (about 6) medjool dates, soaked in hot water · [Topping] Melted dark chocolate · [Topping] Cacao nibs · [Topping] Pinch sea salt"
ba4bd5d7-702d-49e2-9756-06046c30c3d1,Pumpkin Chocolate Chip Cookies,dessert,2,Toppings,1,0,Ice cream,Ice cream,120,bare → 60 g typical (ice cream) × 2 serves,medium (~120g),estimated,,,,[Main] 2 tbsp pumpkin puree · [Main] 1 tbsp peanut butter · [Main] 1 tbsp maple syrup · [Main] 1 tbsp cocoa powder · [Main] 2 tbsp almond flour · [Main] 1/8 tsp baking soda · [Main] Pinch of salt · [Main] 1/4 tsp vanilla extract · [Main] 1 tbsp chocolate chips · [Toppings] Ice cream · [Toppings] Chocolate shavings
ba4bd5d7-702d-49e2-9756-06046c30c3d1,Pumpkin Chocolate Chip Cookies,dessert,2,Toppings,1,1,Chocolate shavings,Chocolate shavings,60,bare → 30 g typical (chocolate) × 2 serves,estimated default (~60g),estimated,,,,[Main] 2 tbsp pumpkin puree · [Main] 1 tbsp peanut butter · [Main] 1 tbsp maple syrup · [Main] 1 tbsp cocoa powder · [Main] 2 tbsp almond flour · [Main] 1/8 tsp baking soda · [Main] Pinch of salt · [Main] 1/4 tsp vanilla extract · [Main] 1 tbsp chocolate chips · [Toppings] Ice cream · [Toppings] Chocolate shavings
60fd9792-927e-46fd-970f-b058765b2658,Pumpkin Cream Cheese Muffins,dessert,6,Muffin Batter,0,12,Pumpkin seeds for topping,Pumpkin seeds for topping,900,bare → 1 × 900 g (pumpkin),plural name priced as 1 piece (900 g) — likely a portion,estimated,,,,"[Muffin Batter] 3 eggs · [Muffin Batter] 1 cup pumpkin puree · [Muffin Batter] 1/4 cup coconut oil, melted · [Muffin Batter] 1/3 cup maple syrup · [Muffin Batter] 2 tsp vanilla extract · [Muffin Batter] 1 cup almond flour · [Muffin Batter] 1/2 cup organic arrowroot flour (or tapioca flour or cornstarch) · [Muffin Batter] 1/4 cup coconut flour · [Muffin Batter] 1 tbsp pumpkin pie spice · [Muffin Batter] 1 tsp cinnamon · [Muffin Batter] 1 tsp baking soda · [Muffin Batter] 1/4 tsp salt · [Muffin Batter] Pumpkin seeds for topping · [Cream Cheese Filling] 7 oz cream cheese, softened · [Cream Cheese Filling] 2½ tbsp maple syrup · [Cream Cheese Filling] 2 tbsp GF flour · [Cream Cheese Filling] 2 tbsp milk of choice · [Cream Cheese Filling] 1½ tsp vanilla"
7a0644a4-c448-43fe-b1e1-13bed72a7309,Single Serve Double Chocolate Butter Cake,dessert,2,Main,0,8,Vegan chocolate chips,Vegan chocolate chips,60,bare → 30 g typical (chocolate) × 2 serves,estimated default (~60g),estimated,,,,[Main] 2 tbsp vegan butter · [Main] 4 tbsp brown sugar · [Main] 1 tbsp oil · [Main] 1/4 tsp vanilla extract · [Main] 1 1/2 tbsp cocoa powder · [Main] 1/8 tsp baking soda · [Main] 1/8 tsp salt · [Main] 4 tbsp all purpose flour · [Main] Vegan chocolate chips
96b923cc-efda-4d9c-9055-97b7fa22413c,30 Minute Bang Bang Chicken Bowls,dinner,4,Bowl,2,1,cabbage slaw,cabbage slaw,400,bare → 100 g typical (cabbage) × 4 serves,large (~400g) main/base,estimated,,,,"[Chicken] 907g chicken thighs · [Chicken] 2 tsp paprika · [Chicken] 1 tsp garlic powder · [Chicken] 1 tsp onion powder · [Chicken] 1 tsp salt · [Chicken] 1/2 tsp pepper · [Chicken] 1 tbsp olive oil · [Chicken] drizzle of avocado oil (for frying) · [Sauce] 1/3 cup mayonnaise · [Sauce] 2-3 tbsp sriracha · [Sauce] 1/4 cup sweet chilli sauce · [Sauce] 1 tsp rice vinegar · [Sauce] 1/2 tsp garlic powder · [Bowl] cauliflower rice or rice (to serve) · [Bowl] cabbage slaw · [Bowl] spring onions, sliced"
96b923cc-efda-4d9c-9055-97b7fa22413c,30 Minute Bang Bang Chicken Bowls,dinner,4,Bowl,2,2,"spring onions, sliced",spring onions,15,bare → 1 × 15 g (spring onion),plural name priced as 1 piece (15 g) — likely a portion,estimated,,,,"[Chicken] 907g chicken thighs · [Chicken] 2 tsp paprika · [Chicken] 1 tsp garlic powder · [Chicken] 1 tsp onion powder · [Chicken] 1 tsp salt · [Chicken] 1/2 tsp pepper · [Chicken] 1 tbsp olive oil · [Chicken] drizzle of avocado oil (for frying) · [Sauce] 1/3 cup mayonnaise · [Sauce] 2-3 tbsp sriracha · [Sauce] 1/4 cup sweet chilli sauce · [Sauce] 1 tsp rice vinegar · [Sauce] 1/2 tsp garlic powder · [Bowl] cauliflower rice or rice (to serve) · [Bowl] cabbage slaw · [Bowl] spring onions, sliced"
be78fedf-c5b3-4931-a22f-5accfba91566,Chicken Pad Thai,dinner,4,For Cooking,2,2,chopped green onion,chopped green onion,15,bare → 1 × 15 g (green onion),very small (~15g) — check it is not a portion,estimated,,,,"[Chicken] 800g chicken breast, cubed · [Chicken] 20g soy sauce · [Chicken] 2 tsp black pepper · [Chicken] 2 tsp garlic powder · [Chicken] 1 tsp chilli flakes · [Chicken] 2 tsp olive oil (for cooking) · [Pad Thai Sauce] 30g soy sauce · [Pad Thai Sauce] 40g tamarind paste · [Pad Thai Sauce] 30g honey · [Pad Thai Sauce] 5g fish sauce · [Pad Thai Sauce] 15–20g sriracha · [Pad Thai Sauce] juice of 1–2 limes · [For Cooking] 4 garlic cloves, chopped · [For Cooking] 1 medium onion, chopped · [For Cooking] chopped green onion · [For Cooking] 3 whole eggs · [For Cooking] 400g cooked rice noodles · [To Serve] extra green onion · [To Serve] bean sprouts · [To Serve] 30g crushed peanuts · [To Serve] chilli flakes · [To Serve] lime juice"
be78fedf-c5b3-4931-a22f-5accfba91566,Chicken Pad Thai,dinner,4,To Serve,3,0,extra green onion,extra green onion,15,bare → 1 × 15 g (green onion),very small (~15g) — check it is not a portion,estimated,,,,"[Chicken] 800g chicken breast, cubed · [Chicken] 20g soy sauce · [Chicken] 2 tsp black pepper · [Chicken] 2 tsp garlic powder · [Chicken] 1 tsp chilli flakes · [Chicken] 2 tsp olive oil (for cooking) · [Pad Thai Sauce] 30g soy sauce · [Pad Thai Sauce] 40g tamarind paste · [Pad Thai Sauce] 30g honey · [Pad Thai Sauce] 5g fish sauce · [Pad Thai Sauce] 15–20g sriracha · [Pad Thai Sauce] juice of 1–2 limes · [For Cooking] 4 garlic cloves, chopped · [For Cooking] 1 medium onion, chopped · [For Cooking] chopped green onion · [For Cooking] 3 whole eggs · [For Cooking] 400g cooked rice noodles · [To Serve] extra green onion · [To Serve] bean sprouts · [To Serve] 30g crushed peanuts · [To Serve] chilli flakes · [To Serve] lime juice"
be78fedf-c5b3-4931-a22f-5accfba91566,Chicken Pad Thai,dinner,4,To Serve,3,1,bean sprouts,bean sprouts,320,bare → 80 g typical (bean sprout) × 4 serves,large (~320g) main/base,estimated,,,,"[Chicken] 800g chicken breast, cubed · [Chicken] 20g soy sauce · [Chicken] 2 tsp black pepper · [Chicken] 2 tsp garlic powder · [Chicken] 1 tsp chilli flakes · [Chicken] 2 tsp olive oil (for cooking) · [Pad Thai Sauce] 30g soy sauce · [Pad Thai Sauce] 40g tamarind paste · [Pad Thai Sauce] 30g honey · [Pad Thai Sauce] 5g fish sauce · [Pad Thai Sauce] 15–20g sriracha · [Pad Thai Sauce] juice of 1–2 limes · [For Cooking] 4 garlic cloves, chopped · [For Cooking] 1 medium onion, chopped · [For Cooking] chopped green onion · [For Cooking] 3 whole eggs · [For Cooking] 400g cooked rice noodles · [To Serve] extra green onion · [To Serve] bean sprouts · [To Serve] 30g crushed peanuts · [To Serve] chilli flakes · [To Serve] lime juice"
520918ae-a734-4ad1-9fed-c51e46ca82ca,Chicken Shawarma Sheet Pan Dinner,dinner,4,tray,0,2,Olive oil,Olive oil,56,bare → 14 g typical (olive oil) × 4 serves,estimated default (~56g),estimated,,,,"[tray] 2 red onions, cut into small wedges · [tray] 1 tbsp sumac (+ extra to finish) · [tray] Olive oil · [cucumber sauce] ¾ cup plain greek yogurt · [cucumber sauce] 1 Persian cucumber, finely diced · [cucumber sauce] 3 tbsp finely chopped fresh dill · [cucumber sauce] 1 small shallot, finely shredded or processed · [cucumber sauce] juice of ½ lemon · [cucumber sauce] a couple pinches salt & pepper · [chicken marinade] 1.5–2 lb cubed boneless skinless chicken thighs · [chicken marinade] ½ tbsp olive oil · [chicken marinade] 2.5 tbsp plain greek yogurt · [chicken marinade] 2 tbsp tomato paste · [chicken marinade] juice of 1 large lemon · [chicken marinade] 6 minced garlic cloves · [chicken marinade] 1 tbsp oregano · [chicken marinade] 1 tbsp sweet paprika · [chicken marinade] ⅓ tsp cinnamon · [chicken marinade] 1 tsp cumin · [chicken marinade] a couple pinches salt + pepper"
93442c4f-672c-401d-8f1c-c8d9d3e9c9f7,Chicken and Potato Traybake,dinner,4,Main,0,10,"olive oil, for drizzling",olive oil,56,bare → 14 g typical (olive oil) × 4 serves,estimated default (~56g),estimated,,,,"[Main] 2 chicken legs · [Main] 3-4 chicken thighs · [Main] 3 tbsp Flora salted · [Main] 500g baby potatoes · [Main] 1 large white onion · [Main] 2 lemons · [Main] 2 bay leaves · [Main] 200ml chicken stock · [Main] 3 tbsp chopped parsley · [Main] tenderstem broccoli, to serve · [Main] olive oil, for drizzling"
8356cba9-e0e8-43f1-becb-ac9771250799,Chipotle Chicken & Rice Skillet,dinner,4,To Serve,3,3,cotija cheese crumbles,cotija cheese crumbles,160,bare → 40 g typical (cheese) × 4 serves,medium (~160g),estimated,,,,[Chicken] 5 bone-in skin-on chicken thighs · [Chicken] 1 tsp olive oil · [Chicken] salt and cracked pepper · [Chicken] ½ tbsp chipotle powder · [Chicken] 1 tbsp sweet paprika · [Chicken] 1 tbsp garlic powder · [Chicken] 1 tbsp oregano or thyme · [Cucumber Salad] ½ finely diced red onion · [Cucumber Salad] 2–3 Persian cucumbers · [Cucumber Salad] 2–3 tbsp finely diced fresh cilantro · [Cucumber Salad] salt · [Crema Sauce] 3 tbsp Greek yogurt · [Crema Sauce] 3 tbsp mayo · [Crema Sauce] 1 clove garlic · [Crema Sauce] ½ jalapeño · [Crema Sauce] large handful cilantro · [Crema Sauce] juice of 1 large lime · [Crema Sauce] salt and pepper · [To Serve] rice of choice · [To Serve] jalapeños · [To Serve] sliced avocado · [To Serve] cotija cheese crumbles
f8921341-90bc-4f37-a6c4-caf2f8e5afb3,Creamy Peanut Miso Ramen,dinner,4,Garnish,2,1,Black sesame seeds,Black sesame seeds,40,bare → 10 g typical (seeds) × 4 serves,estimated default (~40g),estimated,,,,"[Broth] 1 tbsp vegetable oil · [Broth] 1 tbsp chilli crisp · [Broth] 4 garlic cloves, grated · [Broth] 5cm (2in) fresh ginger, grated · [Broth] Zest and juice of 1 lime · [Broth] 6 spring onions, whites and greens separated · [Broth] 2 tbsp miso paste · [Broth] 2 tbsp maple syrup · [Broth] 1 tbsp rice vinegar · [Broth] 3 tbsp smooth peanut butter · [Broth] 3 tbsp runny tahini · [Broth] 400ml coconut milk · [Broth] 750ml vegetable stock · [Broth] 2 tbsp soy sauce · [Broth] 1 tsp vegan fish sauce · [Broth] Salt, pepper, and a pinch of sugar · [Broth] 4 × 100g packets ramen noodles — use GF rice noodles · [Smoky Tofu Crumbles] 2 tbsp vegetable oil · [Smoky Tofu Crumbles] 1 × 225g block smoked firm tofu, crumbled · [Smoky Tofu Crumbles] 1 tbsp soy sauce · [Smoky Tofu Crumbles] 1 tsp smoked paprika · [Smoky Tofu Crumbles] 1 tsp liquid smoke (optional) · [Smoky Tofu Crumbles] 1 tsp chilli oil · [Garnish] Chilli crisp · [Garnish] Black sesame seeds · [Garnish] Toasted sesame oil · [Garnish] Fresh coriander leaves"
55f71d81-f12f-457a-bd8b-d2f3624524da,Creamy Thai Coconut Chicken Meatballs,dinner,4,To Serve,2,1,broccoli,broccoli,350,bare → 1 × 350 g (broccoli),large (~350g) main/base,estimated,,,,"[Meatballs] 500g lean chicken mince · [Meatballs] 1 small courgette, grated · [Meatballs] ½ red chilli, diced · [Meatballs] 1 heaped tsp ginger and garlic paste · [Meatballs] 2 tbsp chopped fresh coriander · [Meatballs] 2 spring onions, finely chopped · [Meatballs] 1 medium egg · [Meatballs] 2 tbsp light soy sauce · [Meatballs] zest of 1 lime · [Meatballs] salt and pepper · [Sauce] 2 tbsp Thai red curry paste · [Sauce] 1 tin coconut milk (light or full fat) · [Sauce] 1 spring onion, diced · [Sauce] 1 tsp ginger and garlic paste · [Sauce] 1 red pepper, thinly sliced · [Sauce] ½ chicken stock cube · [Sauce] 1 tbsp soy sauce · [Sauce] 1 tsp honey · [Sauce] juice of ½ lime · [To Serve] rice · [To Serve] broccoli"
81dd4306-72d3-4ed5-9a03-c6ba9a8fb7ce,Crispy Chicken Rice Paper Dumplings,dinner,2,Dumplings,0,11,black and white sesame seeds for coating,black and white sesame seeds for coating,20,bare → 10 g typical (seeds) × 2 serves,estimated default (~20g),estimated,,,,"[Dumplings] 250g chicken mince · [Dumplings] 2 spring onions, diced · [Dumplings] 1 garlic clove, finely chopped · [Dumplings] 10g ginger, finely chopped · [Dumplings] small bunch coriander, finely chopped · [Dumplings] 1 red chilli, seeds removed, finely chopped · [Dumplings] 2 tsp soy sauce · [Dumplings] 1 tsp honey · [Dumplings] 1 tsp oyster sauce · [Dumplings] 1 tsp sesame oil · [Dumplings] 6 rice paper rolls · [Dumplings] black and white sesame seeds for coating · [Peanut Sauce] 1 tbsp peanut butter · [Peanut Sauce] 1 tbsp honey · [Peanut Sauce] 1 tbsp soy sauce · [Peanut Sauce] juice of ½ lime · [Peanut Sauce] 2 tbsp coconut milk · [Peanut Sauce] 1–2 tsp sriracha"
9432601e-8eb2-45a5-a15d-3e418bd425aa,Crispy Chilli Beef Protein Bowls,dinner,4,Main,0,8,Sesame seeds,Sesame seeds,40,bare → 10 g typical (seeds) × 4 serves,estimated default (~40g),estimated,,,,"[Main] 500g high quality lean beef mince · [Main] 1 large red pepper or 2 small · [Main] 4 spring onions · [Main] 2 cloves of garlic · [Main] 1/2 red chilli · [Main] 2 carrots, julienned · [Main] 1 cucumber · [Main] Handful radishes · [Main] Sesame seeds · [Main] 1 avocado · [Main] Rice to serve (precooked) · [Main] 1/2 beef stock cube · [Sauce] 3 tbsp sweet chilli sauce · [Sauce] 3 tbsp low-sugar tomato ketchup · [Sauce] 4 tbsp rice vinegar · [Sauce] 1 heaped tsp honey · [Sauce] 2 tbsp dark soy sauce · [Sauce] 1 tbsp toasted sesame oil · [Sauce] 1 tsp ginger puree · [Sauce] 1 heaped tsp corn flour · [Sauce] 1/2 tsp Chinese 5 spice"
cb74fd67-6e8b-4577-bfed-66c3a1185ff5,Dak Gomtang (Korean Chicken Soup),dinner,3,Soup,0,7,Enough water to cover the chicken (approx. 1.5 litres),Enough water to cover the chicken (approx. 1.5 litres),,"no amount, generic item",unresolved (no value),unresolved,,,,"[Soup] 450g (1 lb) whole chicken legs, bone-in and skin-on · [Soup] 5 garlic cloves · [Soup] 3 slices fresh ginger · [Soup] ½ medium onion, roughly chopped · [Soup] 5 spring onions, chopped · [Soup] ½ tsp whole peppercorns · [Soup] Salt and pepper · [Soup] Enough water to cover the chicken (approx. 1.5 litres) · [Dipping Sauce] 1 tbsp jalapeño, finely diced · [Dipping Sauce] 5 tbsp soy sauce · [Dipping Sauce] 1 tbsp honey · [Dipping Sauce] 2 tbsp water · [To Serve] 1½ cups cooked rice · [To Serve] Diced spring onion, for garnish"
d6d7f6df-6148-41fd-997e-9d9870bab66a,Double Roast Chicken with Chicken Fat Rice,dinner,8,Roast Chicken,0,1,Olive oil,Olive oil,112,bare → 14 g typical (olive oil) × 8 serves,medium (~112g),estimated,,,,"[Roast Chicken] 2 whole chickens · [Roast Chicken] Olive oil · [Roast Chicken] Salt · [Chicken Fat Rice] 250g jasmine rice · [Chicken Fat Rice] 300ml water · [Chicken Fat Rice] Chicken jus (collected from roasting tray) · [Chicken Fat Rice] Salt, to taste · [Salad] Cucumber, sliced · [Salad] Fresh coriander · [Salad] Spring onion, sliced · [Thai Chilli Dipping Sauce] 2 shallots · [Thai Chilli Dipping Sauce] 1–3 Thai chillies (adjust to heat preference) · [Thai Chilli Dipping Sauce] 1 long red chilli · [Thai Chilli Dipping Sauce] 2 garlic cloves · [Thai Chilli Dipping Sauce] Coriander stalks · [Thai Chilli Dipping Sauce] 4 tbsp fish sauce · [Thai Chilli Dipping Sauce] 1 tbsp sugar · [Thai Chilli Dipping Sauce] Lime juice, to taste · [Thai Chilli Dipping Sauce] Toasted rice, ground (key ingredient — toast raw rice in a dry pan until golden, then grind)"
d6d7f6df-6148-41fd-997e-9d9870bab66a,Double Roast Chicken with Chicken Fat Rice,dinner,8,Salad,2,2,"Spring onion, sliced",Spring onion,15,bare → 1 × 15 g (spring onion),very small (~15g) — check it is not a portion,estimated,,,,"[Roast Chicken] 2 whole chickens · [Roast Chicken] Olive oil · [Roast Chicken] Salt · [Chicken Fat Rice] 250g jasmine rice · [Chicken Fat Rice] 300ml water · [Chicken Fat Rice] Chicken jus (collected from roasting tray) · [Chicken Fat Rice] Salt, to taste · [Salad] Cucumber, sliced · [Salad] Fresh coriander · [Salad] Spring onion, sliced · [Thai Chilli Dipping Sauce] 2 shallots · [Thai Chilli Dipping Sauce] 1–3 Thai chillies (adjust to heat preference) · [Thai Chilli Dipping Sauce] 1 long red chilli · [Thai Chilli Dipping Sauce] 2 garlic cloves · [Thai Chilli Dipping Sauce] Coriander stalks · [Thai Chilli Dipping Sauce] 4 tbsp fish sauce · [Thai Chilli Dipping Sauce] 1 tbsp sugar · [Thai Chilli Dipping Sauce] Lime juice, to taste · [Thai Chilli Dipping Sauce] Toasted rice, ground (key ingredient — toast raw rice in a dry pan until golden, then grind)"
60029cd9-1b3c-4768-8038-acce64fb2c6b,Easy Chicken Traybake,dinner,4,main,0,10,"Olive oil, salt and pepper",Olive oil,56,bare → 14 g typical (olive oil) × 4 serves,estimated default (~56g),estimated,,,,"[main] 2 chicken legs · [main] 3–4 chicken thighs · [main] 3 tbsp Flora Salted (or butter) · [main] 500g baby potatoes · [main] 1 large white onion · [main] 2 lemons · [main] 2 bay leaves · [main] 200ml chicken stock · [main] 3 tbsp chopped parsley · [main] Tender stem broccoli to serve · [main] Olive oil, salt and pepper"
fe9d8ce6-f103-4387-97e8-22d0688a2e69,Easy Tuna Salad Mix,dinner,3,Main,0,6,Kewpie mayo,Kewpie mayo,45,bare → 15 g typical (kewpie) × 3 serves,estimated default (~45g),estimated,,,,"[Main] 1x 425g can tuna · [Main] 2 cucumbers, finely diced · [Main] 1 small red onion, finely diced · [Main] 3 celery stalks, finely diced · [Main] 1½ cups fresh parsley, roughly chopped · [Main] Juice of 1 large lemon · [Main] Kewpie mayo · [Main] Pinch of salt · [Main] Corn chips or bread rolls, to serve"
ba9751e7-8c6f-42cb-ba50-4af714beef32,GF Easy Pan Dumplings (Pan-Fried),dinner,4,Toppings,1,0,"Green onions, sliced",Green onions,15,bare → 1 × 15 g (green onion),plural name priced as 1 piece (15 g) — likely a portion,estimated,,,,"[Filling] 450g ground meat (beef, chicken, pork, or a mix) · [Filling] ½ cup green onions, finely sliced · [Filling] 2 tbsp coconut aminos · [Filling] 2 tsp sesame oil · [Filling] 1 tsp garlic powder · [Filling] 1 tsp ginger powder · [Filling] ⅓ cup broth of choice · [Filling] ½ tsp chilli flakes · [Filling] Black pepper, to taste · [Filling] Potato starch (for shaping and binding) · [Toppings] Green onions, sliced · [Toppings] Chilli oil · [Toppings] Sesame seeds"
ba9751e7-8c6f-42cb-ba50-4af714beef32,GF Easy Pan Dumplings (Pan-Fried),dinner,4,Toppings,1,2,Sesame seeds,Sesame seeds,40,bare → 10 g typical (seeds) × 4 serves,estimated default (~40g),estimated,,,,"[Filling] 450g ground meat (beef, chicken, pork, or a mix) · [Filling] ½ cup green onions, finely sliced · [Filling] 2 tbsp coconut aminos · [Filling] 2 tsp sesame oil · [Filling] 1 tsp garlic powder · [Filling] 1 tsp ginger powder · [Filling] ⅓ cup broth of choice · [Filling] ½ tsp chilli flakes · [Filling] Black pepper, to taste · [Filling] Potato starch (for shaping and binding) · [Toppings] Green onions, sliced · [Toppings] Chilli oil · [Toppings] Sesame seeds"
6af2694d-29f0-4a30-8c8f-1aca5dce9f5f,Garlic Miso Somen Noodles,dinner,2,Noodles and Toppings,0,0,somen noodles (or thin wheat noodles),somen noodles (or thin wheat noodles),360,bare → 180 g typical (noodle) × 2 serves,large (~360g) main/base,estimated,,,,"[Noodles and Toppings] somen noodles (or thin wheat noodles) · [Noodles and Toppings] oyster mushrooms, torn into pieces · [Noodles and Toppings] soft-boiled eggs · [Noodles and Toppings] fresh spinach · [Noodles and Toppings] Spring onion, finely chopped, for garnish · [Broth] 480 ml (2 cups) reserved noodle water or vegetable stock · [Broth] 1 tsp minced garlic · [Broth] 1 tbsp spring onion, finely chopped · [Broth] 1½ tbsp neutral cooking oil · [Broth] 1 tsp chilli powder (gochugaru or similar) · [Broth] 1 tbsp miso paste · [Broth] 1 tbsp soy sauce · [Broth] 1 tsp sugar · [Broth] 1 tbsp mirin"
6af2694d-29f0-4a30-8c8f-1aca5dce9f5f,Garlic Miso Somen Noodles,dinner,2,Noodles and Toppings,0,1,"oyster mushrooms, torn into pieces",oyster mushrooms,20,bare → 1 × 20 g (mushroom),plural name priced as 1 piece (20 g) — likely a portion,estimated,,,,"[Noodles and Toppings] somen noodles (or thin wheat noodles) · [Noodles and Toppings] oyster mushrooms, torn into pieces · [Noodles and Toppings] soft-boiled eggs · [Noodles and Toppings] fresh spinach · [Noodles and Toppings] Spring onion, finely chopped, for garnish · [Broth] 480 ml (2 cups) reserved noodle water or vegetable stock · [Broth] 1 tsp minced garlic · [Broth] 1 tbsp spring onion, finely chopped · [Broth] 1½ tbsp neutral cooking oil · [Broth] 1 tsp chilli powder (gochugaru or similar) · [Broth] 1 tbsp miso paste · [Broth] 1 tbsp soy sauce · [Broth] 1 tsp sugar · [Broth] 1 tbsp mirin"
6af2694d-29f0-4a30-8c8f-1aca5dce9f5f,Garlic Miso Somen Noodles,dinner,2,Noodles and Toppings,0,2,soft-boiled eggs,soft-boiled eggs,50,bare → 1 × 50 g (egg),plural name priced as 1 piece (50 g) — likely a portion,estimated,,,,"[Noodles and Toppings] somen noodles (or thin wheat noodles) · [Noodles and Toppings] oyster mushrooms, torn into pieces · [Noodles and Toppings] soft-boiled eggs · [Noodles and Toppings] fresh spinach · [Noodles and Toppings] Spring onion, finely chopped, for garnish · [Broth] 480 ml (2 cups) reserved noodle water or vegetable stock · [Broth] 1 tsp minced garlic · [Broth] 1 tbsp spring onion, finely chopped · [Broth] 1½ tbsp neutral cooking oil · [Broth] 1 tsp chilli powder (gochugaru or similar) · [Broth] 1 tbsp miso paste · [Broth] 1 tbsp soy sauce · [Broth] 1 tsp sugar · [Broth] 1 tbsp mirin"
6af2694d-29f0-4a30-8c8f-1aca5dce9f5f,Garlic Miso Somen Noodles,dinner,2,Noodles and Toppings,0,3,fresh spinach,fresh spinach,120,bare → 60 g typical (spinach) × 2 serves,medium (~120g),estimated,,,,"[Noodles and Toppings] somen noodles (or thin wheat noodles) · [Noodles and Toppings] oyster mushrooms, torn into pieces · [Noodles and Toppings] soft-boiled eggs · [Noodles and Toppings] fresh spinach · [Noodles and Toppings] Spring onion, finely chopped, for garnish · [Broth] 480 ml (2 cups) reserved noodle water or vegetable stock · [Broth] 1 tsp minced garlic · [Broth] 1 tbsp spring onion, finely chopped · [Broth] 1½ tbsp neutral cooking oil · [Broth] 1 tsp chilli powder (gochugaru or similar) · [Broth] 1 tbsp miso paste · [Broth] 1 tbsp soy sauce · [Broth] 1 tsp sugar · [Broth] 1 tbsp mirin"
c61aa325-75b8-4ff7-9f54-3c0e3603a8de,Golden Coconut Chicken Curry,dinner,4,To Serve,2,0,Rice,Rice,720,bare → 180 g typical (rice) × 4 serves,large (~720g) main/base,estimated,,,,"[Curry] 3 tbsp coconut oil (sub veg or canola oil) · [Curry] 3 star anise · [Curry] 1 cinnamon stick · [Curry] 1 onion, finely diced · [Curry] 500g chicken thigh fillets, cut into small 1cm / 1/3"" slices (sub breast) · [Curry] 1 tsp garlic, finely grated · [Curry] 1 tsp ginger, finely grated · [Curry] 3 tsp turmeric, finely grated (sub 1 1/2 tsp powder) · [Curry] 2 cups chicken stock/broth, low sodium · [Curry] 400g coconut cream (sub coconut milk) · [Curry] 1 large head broccoli, florets cut small (can use stem too - peel & dice), or other veg (4 heaped cups) · [Curry] 1 cup coriander/cilantro leaves, lightly packed, plus extra for garnish · [Spice Mix] 1 1/2 tsp cooking/kosher salt · [Spice Mix] 1 1/2 tsp garam masala · [Spice Mix] 1 1/2 tsp coriander · [Spice Mix] 1/2 tsp cumin · [Spice Mix] 1/2 tsp fennel powder (sub more garam masala) · [To Serve] Rice · [To Serve] Crispy fried shallots (store bought)"
50583118-7c20-4d18-bdda-0f34d5581cd0,Healthy Orange & Cashew Chicken,dinner,2,To Serve,2,2,"cucumber and carrot, peeled into ribbons",cucumber and carrot,60,bare → 1 × 60 g (carrot),estimated default (~60g),estimated,,,,"[Sauce] juice of 1 large orange and 1 tsp zest · [Sauce] 1 tsp garlic granules · [Sauce] 1 small tsp ginger puree · [Sauce] 1 tsp toasted sesame oil · [Sauce] 4 tbsp light soy sauce · [Sauce] 2 tbsp rice vinegar · [Sauce] 2 tbsp tomato puree · [Chicken] 300g diced chicken breast, cut into chunks · [Chicken] 2 spring onions · [Chicken] 1 tbsp corn flour · [Chicken] 1 tsp garlic granules · [Chicken] small handful cashews · [To Serve] 250g precooked brown rice · [To Serve] ½ medium avocado, sliced · [To Serve] cucumber and carrot, peeled into ribbons"
181ba336-7b6e-4714-82ab-4e5834fe0ec3,High-Protein Big Mac Pasta Skillet,dinner,4,Optional Toppings,2,0,Shredded lettuce,Shredded lettuce,120,bare → 30 g typical (lettuce) × 4 serves,medium (~120g),estimated,,,,"[Pasta & Beef] 8oz Kaizen lowcarb protein pasta (or any protein pasta) · [Pasta & Beef] 1 lb lean ground beef · [Pasta & Beef] 1/2 large onion, diced · [Pasta & Beef] Salt & pepper · [Pasta & Beef] 1 tsp onion powder · [Pasta & Beef] 1 tsp garlic powder · [Pasta & Beef] 1/2 tsp smoked paprika · [Pasta & Beef] 1/2 cup shredded cheddar · [Pasta & Beef] 1/2 cup Greek yogurt · [Big Mac Sauce] 1/4 cup mayo · [Big Mac Sauce] 1 tbsp yellow mustard · [Big Mac Sauce] 2 tbsp sugar-free ketchup · [Big Mac Sauce] 2 tbsp diced pickles · [Big Mac Sauce] 1 tbsp white vinegar · [Big Mac Sauce] 1/2 tsp garlic powder · [Big Mac Sauce] 1/2 tsp onion powder · [Big Mac Sauce] 1/4 tsp smoked paprika · [Big Mac Sauce] Pinch of salt · [Optional Toppings] Shredded lettuce · [Optional Toppings] Diced tomato, onion, and pickles · [Optional Toppings] Sesame seeds"
181ba336-7b6e-4714-82ab-4e5834fe0ec3,High-Protein Big Mac Pasta Skillet,dinner,4,Optional Toppings,2,1,"Diced tomato, onion, and pickles",Diced tomato,120,bare → 1 × 120 g (tomato),medium (~120g),estimated,,,,"[Pasta & Beef] 8oz Kaizen lowcarb protein pasta (or any protein pasta) · [Pasta & Beef] 1 lb lean ground beef · [Pasta & Beef] 1/2 large onion, diced · [Pasta & Beef] Salt & pepper · [Pasta & Beef] 1 tsp onion powder · [Pasta & Beef] 1 tsp garlic powder · [Pasta & Beef] 1/2 tsp smoked paprika · [Pasta & Beef] 1/2 cup shredded cheddar · [Pasta & Beef] 1/2 cup Greek yogurt · [Big Mac Sauce] 1/4 cup mayo · [Big Mac Sauce] 1 tbsp yellow mustard · [Big Mac Sauce] 2 tbsp sugar-free ketchup · [Big Mac Sauce] 2 tbsp diced pickles · [Big Mac Sauce] 1 tbsp white vinegar · [Big Mac Sauce] 1/2 tsp garlic powder · [Big Mac Sauce] 1/2 tsp onion powder · [Big Mac Sauce] 1/4 tsp smoked paprika · [Big Mac Sauce] Pinch of salt · [Optional Toppings] Shredded lettuce · [Optional Toppings] Diced tomato, onion, and pickles · [Optional Toppings] Sesame seeds"
181ba336-7b6e-4714-82ab-4e5834fe0ec3,High-Protein Big Mac Pasta Skillet,dinner,4,Optional Toppings,2,2,Sesame seeds,Sesame seeds,40,bare → 10 g typical (seeds) × 4 serves,estimated default (~40g),estimated,,,,"[Pasta & Beef] 8oz Kaizen lowcarb protein pasta (or any protein pasta) · [Pasta & Beef] 1 lb lean ground beef · [Pasta & Beef] 1/2 large onion, diced · [Pasta & Beef] Salt & pepper · [Pasta & Beef] 1 tsp onion powder · [Pasta & Beef] 1 tsp garlic powder · [Pasta & Beef] 1/2 tsp smoked paprika · [Pasta & Beef] 1/2 cup shredded cheddar · [Pasta & Beef] 1/2 cup Greek yogurt · [Big Mac Sauce] 1/4 cup mayo · [Big Mac Sauce] 1 tbsp yellow mustard · [Big Mac Sauce] 2 tbsp sugar-free ketchup · [Big Mac Sauce] 2 tbsp diced pickles · [Big Mac Sauce] 1 tbsp white vinegar · [Big Mac Sauce] 1/2 tsp garlic powder · [Big Mac Sauce] 1/2 tsp onion powder · [Big Mac Sauce] 1/4 tsp smoked paprika · [Big Mac Sauce] Pinch of salt · [Optional Toppings] Shredded lettuce · [Optional Toppings] Diced tomato, onion, and pickles · [Optional Toppings] Sesame seeds"
ef1d615c-1913-4e87-8c87-7400661f02cc,Honey Sesame Salmon Bowl,dinner,2,Main,0,7,Sriracha + kewpie mayo (for sauce),Sriracha + kewpie mayo (for sauce),30,bare → 15 g typical (sriracha) × 2 serves,estimated default (~30g),estimated,,,,"[Main] 2 salmon fillets (cubed) · [Main] 1 tbsp sesame oil · [Main] 1 tbsp soy sauce · [Main] 1 tbsp honey · [Main] 1 tsp paprika · [Main] Steamed rice · [Main] Green onions for garnish · [Main] Sriracha + kewpie mayo (for sauce) · [Main] Optional: cucumber, avocado, edamame"
d5550452-8d4d-4289-80c5-7a7872a69c61,Miso Peanut Ramen Bowl,dinner,4,Toppings,2,1,Fresh coriander and/or spring onion,Fresh coriander and/or spring onion,15,bare → 1 × 15 g (spring onion),very small (~15g) — check it is not a portion,estimated,,,,"[Crispy Tofu] 1 block extra-firm tofu, pressed and grated on a box grater · [Crispy Tofu] 1 tbsp olive oil · [Crispy Tofu] 60ml (¼ cup) teriyaki sauce · [Crispy Tofu] 1 garlic clove, grated · [Miso Peanut Broth] 1 tbsp red curry paste · [Miso Peanut Broth] 1 tbsp white miso paste · [Miso Peanut Broth] 1–2 tbsp peanut butter · [Miso Peanut Broth] 2 tbsp reduced-sodium soy sauce · [Miso Peanut Broth] 1 tbsp brown sugar · [Miso Peanut Broth] 360ml (1½ cups) water + 1½ tsp bouillon (or 360ml stock) · [Miso Peanut Broth] 1 tin (400ml) full-fat coconut milk · [Miso Peanut Broth] 170g (6oz) dried ramen noodles (2 packets — use GF rice noodles) · [Toppings] Finely sliced cucumber · [Toppings] Fresh coriander and/or spring onion · [Toppings] Chilli crisp"
6958f36a-1eaa-4f25-aa98-5375ab1ff860,Miến Gà - Vietnamese Glass Noodle Chicken Soup,dinner,4,Garnish,3,0,"Spring onion greens, sliced",Spring onion greens,15,bare → 1 × 15 g (spring onion),plural name priced as 1 piece (15 g) — likely a portion,estimated,,,,"[Broth] 1kg chicken thighs, skin-on and bone-in · [Broth] 1 whole onion, peeled · [Broth] 5 spring onions, whites and greens separated · [Broth] 4 carrots, peeled · [Broth] 50g (large knob) fresh ginger, sliced and smashed · [Broth] 1 tbsp salt · [Broth] 2 tbsp chicken powder or bouillon · [Broth] 1 tbsp sugar · [Broth] 1 tsp turmeric powder · [Broth] 3 litres water · [Broth] Fish sauce, to taste (add at the end) · [Noodles] 200–300g glass vermicelli noodles, soaked in hot water 5–7 min, then drained · [Garlic Oil] ¾ bulb of garlic, cloves peeled · [Garlic Oil] 150–200ml neutral oil · [Garlic Oil] Pinch of sea salt · [Garnish] Spring onion greens, sliced · [Garnish] Fresh coriander · [Garnish] Crispy fried shallots · [Garnish] Garlic oil · [Garnish] Sliced carrots from the broth · [Garnish] Freshly cracked black pepper · [Garnish] Crispy chicken skin (optional)"
6958f36a-1eaa-4f25-aa98-5375ab1ff860,Miến Gà - Vietnamese Glass Noodle Chicken Soup,dinner,4,Garnish,3,4,Sliced carrots from the broth,Sliced carrots from the broth,60,bare → 1 × 60 g (carrot),plural name priced as 1 piece (60 g) — likely a portion,estimated,,,,"[Broth] 1kg chicken thighs, skin-on and bone-in · [Broth] 1 whole onion, peeled · [Broth] 5 spring onions, whites and greens separated · [Broth] 4 carrots, peeled · [Broth] 50g (large knob) fresh ginger, sliced and smashed · [Broth] 1 tbsp salt · [Broth] 2 tbsp chicken powder or bouillon · [Broth] 1 tbsp sugar · [Broth] 1 tsp turmeric powder · [Broth] 3 litres water · [Broth] Fish sauce, to taste (add at the end) · [Noodles] 200–300g glass vermicelli noodles, soaked in hot water 5–7 min, then drained · [Garlic Oil] ¾ bulb of garlic, cloves peeled · [Garlic Oil] 150–200ml neutral oil · [Garlic Oil] Pinch of sea salt · [Garnish] Spring onion greens, sliced · [Garnish] Fresh coriander · [Garnish] Crispy fried shallots · [Garnish] Garlic oil · [Garnish] Sliced carrots from the broth · [Garnish] Freshly cracked black pepper · [Garnish] Crispy chicken skin (optional)"
0195b252-ec38-4b8d-933e-82a3c81169d9,Phò Inspired Chicken Broth and Rice,dinner,2,Garnish,3,1,Bok choy,Bok choy,200,bare → 100 g typical (bok choy) × 2 serves,medium (~200g),estimated,,,,"[Broth] 6 star anise · [Broth] 5 cardamom pods · [Broth] 1 tsp coriander seeds · [Broth] 1 tsp cloves · [Broth] 1 cinnamon quill · [Broth] 1 white onion, roughly chopped · [Broth] 1 spring onion, roughly chopped · [Broth] 3 garlic cloves, roughly chopped · [Broth] 5 pieces fresh ginger, sliced · [Broth] 720ml (3 cups) chicken broth · [Broth] 1 tbsp fish sauce · [Broth] 1 tsp soy sauce (check GF) · [Broth] 1 bunch coriander roots · [Broth] 1 tbsp palm sugar or brown sugar · [Herb Rice] 1 tsp sesame oil · [Herb Rice] 2 garlic cloves, finely chopped · [Herb Rice] 2cm fresh ginger, grated · [Herb Rice] 2 tbsp fresh coriander, finely chopped · [Herb Rice] 2 tbsp fresh mint, finely chopped · [Herb Rice] ½ cup (90g) jasmine rice, washed · [Herb Rice] 1 slice lemon · [Herb Rice] 1 cup (240ml) water · [Miso Glazed Chicken] 1 chicken breast, cut in half · [Miso Glazed Chicken] ¼ cup (60ml) hoisin sauce (check GF) · [Miso Glazed Chicken] 1 tsp miso paste · [Miso Glazed Chicken] 1 tbsp honey · [Miso Glazed Chicken] 1 tbsp fish sauce · [Miso Glazed Chicken] 1 tsp gochujang · [Miso Glazed Chicken] Good crack of black pepper · [Garnish] 2 spring onions · [Garnish] Bok choy · [Garnish] Black sesame seeds · [Garnish] Fried shallots (check GF) · [Garnish] Fresh coriander"
0195b252-ec38-4b8d-933e-82a3c81169d9,Phò Inspired Chicken Broth and Rice,dinner,2,Garnish,3,2,Black sesame seeds,Black sesame seeds,20,bare → 10 g typical (seeds) × 2 serves,estimated default (~20g),estimated,,,,"[Broth] 6 star anise · [Broth] 5 cardamom pods · [Broth] 1 tsp coriander seeds · [Broth] 1 tsp cloves · [Broth] 1 cinnamon quill · [Broth] 1 white onion, roughly chopped · [Broth] 1 spring onion, roughly chopped · [Broth] 3 garlic cloves, roughly chopped · [Broth] 5 pieces fresh ginger, sliced · [Broth] 720ml (3 cups) chicken broth · [Broth] 1 tbsp fish sauce · [Broth] 1 tsp soy sauce (check GF) · [Broth] 1 bunch coriander roots · [Broth] 1 tbsp palm sugar or brown sugar · [Herb Rice] 1 tsp sesame oil · [Herb Rice] 2 garlic cloves, finely chopped · [Herb Rice] 2cm fresh ginger, grated · [Herb Rice] 2 tbsp fresh coriander, finely chopped · [Herb Rice] 2 tbsp fresh mint, finely chopped · [Herb Rice] ½ cup (90g) jasmine rice, washed · [Herb Rice] 1 slice lemon · [Herb Rice] 1 cup (240ml) water · [Miso Glazed Chicken] 1 chicken breast, cut in half · [Miso Glazed Chicken] ¼ cup (60ml) hoisin sauce (check GF) · [Miso Glazed Chicken] 1 tsp miso paste · [Miso Glazed Chicken] 1 tbsp honey · [Miso Glazed Chicken] 1 tbsp fish sauce · [Miso Glazed Chicken] 1 tsp gochujang · [Miso Glazed Chicken] Good crack of black pepper · [Garnish] 2 spring onions · [Garnish] Bok choy · [Garnish] Black sesame seeds · [Garnish] Fried shallots (check GF) · [Garnish] Fresh coriander"
5ca18527-5d6b-45e9-905b-4f3f19220b0a,Salmon Crispy Rice Paper Bites,dinner,3,Main,0,7,Carrot,Carrot,60,bare → 1 × 60 g (carrot),estimated default (~60g),estimated,,,,"[Main] 2 salmon fillets, cut into cubes · [Main] 6 rice paper sheets · [Main] 2 tbsp soy sauce or coconut aminos · [Main] 1 tbsp honey · [Main] 1 tbsp lime juice · [Main] 1/4 tsp garlic powder · [Main] Cucumber · [Main] Carrot · [Main] Sesame seeds · [Main] Green onions"
5ca18527-5d6b-45e9-905b-4f3f19220b0a,Salmon Crispy Rice Paper Bites,dinner,3,Main,0,8,Sesame seeds,Sesame seeds,30,bare → 10 g typical (seeds) × 3 serves,estimated default (~30g),estimated,,,,"[Main] 2 salmon fillets, cut into cubes · [Main] 6 rice paper sheets · [Main] 2 tbsp soy sauce or coconut aminos · [Main] 1 tbsp honey · [Main] 1 tbsp lime juice · [Main] 1/4 tsp garlic powder · [Main] Cucumber · [Main] Carrot · [Main] Sesame seeds · [Main] Green onions"
5ca18527-5d6b-45e9-905b-4f3f19220b0a,Salmon Crispy Rice Paper Bites,dinner,3,Main,0,9,Green onions,Green onions,15,bare → 1 × 15 g (green onion),plural name priced as 1 piece (15 g) — likely a portion,estimated,,,,"[Main] 2 salmon fillets, cut into cubes · [Main] 6 rice paper sheets · [Main] 2 tbsp soy sauce or coconut aminos · [Main] 1 tbsp honey · [Main] 1 tbsp lime juice · [Main] 1/4 tsp garlic powder · [Main] Cucumber · [Main] Carrot · [Main] Sesame seeds · [Main] Green onions"
7da7380e-f05e-4288-852e-c5d8459b7b1f,Seared Miso Tuna Crispy Rice Bowl,dinner,2,Miso Tuna,3,6,Sesame seeds to coat,Sesame seeds to coat,20,bare → 10 g typical (seeds) × 2 serves,estimated default (~20g),estimated,,,,[Crispy Rice] 250g leftover rice · [Crispy Rice] Neutral oil for frying · [Smacked Cucumber Salad] 1 cucumber · [Smacked Cucumber Salad] Handful edamame · [Smacked Cucumber Salad] Handful mangetout · [Smacked Cucumber Salad] Handful peas · [Smacked Cucumber Salad] Handful tenderstem broccoli · [Smacked Cucumber Salad] 3 spring onions · [Salad Dressing] 1 garlic clove · [Salad Dressing] Juice of 1/2 lemon · [Salad Dressing] 2 tsp rice vinegar · [Salad Dressing] 1 tbsp soy sauce · [Salad Dressing] 1 tbsp sesame oil · [Salad Dressing] 1-2 tbsp gochugaru flakes · [Salad Dressing] Pinch sugar · [Salad Dressing] Pinch MSG · [Salad Dressing] 3 tbsp sesame seeds · [Miso Tuna] 2 tuna steaks · [Miso Tuna] 1 tbsp white miso · [Miso Tuna] 1 tbsp sesame oil · [Miso Tuna] 1 tbsp rice wine vinegar · [Miso Tuna] Pinch sugar · [Miso Tuna] 1 tsp soy sauce · [Miso Tuna] Sesame seeds to coat
7dfcf1c8-0004-4c41-8619-78548b909e80,Smoky Caramelised Red Pepper Orzo,dinner,2,Optional Garlic Prawns,1,2,Olive oil,Olive oil,28,bare → 14 g typical (olive oil) × 2 serves,estimated default (~28g),estimated,,,,"[Main] 1 red pepper, sliced into strips · [Main] 1 large banana shallot, finely sliced · [Main] 2 garlic cloves, minced · [Main] 1 tsp honey · [Main] 1 heaped tsp sweet smoked paprika · [Main] 200g cherry tomatoes, whole · [Main] 1 chicken stock cube · [Main] 1 tbsp sundried tomato purée · [Main] 150g orzo · [Main] Fresh chives · [Main] Lemon · [Optional Garlic Prawns] 200g raw prawns · [Optional Garlic Prawns] 1 tsp garlic granules · [Optional Garlic Prawns] Olive oil · [Optional Garlic Prawns] Salt, pepper and lemon · [To Serve] Feta · [To Serve] More chives"
7dfcf1c8-0004-4c41-8619-78548b909e80,Smoky Caramelised Red Pepper Orzo,dinner,2,To Serve,2,0,Feta,Feta,60,bare → 30 g typical (feta) × 2 serves,estimated default (~60g),estimated,,,,"[Main] 1 red pepper, sliced into strips · [Main] 1 large banana shallot, finely sliced · [Main] 2 garlic cloves, minced · [Main] 1 tsp honey · [Main] 1 heaped tsp sweet smoked paprika · [Main] 200g cherry tomatoes, whole · [Main] 1 chicken stock cube · [Main] 1 tbsp sundried tomato purée · [Main] 150g orzo · [Main] Fresh chives · [Main] Lemon · [Optional Garlic Prawns] 200g raw prawns · [Optional Garlic Prawns] 1 tsp garlic granules · [Optional Garlic Prawns] Olive oil · [Optional Garlic Prawns] Salt, pepper and lemon · [To Serve] Feta · [To Serve] More chives"
ef770070-6513-47a5-8a8d-3b145c1b72c5,Smoky Chicken Tacos with Roasted Corn Salsa,dinner,4,To Serve,2,1,shredded cheese,shredded cheese,160,bare → 40 g typical (cheese) × 4 serves,medium (~160g),estimated,,,,"[Chicken] 1.5 lbs boneless skinless chicken thighs · [Chicken] 1 tbsp olive oil · [Chicken] juice of 1 large lime · [Chicken] 2 tsp smoked paprika · [Chicken] ½ tsp cayenne · [Chicken] 2 tsp chipotle powder · [Chicken] ½ tsp cumin · [Chicken] 2 tsp garlic powder · [Chicken] salt & pepper · [Roasted Corn Salsa] 2 cups roasted corn (canned works too) · [Roasted Corn Salsa] 1 diced avocado · [Roasted Corn Salsa] large handful chopped cilantro · [Roasted Corn Salsa] juice of 1 large lime · [Roasted Corn Salsa] ¼ cup finely diced red onion · [Roasted Corn Salsa] salt to taste · [To Serve] low-carb tortillas · [To Serve] shredded cheese · [To Serve] jalapeños, avocado, hot sauce, lime"
ef770070-6513-47a5-8a8d-3b145c1b72c5,Smoky Chicken Tacos with Roasted Corn Salsa,dinner,4,To Serve,2,2,"jalapeños, avocado, hot sauce, lime",jalapeños,15,bare → 1 × 15 g (jalapeño),plural name priced as 1 piece (15 g) — likely a portion,estimated,,,,"[Chicken] 1.5 lbs boneless skinless chicken thighs · [Chicken] 1 tbsp olive oil · [Chicken] juice of 1 large lime · [Chicken] 2 tsp smoked paprika · [Chicken] ½ tsp cayenne · [Chicken] 2 tsp chipotle powder · [Chicken] ½ tsp cumin · [Chicken] 2 tsp garlic powder · [Chicken] salt & pepper · [Roasted Corn Salsa] 2 cups roasted corn (canned works too) · [Roasted Corn Salsa] 1 diced avocado · [Roasted Corn Salsa] large handful chopped cilantro · [Roasted Corn Salsa] juice of 1 large lime · [Roasted Corn Salsa] ¼ cup finely diced red onion · [Roasted Corn Salsa] salt to taste · [To Serve] low-carb tortillas · [To Serve] shredded cheese · [To Serve] jalapeños, avocado, hot sauce, lime"
2c7544ed-7a25-4bbf-9cfb-43998f7d0377,"Sticky Chicken, Gochujang & Coconut Broth on Sticky Rice",dinner,2,Garnish,2,0,"bok choy, sliced lengthways",bok choy,200,bare → 100 g typical (bok choy) × 2 serves,medium (~200g),estimated,,,,"[Broth] 1 red onion · [Broth] 2 cloves garlic · [Broth] 20g ginger · [Broth] 2 tbsp gochujang · [Broth] 1.5 tbsp honey · [Broth] 500ml stock · [Broth] 1 tin coconut milk · [Broth] 2 tsp fish sauce · [Chicken] 2 chicken breasts · [Chicken] 2 tbsp soy sauce · [Chicken] 2 tbsp honey · [Chicken] 1 tsp chilli crunch oil · [Garnish] bok choy, sliced lengthways · [Garnish] spring onion, finely sliced · [Garnish] crispy onions · [Garnish] chilli oil · [Garnish] lime · [Garnish] sesame seeds · [Garnish] sticky rice (to serve)"
2c7544ed-7a25-4bbf-9cfb-43998f7d0377,"Sticky Chicken, Gochujang & Coconut Broth on Sticky Rice",dinner,2,Garnish,2,1,"spring onion, finely sliced",spring onion,15,bare → 1 × 15 g (spring onion),very small (~15g) — check it is not a portion,estimated,,,,"[Broth] 1 red onion · [Broth] 2 cloves garlic · [Broth] 20g ginger · [Broth] 2 tbsp gochujang · [Broth] 1.5 tbsp honey · [Broth] 500ml stock · [Broth] 1 tin coconut milk · [Broth] 2 tsp fish sauce · [Chicken] 2 chicken breasts · [Chicken] 2 tbsp soy sauce · [Chicken] 2 tbsp honey · [Chicken] 1 tsp chilli crunch oil · [Garnish] bok choy, sliced lengthways · [Garnish] spring onion, finely sliced · [Garnish] crispy onions · [Garnish] chilli oil · [Garnish] lime · [Garnish] sesame seeds · [Garnish] sticky rice (to serve)"
2c7544ed-7a25-4bbf-9cfb-43998f7d0377,"Sticky Chicken, Gochujang & Coconut Broth on Sticky Rice",dinner,2,Garnish,2,5,sesame seeds,sesame seeds,20,bare → 10 g typical (seeds) × 2 serves,estimated default (~20g),estimated,,,,"[Broth] 1 red onion · [Broth] 2 cloves garlic · [Broth] 20g ginger · [Broth] 2 tbsp gochujang · [Broth] 1.5 tbsp honey · [Broth] 500ml stock · [Broth] 1 tin coconut milk · [Broth] 2 tsp fish sauce · [Chicken] 2 chicken breasts · [Chicken] 2 tbsp soy sauce · [Chicken] 2 tbsp honey · [Chicken] 1 tsp chilli crunch oil · [Garnish] bok choy, sliced lengthways · [Garnish] spring onion, finely sliced · [Garnish] crispy onions · [Garnish] chilli oil · [Garnish] lime · [Garnish] sesame seeds · [Garnish] sticky rice (to serve)"
72847f83-1cfc-4c67-a3bd-3c3e9dfa9792,Sweet Potato Beef Taco Bowl,dinner,4,Bowl,0,6,Chilli flakes (if using regular honey),Chilli flakes (if using regular honey),15,bare → 1 × 15 g (chilli),plural name priced as 1 piece (15 g) — likely a portion,estimated,,,,[Bowl] 500g lean beef mince · [Bowl] 1 packet taco seasoning · [Bowl] 2 medium sweet potatoes · [Bowl] 2 cups cottage cheese · [Bowl] 1 avocado · [Bowl] 1-2 tbsp honey or hot honey or Nando's Perinaise · [Bowl] Chilli flakes (if using regular honey) · [Bowl] Olive oil
72847f83-1cfc-4c67-a3bd-3c3e9dfa9792,Sweet Potato Beef Taco Bowl,dinner,4,Bowl,0,7,Olive oil,Olive oil,56,bare → 14 g typical (olive oil) × 4 serves,estimated default (~56g),estimated,,,,[Bowl] 500g lean beef mince · [Bowl] 1 packet taco seasoning · [Bowl] 2 medium sweet potatoes · [Bowl] 2 cups cottage cheese · [Bowl] 1 avocado · [Bowl] 1-2 tbsp honey or hot honey or Nando's Perinaise · [Bowl] Chilli flakes (if using regular honey) · [Bowl] Olive oil
dc4e67d8-22c4-45ef-a55a-cda2d7534e5f,Thai Chicken Noodle Soup,dinner,4,Garnish,1,1,sesame seeds,sesame seeds,40,bare → 10 g typical (seeds) × 4 serves,estimated default (~40g),estimated,,,,"[Soup] 2 large banana shallots · [Soup] 2 cloves garlic · [Soup] 30g fresh ginger · [Soup] 1 red chilli, seeds removed · [Soup] 2 tbsp red curry paste · [Soup] 2 large carrots · [Soup] 2 stock cubes · [Soup] 2 litres water · [Soup] 2 chicken breasts · [Soup] 120g egg noodles (two nests) · [Soup] 200g Pak Choi · [Soup] 1 tin bamboo shoots · [Soup] 1 tin water chestnuts · [Soup] 1 tbsp soy sauce · [Soup] 1 tbsp fish sauce · [Soup] 1 tbsp honey · [Soup] half lime, juice only · [Garnish] fresh coriander · [Garnish] sesame seeds · [Garnish] chilli oil"
f600107c-21f7-4ded-8f8b-514920c0b81d,Thai Style Chicken Satay,dinner,3,For Serving,2,1,"quick pickled ribbons of cucumber and carrot (rice vinegar, maple syrup, salt)",quick pickled ribbons of cucumber and carrot (rice vinegar,60,bare → 1 × 60 g (carrot),plural name priced as 1 piece (60 g) — likely a portion,estimated,,,,"[Chicken] 600g skinless boneless chicken thighs, cut into bite-sized pieces · [Chicken] 2 tsp Thai red curry paste · [Chicken] 1 tsp curry powder · [Chicken] a drizzle of oil · [Chicken] salt · [Satay Sauce] 2 tbsp peanut butter · [Satay Sauce] 1 tbsp Thai red curry paste · [Satay Sauce] 1 tbsp soy sauce · [Satay Sauce] 1 tbsp maple syrup · [Satay Sauce] 200ml coconut milk · [Satay Sauce] 1 tsp fish sauce (optional) · [Satay Sauce] juice of ½ lime · [For Serving] sticky rice · [For Serving] quick pickled ribbons of cucumber and carrot (rice vinegar, maple syrup, salt) · [For Serving] spring onion · [For Serving] red chilli"
f600107c-21f7-4ded-8f8b-514920c0b81d,Thai Style Chicken Satay,dinner,3,For Serving,2,2,spring onion,spring onion,15,bare → 1 × 15 g (spring onion),very small (~15g) — check it is not a portion,estimated,,,,"[Chicken] 600g skinless boneless chicken thighs, cut into bite-sized pieces · [Chicken] 2 tsp Thai red curry paste · [Chicken] 1 tsp curry powder · [Chicken] a drizzle of oil · [Chicken] salt · [Satay Sauce] 2 tbsp peanut butter · [Satay Sauce] 1 tbsp Thai red curry paste · [Satay Sauce] 1 tbsp soy sauce · [Satay Sauce] 1 tbsp maple syrup · [Satay Sauce] 200ml coconut milk · [Satay Sauce] 1 tsp fish sauce (optional) · [Satay Sauce] juice of ½ lime · [For Serving] sticky rice · [For Serving] quick pickled ribbons of cucumber and carrot (rice vinegar, maple syrup, salt) · [For Serving] spring onion · [For Serving] red chilli"
68f02130-74c9-433d-bb93-a871a7d39dde,Tuna Gnocchi Bake,dinner,3,Main,0,11,Grated parmesan,Grated parmesan,60,bare → 20 g typical (parmesan) × 3 serves,estimated default (~60g),estimated,,,,"[Main] 1/2 red onion, finely diced · [Main] 2 garlic cloves, finely chopped · [Main] 4 sun-dried tomatoes, finely chopped · [Main] 2 roasted red peppers (jarred), chopped · [Main] 1 tsp dried oregano · [Main] 1 tbsp harissa · [Main] 1 tbsp tomato purée · [Main] Handful of olives, halved · [Main] 2 tins tuna · [Main] 400g passata · [Main] 500g gnocchi · [Main] Grated parmesan"
3f719bee-09d6-4de9-be72-a50e8ad3266c,Turkey Taco Scramble,dinner,4,To Serve,4,1,Salsa,Salsa,120,bare → 30 g typical (salsa) × 4 serves,medium (~120g),estimated,,,,"[Eggs] 8 large eggs, beaten · [Eggs] ¼ tsp adobo seasoning salt · [Eggs] ½ cup reduced fat Mexican blend shredded cheese (omit or sub DF cheese to keep DF) · [Turkey Taco Meat] 450g (1 lb) 99% lean ground turkey · [Turkey Taco Meat] 2 tbsp taco seasoning (check GF) · [Turkey Taco Meat] ½ small onion, minced · [Turkey Taco Meat] 2 tbsp bell pepper, minced · [Turkey Taco Meat] 115g (4oz) tin tomato sauce · [Turkey Taco Meat] ¼ cup water · [Potatoes] 450g sweet potato, quartered · [Potatoes] 4 tsp olive oil · [Potatoes] ¾ tsp salt · [Potatoes] ½ tsp garlic powder · [Potatoes] Fresh black pepper · [Homemade Taco Seasoning] 1 tsp garlic powder · [Homemade Taco Seasoning] 1 tsp cumin · [Homemade Taco Seasoning] 1 tsp kosher salt · [Homemade Taco Seasoning] 1 tsp chilli powder · [Homemade Taco Seasoning] 1 tsp paprika · [Homemade Taco Seasoning] ½ tsp oregano · [To Serve] ¼ cup chopped scallions or coriander · [To Serve] Salsa · [To Serve] Avocado · [To Serve] Yoghurt / sour cream · [To Serve] Pickled onions · [To Serve] Pickled jalapeno"
1f07d13d-0649-40fb-9e86-cb636a1c5cf5,Viral Chuck Roast,dinner,6,Optional Sides,1,0,"Carrots and potatoes, tossed in olive oil, salt, and pepper — roast at 425°F for 45 mins",Carrots and potatoes,60,bare → 1 × 60 g (carrot),plural name priced as 1 piece (60 g) — likely a portion,estimated,,,,"[Roast] 1 boneless beef chuck roast (about 4 lbs) · [Roast] Salt and pepper, to season generously · [Optional Sides] Carrots and potatoes, tossed in olive oil, salt, and pepper — roast at 425°F for 45 mins"
58104137-48ac-40d8-8ddf-477bc7f1b0ad,Yoghurt Harissa Chicken with Smokey Rice,dinner,2,To Finish,2,2,pomegranate seeds,pomegranate seeds,20,bare → 10 g typical (seeds) × 2 serves,estimated default (~20g),estimated,,,,"[Yoghurt Harissa Chicken] 2 chicken breasts · [Yoghurt Harissa Chicken] 100g full fat Greek yoghurt · [Yoghurt Harissa Chicken] 1 tbsp harissa paste · [Yoghurt Harissa Chicken] 1 large garlic clove, minced · [Yoghurt Harissa Chicken] juice of 1 lemon · [Yoghurt Harissa Chicken] 1 tsp salt · [Yoghurt Harissa Chicken] 1/2 tsp black pepper · [Yoghurt Harissa Chicken] 2 tsp honey · [Smokey Rice] 250g pack precooked brown rice · [Smokey Rice] 1 red onion, finely chopped · [Smokey Rice] 1 red pepper, sliced · [Smokey Rice] 1 yellow pepper, sliced · [Smokey Rice] 2 garlic cloves, minced · [Smokey Rice] 1 tbsp harissa paste · [Smokey Rice] 1 tsp smoked paprika · [Smokey Rice] 1 tbsp tomato puree · [Smokey Rice] large handful cherry tomatoes, halved · [To Finish] 50g feta cheese, crumbled · [To Finish] fresh parsley, chopped · [To Finish] pomegranate seeds · [To Finish] yoghurt"
dfa89be8-b150-40ad-a50c-5d507466afbe,Zesty + Spicy Chicken Fusion Bowl,dinner,4,To Serve,4,2,sesame seeds,sesame seeds,40,bare → 10 g typical (seeds) × 4 serves,estimated default (~40g),estimated,,,,"[Chicken Marinade] 2 lb chicken thighs · [Chicken Marinade] 1 tbsp avocado or olive oil · [Chicken Marinade] 2 tbsp soy sauce · [Chicken Marinade] 2 tbsp rice vinegar · [Chicken Marinade] 2 generous pinches salt & pepper · [Chicken Marinade] 1 tbsp five spice · [Chicken Marinade] 1 tbsp garlic powder · [Chicken Marinade] 1 tbsp onion powder · [Chicken Marinade] 1 tbsp chipotle powder · [Chicken Marinade] 1/2 tsp cayenne powder · [Express Pickled Onions] 1 red onion, thinly sliced · [Express Pickled Onions] juice of 2 limes · [Express Pickled Onions] pinch of salt · [Express Pickled Onions] 1 tbsp chile lime seasoning · [Slaw] 1/2 small purple cabbage, shredded · [Slaw] 3 carrots, shredded · [Slaw] 3 Persian cucumbers, thinly sliced · [Slaw] large handful fresh cilantro · [Slaw] 2 scallions, diced · [Slaw Sauce] 5 tbsp mayo · [Slaw Sauce] 1.5 tbsp sriracha · [Slaw Sauce] 1 tbsp soy sauce · [Slaw Sauce] 1 tbsp rice vinegar · [Slaw Sauce] 1 tsp honey or powdered monkfruit · [Slaw Sauce] 1 tsp minced garlic · [Slaw Sauce] juice of 1 lime · [To Serve] Kaizen rice (or regular rice, quinoa, or cauli rice) · [To Serve] fresh cilantro · [To Serve] sesame seeds · [To Serve] avocado"
d1ab3cbc-7d0b-4928-a7b5-9e8a77674ef1,Chicken and Bacon Caesar Pasta Salad,lunch,2,Main,0,3,Lettuce,Lettuce,60,bare → 30 g typical (lettuce) × 2 serves,estimated default (~60g),estimated,,,,"[Main] 100g dry pasta · [Main] 250g chicken breast, seasoned with garlic, paprika, herbs and lemon juice · [Main] 4 light smoked turkey bacon rashers · [Main] Lettuce · [Dressing] 200g 0% fat Greek yoghurt · [Dressing] 40g parmesan · [Dressing] 1/2 tsp garlic paste · [Dressing] 4 anchovies · [Dressing] 1 tsp black pepper · [Dressing] 1/2 lemon, juiced · [Dressing] Splash of Worcestershire sauce"
c6f50e3d-b0dc-4de6-baeb-68563c658eab,Crispy Rice Tuna Salad,lunch,2,Toppings,2,4,Green onion,Green onion,15,bare → 1 × 15 g (green onion),very small (~15g) — check it is not a portion,estimated,,,,"[Crispy Rice] 2 cups jasmine rice, cooked and cooled · [Crispy Rice] Sriracha to taste · [Crispy Rice] 3 tsp soy sauce · [Crispy Rice] 1 tbsp sesame oil · [Tuna Salad] 1 can tuna · [Tuna Salad] Mayo and/or Greek yogurt · [Tuna Salad] Smoked paprika · [Tuna Salad] Pinch of sugar · [Tuna Salad] Salt and sriracha · [Toppings] ½ avocado · [Toppings] 1 mini cucumber · [Toppings] Everything bagel seasoning · [Toppings] Sriracha · [Toppings] Green onion"
e2721eaf-a656-45a6-a666-055cef140fa1,Crispy Tempeh Rice and Cucumber Salad,lunch,2,Garnish,2,0,Extra peanuts,Extra peanuts,60,bare → 30 g typical (peanut) × 2 serves,estimated default (~60g),estimated,,,,[Salad] 200g tempeh · [Salad] 250g cooked jasmine rice (cold) · [Salad] 1 tbsp light soy sauce · [Salad] 1 tbsp maple syrup · [Salad] 1 tbsp sesame oil · [Salad] 1 cucumber · [Salad] 1 red chilli · [Salad] Handful of mint & coriander · [Salad] 50g roasted peanuts · [Dressing] 4 tbsp plant-based mayo · [Dressing] 1 tbsp soy sauce · [Dressing] Juice of 1 lime · [Dressing] 1 tbsp maple syrup · [Dressing] 2 tsp chilli crisp · [Garnish] Extra peanuts · [Garnish] More fresh herbs · [Garnish] Lime wedges
8266187c-9c0d-4d56-98f5-14c45a213a15,Greek Chicken Gyros Protein Filling,lunch,2,To Serve,1,1,Lettuce leaves,Lettuce leaves,60,bare → 30 g typical (lettuce) × 2 serves,estimated default (~60g),estimated,,,,"[Main] 160g shredded roast chicken breast (or thigh) · [Main] 2 heaped tbsp full-fat Greek yoghurt (sub soya yoghurt to keep DF) · [Main] ½ red onion, finely diced · [Main] 2 medium tomatoes, deseeded and diced · [Main] ½ cucumber, deseeded and grated · [Main] ½ tsp dried oregano · [Main] ½ tsp smoked paprika · [Main] 1 tsp garlic granules · [Main] 1 tsp honey · [Main] Zest of 1 lemon · [Main] 1 tbsp fresh dill, chopped · [Main] Red wine vinegar, to taste · [Main] Black pepper, to taste · [To Serve] Warm flatbreads or GF wraps · [To Serve] Lettuce leaves · [To Serve] Tomato slices · [To Serve] Fries (optional)"
8266187c-9c0d-4d56-98f5-14c45a213a15,Greek Chicken Gyros Protein Filling,lunch,2,To Serve,1,2,Tomato slices,Tomato slices,120,bare → 1 × 120 g (tomato),plural name priced as 1 piece (120 g) — likely a portion,estimated,,,,"[Main] 160g shredded roast chicken breast (or thigh) · [Main] 2 heaped tbsp full-fat Greek yoghurt (sub soya yoghurt to keep DF) · [Main] ½ red onion, finely diced · [Main] 2 medium tomatoes, deseeded and diced · [Main] ½ cucumber, deseeded and grated · [Main] ½ tsp dried oregano · [Main] ½ tsp smoked paprika · [Main] 1 tsp garlic granules · [Main] 1 tsp honey · [Main] Zest of 1 lemon · [Main] 1 tbsp fresh dill, chopped · [Main] Red wine vinegar, to taste · [Main] Black pepper, to taste · [To Serve] Warm flatbreads or GF wraps · [To Serve] Lettuce leaves · [To Serve] Tomato slices · [To Serve] Fries (optional)"
c86c8a0a-6b08-4a31-8d52-691a3434babf,Kimchi Bibimmyeon,lunch,2,Noodles & Topping,1,1,Half a soft-boiled egg,Half a soft-boiled egg,50,bare → 1 × 50 g (egg),estimated default (~50g),estimated,,,,"[Sauce] Just under 1/2 cup kimchi, chopped · [Sauce] 1-2 tbsp kimchi juice · [Sauce] 1/2 tbsp rice vinegar · [Sauce] 1 tsp soy sauce · [Sauce] 1 tsp oyster sauce · [Sauce] 1.5 tbsp gochujang · [Sauce] 1 tbsp gochugaru · [Sauce] 1/2 tbsp sugar · [Sauce] 1 garlic clove, minced · [Sauce] 1 tbsp sesame oil · [Sauce] 1/2 tsp shin ramyun packet seasoning (optional) · [Sauce] 1/2 tsp MSG · [Noodles & Topping] Shin ramyun noodles · [Noodles & Topping] Half a soft-boiled egg · [Noodles & Topping] Julienne cucumber · [Noodles & Topping] Sesame seeds · [Noodles & Topping] Sesame oil"
c86c8a0a-6b08-4a31-8d52-691a3434babf,Kimchi Bibimmyeon,lunch,2,Noodles & Topping,1,3,Sesame seeds,Sesame seeds,20,bare → 10 g typical (seeds) × 2 serves,estimated default (~20g),estimated,,,,"[Sauce] Just under 1/2 cup kimchi, chopped · [Sauce] 1-2 tbsp kimchi juice · [Sauce] 1/2 tbsp rice vinegar · [Sauce] 1 tsp soy sauce · [Sauce] 1 tsp oyster sauce · [Sauce] 1.5 tbsp gochujang · [Sauce] 1 tbsp gochugaru · [Sauce] 1/2 tbsp sugar · [Sauce] 1 garlic clove, minced · [Sauce] 1 tbsp sesame oil · [Sauce] 1/2 tsp shin ramyun packet seasoning (optional) · [Sauce] 1/2 tsp MSG · [Noodles & Topping] Shin ramyun noodles · [Noodles & Topping] Half a soft-boiled egg · [Noodles & Topping] Julienne cucumber · [Noodles & Topping] Sesame seeds · [Noodles & Topping] Sesame oil"
1f2fb1c7-a20a-4579-ae09-d9b845765595,Peanut Tofu Salad Jars,lunch,4,Salad,1,2,Shredded carrots,Shredded carrots,60,bare → 1 × 60 g (carrot),plural name priced as 1 piece (60 g) — likely a portion,estimated,,,,[Tofu] 1 x 16oz block extra firm tofu · [Tofu] 2 tbsp coconut aminos · [Tofu] 1 tbsp soy sauce · [Tofu] 1 tsp garlic powder · [Tofu] 1 tsp onion powder · [Salad] Cooked quinoa (frozen microwave quinoa works well) · [Salad] 1 cucumber · [Salad] Shredded carrots · [Salad] Shredded purple cabbage · [Salad] 3 green onions · [Salad] 1¼ cups edamame (frozen works well) · [Peanut Dressing] 1/3 cup powdered peanut butter · [Peanut Dressing] 3 tbsp coconut aminos · [Peanut Dressing] 2 tsp lime juice · [Peanut Dressing] 1 tbsp maple syrup · [Peanut Dressing] 2 tsp sriracha · [Peanut Dressing] 1 tsp garlic powder · [Peanut Dressing] 1/2 tsp onion powder · [Peanut Dressing] 3 tbsp warm water (add more 1 tbsp at a time if too thick)
1f2fb1c7-a20a-4579-ae09-d9b845765595,Peanut Tofu Salad Jars,lunch,4,Salad,1,3,Shredded purple cabbage,Shredded purple cabbage,900,bare → 1 × 900 g (cabbage),large (~900g) main/base,estimated,,,,[Tofu] 1 x 16oz block extra firm tofu · [Tofu] 2 tbsp coconut aminos · [Tofu] 1 tbsp soy sauce · [Tofu] 1 tsp garlic powder · [Tofu] 1 tsp onion powder · [Salad] Cooked quinoa (frozen microwave quinoa works well) · [Salad] 1 cucumber · [Salad] Shredded carrots · [Salad] Shredded purple cabbage · [Salad] 3 green onions · [Salad] 1¼ cups edamame (frozen works well) · [Peanut Dressing] 1/3 cup powdered peanut butter · [Peanut Dressing] 3 tbsp coconut aminos · [Peanut Dressing] 2 tsp lime juice · [Peanut Dressing] 1 tbsp maple syrup · [Peanut Dressing] 2 tsp sriracha · [Peanut Dressing] 1 tsp garlic powder · [Peanut Dressing] 1/2 tsp onion powder · [Peanut Dressing] 3 tbsp warm water (add more 1 tbsp at a time if too thick)
199a8e55-dcbd-4356-a692-ab0e730b851e,Roast Chicken Rice Salad,lunch,2,Dressing,0,7,olive oil (to blend),olive oil (to blend),28,bare → 14 g typical (olive oil) × 2 serves,estimated default (~28g),estimated,,,,"[Dressing] 1 tablespoon pickled jalapeños · [Dressing] 1 tbsp nutritional yeast · [Dressing] 1 garlic clove · [Dressing] ½ avocado · [Dressing] 1 tbsp Greek yoghurt · [Dressing] ½ lemon, juiced · [Dressing] salt & pepper · [Dressing] olive oil (to blend) · [Salad] 200g leftover rice · [Salad] 250g sweetcorn · [Salad] 200g shredded chicken · [Salad] 1 head of romaine · [Salad] 3 salad tomatoes · [Salad] pickled onions and lime to garnish"
326278cf-28f6-4f03-bb84-4a26babd9f49,Roast Chicken and Charred Corn Rice Salad,lunch,2,Avocado Dressing,1,7,"Olive oil, to thin",Olive oil,28,bare → 14 g typical (olive oil) × 2 serves,estimated default (~28g),estimated,,,,"[Salad] 200g leftover cooked rice · [Salad] 250g sweetcorn (tinned, drained) · [Salad] 200g shredded cooked chicken · [Salad] 1 head romaine lettuce · [Salad] 3 salad tomatoes, roughly chopped · [Salad] Pickled red onions, to garnish · [Salad] Lime wedges, to garnish · [Avocado Dressing] 1 tbsp pickled jalapeños · [Avocado Dressing] 1 tbsp nutritional yeast · [Avocado Dressing] 1 garlic clove · [Avocado Dressing] ½ avocado (~75g) · [Avocado Dressing] 1 tbsp Greek yoghurt (sub soya yoghurt to keep DF) · [Avocado Dressing] Juice of ½ lemon · [Avocado Dressing] Salt and pepper · [Avocado Dressing] Olive oil, to thin"
f69c8a94-2b76-4371-893b-92f4ef797efb,Smashed Broccoli Salad with Greek Yogurt Dressing,lunch,4,Smashed Broccoli,0,1,Finely shredded parmesan or pecorino cheese,Finely shredded parmesan or pecorino cheese,80,bare → 20 g typical (parmesan) × 4 serves,estimated default (~80g),estimated,,,,"[Smashed Broccoli] 1.5 lbs broccoli florets · [Smashed Broccoli] Finely shredded parmesan or pecorino cheese · [Smashed Broccoli] 4 tbsp avocado oil · [Smashed Broccoli] 1/2 tsp dried oregano · [Smashed Broccoli] 1 tsp Chile lime seasoning · [Smashed Broccoli] 1 tsp smoked paprika · [Salad] 4 Persian cucumbers, thinly sliced · [Salad] 1/2 red onion, finely diced · [Salad] Large handful fresh dill, finely chopped · [Salad] Large handful fresh parsley, finely chopped · [Salad] 1/4 to 1/2 cup toasted walnuts · [Greek Yogurt Dressing] 2 tbsp Greek yogurt · [Greek Yogurt Dressing] 2.5 tbsp mayo · [Greek Yogurt Dressing] 1/2 tbsp Dijon mustard · [Greek Yogurt Dressing] Juice of 1 large lemon · [Greek Yogurt Dressing] A couple pinches of salt · [Greek Yogurt Dressing] 1 tsp Aleppo pepper · [Greek Yogurt Dressing] 1/2 tsp sweet paprika"
